sido_2025,pop,pop_car_ess,sidonm,members_2025end,refund_amount_mil_krw,share_car_ess,members_per_100,refund_per_capita_krw
11,9281625,32365.711420646618,서울특별시,1047961,123497,0.003487073806649872,11.290706099416859,13305.536476640675
26,3229467,58585.2909758139,부산광역시,275657,16195,0.01814085450503563,8.535680965310995,5014.75940147399
27,2346277,52955.27356241786,대구광역시,162974,15777,0.022569915471369262,6.946068175241031,6724.269981762596
28,3066185,144970.4924289471,인천광역시,350752,43950,0.047280412769923244,11.43936194326174,14333.773076314705
29,1383958,33640.200441623594,광주광역시,127211,8574,0.02430724085674825,9.19182518544638,6195.274712093864
30,1442838,39990.27159403464,대전광역시,104246,9006,0.027716397540149786,7.225066154343038,6241.86499108008
31,1086373,69094.60483435458,울산광역시,48111,3685,0.06360118010513385,4.428589443957094,3392.0209725388977
36,390738,19460.01824269732,세종특별자치시,18098,1369,0.04980323962014782,4.63174812790156,3503.626470934488
41,13773918,529245.4894975988,경기도,1622908,217958,0.0384237433022034,11.782471770196395,15823.965265366034
43,1601367,110273.3131307829,충청북도,27921,1824,0.0688619867468125,1.743572834959132,1139.0268439402087
44,2138938,174174.7744698976,충청남도,47822,3380,0.08143049236111453,2.2357824303462746,1580.2234566873842
46,1771845,234430.8396521857,전라남도,32380,2077,0.13230888686774842,1.8274736221283463,1172.2244327240815
47,2492677,242345.86067717843,경상북도,48513,3400,0.0972231302640408,1.9462208701729105,1363.9954153707038
48,3191645,238549.12044468152,경상남도,279187,17621,0.07474174616684548,8.747432750196216,5520.97742700081
50,662681,77366.6892223087,제주특별자치도,19045,1253,0.11674801182214173,2.873931801273916,1890.8041727467667
51,1506662,166973.87338285625,강원특별자치도,25048,1670,0.11082371054878683,1.6624830253899017,1108.4105127759244
52,1716965,98688.83138979708,전북특별자치도,29645,1760,0.05747865063632461,1.7265931454630699,1025.0645761561825
