unit,unit_nm,pop,adult,share_car_ess,d_vkt_pc,d_cars_per_1k_adult,d_vkt_total_km,d_cars,d_co2_t,shap_share_car_ess,shap_pw_cov_rail,shap_pw_d_hospital_m,shap_pw_density,shap_share_65p,shap_wage_per_filer_mn,shap_nbls_rate,shap_fiscal_indep,shap_capital,shap_share_car_ess_cars,shap_pw_cov_rail_cars,shap_pw_d_hospital_m_cars,shap_pw_density_cars,shap_share_65p_cars,shap_wage_per_filer_mn_cars,shap_nbls_rate_cars,shap_fiscal_indep_cars,shap_capital_cars
11110,서울특별시 종로구,135935,121997,0.0377476980100199,0.0,0.0,0.0,0.0,0.0,-317.62251260557736,-528.0663520409223,-201.1249723973711,-314.4576552055563,7.913621605030702,27.161665720674826,-74.67328873565558,-122.27086999517164,0.0,-19.027966689133116,-51.11286961443268,-27.786617124322696,-10.529362216117386,1.1407546707653988,16.083272505865846,-7.824026067693669,-6.633083186191467,0.0
11140,서울특별시 중구,117305,106662,0.0003404989645747,0.0,0.0,0.0,0.0,0.0,-570.6908196004242,-465.33705460318896,273.90431033619234,-1141.5819846797538,36.512524600783244,51.390041581762716,8.110076261313703,-65.04578176485713,0.0,-36.11584422058063,-28.616931293167102,22.92856835274555,-105.36317181430158,4.077555708783586,18.93272389216432,-1.0967224994126537,-5.048238603910606,0.0
11170,서울특별시 용산구,199459,177180,0.0082387857036177,0.0,0.0,0.0,0.0,0.0,-506.34418626611966,-437.8580959411324,-80.33207002089465,-361.5486157921155,11.460085581522984,41.5876712054811,-63.51096669686197,-107.49156268975469,0.0,-39.00593798221646,-40.32705515894041,-4.15183747062528,-12.79060595623557,-4.642785458269263,19.247975754326355,-5.5548132721232815,-5.493381174837588,0.0
11200,서울특별시 성동구,274199,241559,0.0011997721333452,0.0,0.0,0.0,0.0,0.0,-583.8768486352093,-548.6853499187749,-246.3900454659496,-1210.1669401255385,-2.990265364763905,62.001596912638604,-50.3668342257231,-31.917734448015434,0.0,-37.539567154425285,-35.45059482923785,-26.242277331905637,-112.65696909838687,-7.514592073612305,20.87062431162353,-2.5164282314101105,0.4369762037199662,0.0
11215,서울특별시 광진구,330791,294868,0.0064390179140619,0.0,0.0,0.0,0.0,0.0,-611.2096513050009,-546.0868111657115,-217.45638164703695,-1237.223524247254,16.459914772396765,56.7461967998749,-59.06095580683501,112.28856177772715,0.0,-37.39562979134358,-36.15801584294642,-24.8290702475979,-115.3183692685089,-6.11431523153121,8.569489795627884,-6.735686042095443,11.025766086703712,0.0
11230,서울특별시 동대문구,353448,312175,0.0,0.0,0.0,0.0,0.0,0.0,-586.0244408998399,-539.4901602391061,246.22479695720097,-1273.3496543938923,15.106161380991217,37.430600770082236,-61.18421579755626,148.79868098698876,0.0,-35.7535530059702,-38.19620528588516,19.703201338115957,-118.82702719322297,0.3862506240896874,8.943815708850492,-6.973666469617585,15.697091253775348,0.0
11260,서울특별시 중랑구,376504,337629,0.000852365403336,0.0,0.0,0.0,0.0,0.0,-572.8538103999089,-432.9031622607198,269.8145103688416,-1232.325812289098,49.41676418602331,-78.77201128973829,53.92460877961384,-0.388254058658606,0.0,-36.2239964868462,-25.90519700474202,22.590117305513324,-116.81062394932951,4.841497960139871,-12.284801039194912,4.511560440413927,3.106925022485846,0.0
11290,서울특별시 성북구,421106,366540,0.0062885548022737,0.0,0.0,0.0,0.0,0.0,-588.057407466623,-519.1567380871026,-253.9247117560753,-1132.4079890436992,16.109965400041716,52.97860905141477,-56.60503933107173,126.24462933400851,0.0,-37.59090270773557,-32.60108621411464,-27.10717589381397,-97.73122533760468,-0.2133574172282772,7.80800515622614,-4.11968740256944,13.679804073112805,0.0
11305,서울특별시 강북구,277509,250640,0.011176723085547,0.0,0.0,0.0,0.0,0.0,-440.9276816754345,-439.2028316085898,-208.667512541516,-1234.757210644805,-145.1174455793779,-49.83480387550667,-135.37015459837207,-12.780111952342692,0.0,-27.92168546768597,-30.663500820097465,-25.742896557161593,-115.88067667485436,-13.311172777732692,-8.649215789183701,-9.565193545705979,2.617791213221914,0.0
11320,서울특별시 도봉구,297820,265639,0.0089265975461983,0.0,0.0,0.0,0.0,0.0,-391.2720322078686,-397.2639979902422,-299.9659244521241,-1006.58454788352,-148.2896046222602,-58.346236352057986,60.89305662918777,96.34799541004566,0.0,-25.496737114810173,-19.851976174508838,-33.00089682110443,-87.64517364517135,-12.485722940612323,-8.366310769881741,4.555545288756444,8.542837047633059,0.0
11350,서울특별시 노원구,480045,414516,0.0120128060118328,0.0,0.0,0.0,0.0,0.0,-408.07696315354076,-502.7122204156569,-254.2625460811934,-1217.0373812000287,106.8362097244716,64.2578413319447,51.07469677140768,-20.36482628650742,0.0,-19.651894628645646,-33.99738926648839,-28.500498427276813,-113.4430579276005,16.279920299084313,12.794554768504987,8.32886056748443,-1.1092163523305179,0.0
11380,서울특별시 은평구,452626,400142,0.0204906551577205,0.0,0.0,0.0,0.0,0.0,-415.73078808240825,-606.1145020628064,-263.5415086117389,-1236.7289844210134,56.44180089125728,51.72300375520626,55.50002485791428,23.59662073249047,0.0,-17.366865499104478,-45.52429420827914,-30.37449181012658,-115.87693065811078,6.186877274067786,1.7363100147358328,5.435129423741395,3.905443520011585,0.0
11410,서울특별시 서대문구,299492,263088,0.0085463629168548,0.0,0.0,0.0,0.0,0.0,-590.5659968604284,-408.97033533973894,-281.59724281682446,-1257.1031427885189,7.238412423535993,63.72392894333223,-55.182886059295804,140.4276379727446,0.0,-39.04971785317383,-17.983272029113486,-31.74272715391418,-116.6707339391577,0.25293214575695905,9.401831706873827,-3.665393347824817,14.472928561838218,0.0
11440,서울특별시 마포구,356008,312652,0.0115955369589218,0.0,0.0,0.0,0.0,0.0,-437.7198786329933,-555.2481190341437,-85.78000089393325,-1216.99299089292,166.6163672536797,70.68534346608295,-64.57121356813673,95.41314844888582,0.0,-24.933848115849504,-37.92290535283587,-3.9327360042640778,-115.87381651878786,25.023506667066783,22.105911452063722,-2.0880632660255847,11.571938978382908,0.0
11470,서울특별시 양천구,420127,352678,0.0,0.0,0.0,0.0,0.0,0.0,-562.5019782089745,-392.94543077296606,9.532749565533718,-1260.2617315402078,8.853500313767125,78.62505765046022,-64.5324746928828,152.10875621225645,0.0,-36.77460945541242,-13.418408814469768,-1.6839649285891154,-115.81830570319485,-1.5127671068271065,23.516210290125265,-6.977453203169646,15.565029957368994,0.0
11500,서울특별시 강서구,547821,482303,0.0332358272729279,0.0,0.0,0.0,0.0,0.0,-330.48207195935896,-488.0810341233435,67.18827011817557,-1222.1978364645108,87.79674907567052,74.85442241235593,85.39336109664237,143.59789158694863,0.0,-13.265658608730515,-32.83932380527969,3.3815505503414602,-113.64996454441076,13.45661185353278,11.185694316420847,9.713411361231078,13.555603014768531,0.0
11530,서울특별시 구로구,382302,336767,0.0059924427726144,0.0,0.0,0.0,0.0,0.0,-623.4460601189019,-596.7244980795336,-227.31153013987182,-1271.5987322745573,44.724916246384794,50.94334239266224,-44.26464931819513,172.35833683019783,0.0,-40.29172671290282,-44.071341528278175,-27.53459145432582,-119.53262059529497,3.8612276807696917,4.092322109018237,-2.6584293437442645,18.66281502627055,0.0
11545,서울특별시 금천구,222368,202593,0.0,0.0,0.0,0.0,0.0,0.0,-523.9289687267099,-274.5485957287817,-230.7102795939587,-200.70873462783337,5.014451522144271,-81.14772520851933,39.41872943877853,183.3992964313275,0.0,-41.14501509791298,-22.416811190900518,-26.81965342363186,2.4016434169774903,2.2239140970795126,-15.743864949784337,4.806650276913777,21.414570397086745,0.0
11560,서울특별시 영등포구,371420,329649,0.0074234120478852,0.0,0.0,0.0,0.0,0.0,-553.843722454727,-478.6929384725247,271.5633297166234,-1086.7992072822944,4.30176857813374,82.23771188291161,-69.55418669027007,41.403515103234064,0.0,-34.773713734740326,-27.48068813525072,23.644114878032898,-92.59565025249431,-8.169419212368094,20.233879376586266,-3.0953554374968393,6.484669540988381,0.0
11590,서울특별시 동작구,371324,329394,0.0038892643950614,0.0,0.0,0.0,0.0,0.0,-587.509633810409,-513.5804322999688,58.9079445690703,-1266.6691069496462,3.5485725066584717,55.8755251504492,-72.13504740849213,82.97094413763232,0.0,-36.488640111239874,-31.017041855888948,3.528438247489161,-119.30190399996292,-3.516828160626155,8.885824805439123,-2.6899505837058943,8.766330480663157,0.0
11620,서울특별시 관악구,477297,440700,0.0086750662811992,0.0,0.0,0.0,0.0,0.0,-593.5183332063388,-573.8811366754079,-225.04462254297127,-1289.8137450532909,6.782569578250747,-32.043317513846645,4.841714658804914,126.05756422249867,0.0,-39.62025907743961,-42.69788389598424,-27.44026006200258,-120.93546745426548,-8.131270394952285,-3.137195498101848,0.36230200486962355,13.847686107871073,0.0
11650,서울특별시 서초구,416928,344885,0.0187267138368035,0.0,0.0,0.0,0.0,0.0,-326.43482478046354,-452.1967735733729,-225.3094209934348,-149.89406479756133,167.4766157212947,43.2994848307617,-70.07290938149515,-114.04724250731836,0.0,-14.204190715143076,-32.86402928094643,-24.905432792114983,15.86796020742368,24.642207036487388,22.107047556304828,-2.7676769031318855,-7.125681364264964,0.0
11680,서울특별시 강남구,552357,457602,0.0167791380275753,0.0,0.0,0.0,0.0,0.0,-327.2403872572504,-439.59483234481144,-273.214178816223,-97.96790965493712,180.92449303803267,42.53081429223183,-70.92865925084735,-121.48588361431824,0.0,-14.29082420206362,-31.529354729425968,-28.531713465128536,21.339141178182608,25.130958684153185,20.68916617924397,-3.0202816679746953,-7.469744149633194,0.0
11710,서울특별시 송파구,649212,552239,0.0065645310354254,0.0,0.0,0.0,0.0,0.0,-559.7321277690552,-475.93895822080185,258.2793781145305,-1219.267303353605,76.62020251251548,55.306187459435314,-61.87702178916019,40.77165513108187,0.0,-32.74335961844712,-28.040971575513563,21.77470761140252,-112.52948673849623,20.563187011984112,20.55983154476517,-2.5206624220659704,4.943647119890389,0.0
11740,서울특별시 강동구,498222,422821,0.0095676905840242,0.0,0.0,0.0,0.0,0.0,-420.5951115875615,-507.2149941773799,8.716026995090587,-1260.7844756470242,8.63261418812156,82.26942277272748,-51.18249986399427,131.02878640051014,0.0,-23.270093647390915,-33.434406055334556,-2.0305003061208415,-117.14819312892999,-2.638383859697295,15.204941878610727,-2.7481460904771216,12.563947464632353,0.0
26140,부산광역시 서구,100964,90018,0.0621895028931298,0.0,0.0,0.0,0.0,0.0,-172.61102914302566,-319.0206975143155,171.79021420213988,-406.98347742680767,-242.61028301217934,-42.22384666366341,-200.30227307440867,-169.01739983168014,0.0,-11.954978066359319,-29.954981735528136,15.058149761249245,-22.742990660164907,-17.911013628419315,-5.394899902598245,-14.739514018424709,-15.563273802955976,0.0
26170,부산광역시 동구,83115,75311,0.0588321938255378,0.0,0.0,0.0,0.0,0.0,-81.51521114159733,-127.07091730105141,278.92607142402983,-212.24643852170394,-145.51032385785456,46.98047472771513,-141.71969081011687,256.8313745885932,0.0,-5.514665056137395,-15.806668183971711,26.48482340320474,-4.149789290618616,-11.957678346501275,-6.861117398543004,-10.509668100391954,27.497500778362063,0.0
26200,부산광역시 영도구,100170,90614,0.0575372445773446,0.0,0.0,0.0,0.0,0.0,-326.23268791095023,151.85349612714194,-116.27526123943551,-406.21273197381333,-257.6477533908626,-56.3955153119286,-238.27600358027158,-204.31915023802605,0.0,-17.276272347326202,8.844011836628983,-4.806286466425196,-17.36059067068582,-20.078642489546574,-20.75892494545052,-17.057837114180284,-31.307884500710955,0.0
26230,부산광역시 부산진구,364184,321624,0.0072894099455526,0.0,0.0,0.0,0.0,0.0,-547.7692015852554,-334.1638895534419,-180.7076150019443,-1001.6925972461304,35.40585628753148,-36.65150374125662,68.8733397088991,165.60797855814252,0.0,-39.11838932018768,-11.751058156320445,-23.998480005200925,-86.41278645322306,3.83856658833256,-6.526663665256616,5.283623074531121,16.063605982050195,0.0
26260,부산광역시 동래구,270512,227592,0.0029640813493293,0.0,0.0,0.0,0.0,0.0,-570.8432725148482,-433.5201496381025,281.28440792468695,-1246.0454044778485,53.347783080542875,72.40264735741353,57.013953271662366,95.50739546034053,0.0,-34.88654795464518,-25.526255744202924,24.774376851262502,-115.47376081142097,5.841706488833229,13.61679341891907,6.977867265128925,10.528893685723089,0.0
26290,부산광역시 남구,254960,220181,0.0501290858009432,0.0,0.0,0.0,0.0,0.0,-206.96191160738096,-298.92761740024577,-278.1533778744073,-369.33368773680274,-71.03234159014859,63.437590729341956,16.4896163344344,177.61734974612995,0.0,-9.443070258529945,-23.899810508215875,-30.30251301149506,-9.030051852316744,-4.276909177668118,16.03464842969698,2.187272596969643,21.332964813459053,0.0
26320,부산광역시 북구,260069,227348,0.0309172393075151,0.0,0.0,0.0,0.0,0.0,-302.2508942167148,-291.80454115598036,-84.38503391922553,-280.15112171398107,-101.25775363347748,-17.080086302391194,-169.59435550494064,-152.3155011016871,0.0,-20.43683169614861,-26.846430492051542,-4.531992085743833,-12.214210174247585,-11.70008860086825,-3.435510415435912,-14.300948864338928,-18.535849015618822,0.0
26350,부산광역시 해운대구,369727,315639,0.031757980561371,0.0,0.0,0.0,0.0,0.0,-265.09768024613095,-285.5576806983351,-288.1269468713323,-372.9038042808421,4.679166933688851,108.50912687855894,68.16586580274138,163.28018460281646,0.0,-16.47527731760712,-23.010456047383336,-32.58429769692934,-10.134907284976757,2.890563956464873,22.46918910529037,10.271990642630753,19.062344306162213,0.0
26380,부산광역시 사하구,281184,247343,0.0619593243920231,0.0,0.0,0.0,0.0,0.0,-129.00839957598112,-269.9742732580927,-277.5840094397881,-325.64898819810304,-183.7051469849754,-34.132487018108975,-180.31241131309454,-65.10896152021071,0.0,-8.27537540721295,-17.50422646664239,-28.21542591048791,-14.733022672817242,-14.080174679526465,-8.365078649373874,-13.651021820699233,-6.311993483218436,0.0
26410,부산광역시 금정구,205341,182433,0.0409987107788466,0.0,0.0,0.0,0.0,0.0,-262.11815601343005,-426.29656502470067,-30.489885180909834,-392.27769132504744,-195.64129584080283,40.22458431367621,65.68194571285619,-57.761858252257674,0.0,-15.882946524874892,-40.810899325813864,-5.8507136947976806,-20.58601295633592,-15.240483937591106,0.3634822841950298,3.493154385898671,-6.902235493514779,0.0
26440,부산광역시 강서구,154782,119214,0.1583860079791715,63.73114483855534,4.911175922456437,9864434.060401272,585.4809264197216,1405.6818536071812,174.61671440672396,156.85305829073505,-59.762192988036134,-48.619052690670074,375.10824097880663,68.27970359579773,9.376055844182778,-60.939589009035906,0.0,7.544145604815187,14.289126369806501,2.895782036233631,12.602648597172488,58.12014875303382,10.410671036386477,1.1492128281970522,4.315777260234122,0.0
26470,부산광역시 연제구,211603,182386,0.0104251449948946,0.0,0.0,0.0,0.0,0.0,-289.93635633670124,-219.05767062292276,311.69118241462536,-90.80804422274666,31.854762273415254,89.07960003069601,99.99771497103735,112.05446249038533,0.0,-19.96438122820808,-19.034450513116052,27.61450012682362,24.293737837560634,5.848215976865714,17.630923213460946,10.72920351140501,15.350085578201774,0.0
26500,부산광역시 수영구,169336,150567,0.0,0.0,0.0,0.0,0.0,0.0,-501.0987870166698,-313.1997415032239,282.2027113535567,-278.4914475443011,-174.8764412590322,1.1242996011651318,74.6397344163096,84.9575489871532,0.0,-37.70403123192371,-24.65714435677503,23.331603466062266,-5.781854978910718,-13.78416326317619,-1.9674568022794414,5.236712108164569,11.537193323023441,0.0
26530,부산광역시 사상구,191912,171826,0.0387960781640856,0.0,0.0,0.0,0.0,0.0,-257.63769922754005,-249.18401426937604,-293.18052724214215,-265.36626981228363,-183.65158795679517,-25.544283861069253,44.308724252909684,16.30879639539522,0.0,-17.926390330080075,-18.808215912942817,-31.4849180550379,-9.715250837619049,-14.432708245948456,-14.473601642881214,0.26092712690456743,6.856102017879532,0.0
26710,부산광역시 기장군,175482,143444,0.1372735585674752,47.20714038173446,3.0990687678967106,8284003.408467527,444.5428203421758,1180.4704857066226,172.98136540293106,131.03057814211792,-77.60548493508597,81.47419281478602,111.15083974045078,25.417823214068527,24.85077855657797,161.72601244960796,0.0,8.006942254217856,2.050139874593138,1.022990801182538,19.457572937006034,14.36125833153064,1.9911595566207714,3.734037630401503,22.86262324184085,0.0
27110,대구광역시 중구,101894,86026,0.0,0.0,0.0,0.0,0.0,0.0,-453.52229493587396,-291.5706934815702,309.4638668203814,-66.8526982092699,162.46628573794646,71.24277275641234,-1.9055542553694773,191.12344381266647,0.0,-30.869705575314548,-21.60615717955675,26.132456693956026,23.784080769289975,25.73774152105124,13.589872524664205,-3.4006545746509302,24.0860786827668,0.0
27140,대구광역시 동구,338699,294086,0.1030379238553778,26.697985606844668,4.190738540922723,9042581.027052682,1232.4375345458,1288.5677963550072,128.682814314531,-265.43870279915996,-91.26383027065474,-173.88975321320228,-12.824060004515943,-19.297236680335565,58.17568017541311,-47.135778026374666,0.0,5.937165977784061,-11.849137883308789,-2.145867973917415,1.7760911138683917,1.011409217546171,-1.154960727402226,4.393545074426716,-2.9387967953377374,0.0
27170,대구광역시 서구,163319,146812,0.0129417513070811,0.0,0.0,0.0,0.0,0.0,-323.30998292001175,-180.81295135401004,256.01752438078404,-268.46287814858607,-185.18484691198384,-4.521335949671137,-184.73575856502708,-65.24933955286744,0.0,-20.974716591758163,-5.505522908843561,21.798492969367302,-10.293452923154115,-13.443982070990051,-13.098559914326877,-14.412292420352413,-5.268648537845152,0.0
27200,대구광역시 남구,141722,127718,0.0057396405429105,0.0,0.0,0.0,0.0,0.0,-498.59690768972126,-162.79443272786304,289.45474757832733,-344.2427046921109,-160.7270672846456,-1.4706050199142338,-159.65293654866014,-159.90996807640533,0.0,-35.60188638874894,-14.07057777040274,27.847194693199533,-18.000525389534552,-13.496782135445374,-13.411928452728413,-13.813916002517994,-14.629570073636579,0.0
27230,대구광역시 북구,406214,348076,0.0573517442493359,0.0,0.0,0.0,0.0,0.0,-175.01288380283003,-218.27005143634574,-212.95997748092194,-255.71800690258428,121.62826321027467,-76.1404393584236,57.96421001906522,25.653666322312965,0.0,-8.192917350795144,-10.101320839243018,-23.61329084677391,-7.764038320766765,15.823591603983596,-13.162506423609301,7.264828700097523,7.684250982055799,0.0
27260,대구광역시 수성구,407570,336650,0.0395736967922347,0.0,0.0,0.0,0.0,0.0,-195.1150093459716,-263.860520781339,-54.94262688905116,-345.0146397985448,44.76782358283809,131.0022420381451,64.13005348360478,196.0258190700256,0.0,-10.453101280098792,-19.576640621315804,-0.01818159508315122,-10.55004648551124,4.458137285527453,29.12827805540409,9.217534126987452,25.245448749589997,0.0
27290,대구광역시 달서구,512577,438094,0.0220182974148064,0.0,0.0,0.0,0.0,0.0,-187.7467702710582,-206.70983247789644,42.045660138220946,-138.46406776787646,132.82959906404307,15.326214228732583,81.66400840801555,200.13342815185032,0.0,-11.000006034910527,-8.854432718609058,0.27093666822932183,11.921639819884053,16.889329782049586,-1.2456037285893122,7.074105180994597,23.46242163108946,0.0
27710,대구광역시 달성군,251789,205075,0.0790270263284094,0.0,0.0,0.0,0.0,0.0,170.1985777744336,123.18925888848841,-69.0552887114073,80.63895604129064,54.176471632408244,-0.9902732006809248,72.39440943991052,226.52671142112897,0.0,8.422608405403496,-0.17120222209578378,1.6002802651613177,19.73988666283389,22.01406179757316,0.03743713066406925,5.1264752912484175,30.522054509208186,0.0
27720,대구광역시 군위군,22493,21259,0.1793940472707179,-144.74056269154335,-7.87769695269958,-3255649.4766208846,-167.47195951744038,-463.93005041847607,191.0001769205889,220.60282741249185,67.9494949738677,587.3757908747018,-135.862071480259,-69.22137860747623,83.05103879146608,-126.67633418266587,0.0,7.523494337926988,10.433452716258568,0.27633011379245614,26.463169341020564,-23.887241996291266,-13.506043482195233,4.366891038014759,-26.07969952045609,0.0
28110,인천광역시 중구·동구,237876,202201,0.1918351268217807,141.08294071066757,7.701776822133809,33560245.60449076,1557.3069752122783,4782.334998639933,80.76668856535125,83.29135534313255,-74.46417562269296,-262.843746329083,-20.96515851729287,12.930359939420264,49.99932277957417,123.23140172227241,0.0,5.6099681968724,-7.738121605314395,-0.124838535802498,0.01155913670908751,-10.289222940034072,0.212149192621445,4.366642048700942,18.169878885672873,0.0
28177,인천광역시 미추홀구,419123,363894,0.010763015764016,0.0,0.0,0.0,0.0,0.0,-361.62705455878177,-321.28932883776486,81.25337284511687,-1060.8191216282005,119.67959613731766,-37.73696452409736,62.3573238009907,-27.038688793700455,0.0,-21.07917091156948,-7.602212415790388,3.857171159668554,-88.26718610725426,16.513209457220913,-7.9843041530094885,5.060250684208228,0.39919465913775465,0.0
28185,인천광역시 연수구,410369,330743,0.0538825779997591,0.0,0.0,0.0,0.0,0.0,-133.5466861876339,-316.6666472188148,-50.574219189593066,-114.56251218417766,451.32645771071066,125.12904241083129,-37.90142319490941,121.4886560703216,0.0,-2.6947552446518523,-22.787630227862373,2.999814734912286,8.363249854377866,65.62857963358503,29.634643057578703,-0.5797541916724963,18.632214268439203,0.0
28200,인천광역시 남동구,478603,412473,0.0220091663974323,0.0,0.0,0.0,0.0,0.0,-186.95949217753125,-301.39364525547455,-71.00411577903981,-62.98531918379315,136.42342796856857,-20.369753049095625,99.00739988062281,138.9381803115826,0.0,-11.897969059213555,-27.816720620920734,-2.8620577858240193,16.492970037219752,17.549974140052377,-0.9304922217588878,7.539201528981135,17.108517331812386,0.0
28237,인천광역시 부평구,487282,424084,0.0136415809463822,0.0,0.0,0.0,0.0,0.0,-287.47508566162514,-292.3301719667406,-197.81389967403268,-188.95619666660795,128.0944038916756,-27.37193791111733,64.5779562592285,-28.414244550944005,0.0,-13.675084728719012,-15.259403971361559,-26.788437949529857,-5.017820498606773,16.136536228875666,-1.798553091070087,6.161511203172469,-3.786430460830066,0.0
28245,인천광역시 계양구,275966,243722,0.1022804583672233,40.545673403969886,3.432308100548937,11189227.306599954,836.5289948819881,1594.4648911904935,95.46969653754029,-348.8715292487684,-267.799957256905,-444.0653791233505,111.49398905142027,-71.21152349910773,56.90103232929823,-44.51768564158306,0.0,3.196539717516064,-20.088479988580353,-25.16964064822008,-20.948249945440548,14.083104744718224,-14.90514539858359,5.426710183750126,-3.4321422629924996,0.0
28260,인천광역시 서구,668150,545946,0.1504794429036727,69.90177429848427,5.773708012829729,46704870.49753226,3152.1327947723394,6655.444045898348,153.26389332331277,-383.23353249185243,-62.81870604486192,-329.0322342882334,386.10547863738674,54.75395843844113,-2.7075589121543757,155.59385615685463,0.0,6.571093704260541,-31.422363438653235,-0.28199530206008794,-10.848818700494592,56.64618275437507,9.159495598939953,-4.361199419504249,20.22896448228809,0.0
28710,인천광역시 강화군,69541,62889,0.0785058292280487,0.0,0.0,0.0,0.0,0.0,93.18321831996946,146.92798326881245,39.04290516331566,574.861017858124,-210.19299872429653,-101.16356629299864,-26.892449321354437,-52.72137089062138,0.0,3.5664178899088625,10.827356067993634,1.5544833402117235,29.167242034277585,-24.313382944611572,-14.396187772179221,2.3614307434187536,-6.8953300092917305,0.0
29110,광주광역시 동구,105328,90980,0.0814057632091769,0.0,0.0,0.0,0.0,0.0,141.55975547295043,-341.53524219685556,-17.500981232370243,-372.3255494273658,-6.401214585327711,74.7154059285505,59.39995158254261,-56.13470478802591,0.0,7.001552912889577,-22.830382791414504,-4.199169690764524,-13.013051553843116,1.247676332106609,13.448154020062942,8.411649562199605,-4.321730137489423,0.0
29140,광주광역시 서구,274234,233825,0.0666763691243415,0.0,0.0,0.0,0.0,0.0,79.32275915504043,-303.95409409384257,225.54906880683467,-399.93602665286204,23.935978984755895,78.55446425455663,79.23757324676427,232.19314610997367,0.0,2.8860337174478454,-24.577882045136295,19.082506982706718,-11.615892712232815,-0.1308936848624589,16.185582053610688,10.65406873499383,27.531891810986313,0.0
29155,광주광역시 남구,205051,170054,0.0698948628454612,0.0,0.0,0.0,0.0,0.0,14.064302513576385,120.21045903489541,-199.08210740103107,-469.5545550515315,42.88851991666129,68.96049881450458,58.474477584744044,-70.8947038984842,0.0,3.2598821356980507,4.829887692450414,-20.783827469599267,-12.73597583977287,7.148255835475313,15.882546511594516,6.931109464595274,-4.361166003082578,0.0
29170,광주광역시 북구,416582,352350,0.0584619555806339,0.0,0.0,0.0,0.0,0.0,-129.49532537324396,118.83680270734176,159.72396581716117,-346.1821748601911,55.526435113147485,0.22700616721041716,58.22578446167487,-67.6594979479838,0.0,-4.657955487630722,10.854732298379346,16.7603302086204,-8.79664487008389,1.5562101480491666,1.0941157201001754,6.139766128172687,-6.453798388065706,0.0
29200,광주광역시 광산구,382763,311417,0.1070544205097708,46.97652317927532,4.007372657064138,17980874.941668957,1247.9639707449428,2562.2746791878267,137.1642729930148,136.20068559766293,-273.2005757066891,-433.3739016905516,364.28281763532794,45.64568673096686,73.0902275022657,195.52323415300393,0.0,4.956979282761334,7.972399864539706,-27.742079129245152,-6.031941330399985,56.41479227808086,2.9792328504141508,7.625298694134852,29.043210659312976,0.0
30110,대전광역시 동구,217981,188800,0.0432195500773079,0.0,0.0,0.0,0.0,0.0,-308.0245854250437,100.35615923829775,-97.86805142425,-339.67355846971117,15.195295861346455,-60.904721917955435,-150.42445963669857,-174.30182252693243,0.0,-14.091036464250836,1.5720351548849916,-3.3896120770148404,-14.281851594780406,4.144954196281937,-15.174030038917769,-10.98578072194448,-23.213729821975587,0.0
30140,대전광역시 중구,223664,193197,0.0345878497915488,0.0,0.0,0.0,0.0,0.0,-277.739717882527,-299.4264407196589,-69.3097611002311,-310.35150307320833,-65.45415182051312,-6.411700736721279,38.20175907716557,-47.95724632749552,0.0,-18.634755765384064,-21.897056622082484,-1.2354309007052462,-14.842146472570354,-2.2200136531241395,-1.9669330172305286,5.873718803722408,-3.6709802785739076,0.0
30170,대전광역시 서구,464238,391406,0.0158231082580232,0.0,0.0,0.0,0.0,0.0,-332.2919247434147,71.18117162735317,-269.957586658356,-454.39677461480596,206.98295630315292,71.43647249562795,-36.476219908724424,37.47341263489351,0.0,-14.590157472867718,-3.745137881212603,-27.99943575295851,-11.44553209745177,26.48710380975039,12.907304943151285,-6.556824871442175,12.000359299280102,0.0
30200,대전광역시 유성구,373361,305913,0.1957870591261572,177.72109455116697,7.783485238822436,66354125.58271825,2381.069319863888,9455.462895537352,78.23495669803684,115.74801922212313,-90.09426484293405,-120.1773566307284,366.1439358932337,108.14477214382241,-2.648849278737517,156.51206852093196,0.0,4.796676886954367,0.34919757606938184,1.108060208604107,5.793610363234082,60.00879538755394,24.441505203805463,0.3537270955769125,22.2211422891623,0.0
30230,대전광역시 대덕구,163594,143311,0.0861098826324808,-2.870713670055011,-0.5752324299800193,-469631.53213897947,-82.43713477286656,-66.92249332980458,151.60982011590752,114.67292400653656,-128.16887080940938,-291.5798697859255,56.30456364512219,-51.79051115933471,55.835738758245654,-58.5583991890054,0.0,7.8338691091281625,5.824755325216372,-1.8148758584923483,-0.17137506978585434,8.310316344263804,-6.416466108206745,5.171939261177321,-3.040170232319306,0.0
31110,울산광역시 중구,202545,172705,0.0419934267954965,0.0,0.0,0.0,0.0,0.0,-257.19227204776274,142.86173778431407,-92.5428086173031,-379.0552190974925,128.72892633808348,127.59483211987938,22.930140442292316,-53.201490215968455,0.0,-8.369330430619879,13.28823302505563,-2.9738777692610117,-13.087989658073264,15.792647726051358,27.39645919550342,4.855552130685267,-5.173898044151441,0.0
31140,울산광역시 남구,304655,259119,0.0507396699449271,0.0,0.0,0.0,0.0,0.0,-232.38567761741302,243.72323804416564,-293.6897723588473,-196.7713752242374,141.1632017836744,127.80580441938031,-17.835620069208957,159.091050015171,0.0,-6.669012861475438,18.955244486522407,-30.515937533483488,16.246114091296388,24.992622243882515,28.98106348015164,-1.2607829955849572,26.093070405540807,0.0
31170,울산광역시 동구,147440,122949,0.2277943436435041,320.5871990545056,9.178970341189995,47267376.628596306,1128.5452244789687,6735.601169574974,-56.45904077611314,149.30418912872165,-89.28496804239931,-539.714967932347,12.310306377791347,59.953235209391345,-14.002687566145475,29.850091098211287,0.0,3.735081703375116,15.213944352746099,-0.1088959304637315,-12.757337792906942,0.8296728125843411,11.698078812681842,-5.01019744128905,15.308672907840378,0.0
31200,울산광역시 북구,213391,171763,0.171851359598715,124.29220108154641,5.58106475697889,26522837.08099227,958.6204258529651,3779.5042840413985,145.5812362818395,241.15501686235692,-57.83773800316871,98.49920468776385,345.16537315964837,94.7369991542578,24.057562887546755,188.70276718287002,0.0,7.102066464008057,20.28763637528457,3.3366390547335754,19.830740918195836,58.40568281061841,24.623015249762698,2.279613849599203,29.344424756212373,0.0
31710,울산광역시 울주군,218342,186458,0.0924551691608798,14.399992745327836,1.660758207577146,3144123.21600037,309.66165386841953,448.0375582800528,211.1649016168055,223.52464696130633,-51.82784683465539,310.1137071238697,128.06574627323226,95.6719571218524,14.921191191301565,161.36363672586182,0.0,9.243672222044657,18.986102384762283,2.1457764238444157,24.655063040994513,13.281080265054124,11.512320122668926,-0.6704705734022635,27.744165133189878,0.0
36110,세종특별자치시 세종시,390738,299526,0.0734514729917794,0.0,0.0,0.0,0.0,0.0,188.83828521766608,245.94458679168673,-48.62150098167557,-408.7118096704795,418.6391729633144,111.51840675629107,-0.15198182591860165,-37.73514567346008,0.0,7.807338964884971,20.579171223593907,3.129544692197143,-10.018970638384573,61.40309463869585,22.977889123130346,-0.22078929665257216,5.730910957909375,0.0
41110,경기도 수원시,1185677,1005335,0.0308536825379556,0.0,0.0,0.0,0.0,0.0,-294.04213682219967,99.35633279857014,-94.75554070103792,-373.75948541569886,432.98915471081546,78.8765891936558,-26.031988028862205,-79.00271837528007,0.0,-14.984582545705075,-6.313497060557565,-3.440767551554919,-11.08351963346166,59.09238447398154,16.8593666275476,-2.6307180169858193,-2.622036359617013,0.0
41130,경기도 성남시,899806,765962,0.0519308972155519,0.0,0.0,0.0,0.0,0.0,-166.94064893993016,-349.14958107829153,-87.48311848427402,-385.2643266916863,3.294619958018809,63.07165496128375,-58.919025462677695,-116.73904746048646,0.0,-7.105664638508018,-30.265838187853436,-4.857722835558435,-16.147951130782296,-8.395106117179278,22.047358886285604,-4.155353607285229,-5.408052119532212,0.0
41150,경기도 의정부시,461977,396417,0.0564627141400075,0.0,0.0,0.0,0.0,0.0,-182.6739440198647,-349.4845573098493,-308.5076399043278,-260.1564174048437,20.068174855625525,-77.19355331434292,59.68769962851523,192.58430206173665,0.0,-9.24070536304274,-33.11094921504111,-33.35810328091621,-8.696046878348369,-0.9581984019934929,-13.678239569624127,5.617086579510059,23.091473943527042,0.0
41170,경기도 안양시,562007,478388,0.0440853655195759,0.0,0.0,0.0,0.0,0.0,-202.37507713313937,-373.0209744177199,-280.53093996023887,-133.45858836135505,1.3066524233952241,51.33398217409658,-76.03277241341901,-120.52331055308296,0.0,-7.976973615538347,-29.129716978347414,-30.274452405906683,16.200143177677056,-8.553083001006396,9.604518892545993,-3.7282639482057527,-5.065502992012558,0.0
41190,경기도 부천시,754159,655793,0.0127660361984693,0.0,0.0,0.0,0.0,0.0,-337.0852930452558,-364.7661956179585,25.952991257092656,-982.7957229966079,103.2976974037235,-1.934948287150305,-41.839080698783654,94.46831914144613,0.0,-17.77135152797015,-12.880879621106434,-0.24918408476566145,-84.34193242234454,14.649124479879767,-2.147542958053788,-2.9615368835083205,9.146282812395485,0.0
41210,경기도 광명시,303641,256575,0.0334569155521809,0.0,0.0,0.0,0.0,0.0,-260.9881076535573,-367.68190424416156,-285.4969623425853,-270.1642050084295,136.24153092720766,54.58306946150146,-67.39847821521015,-82.35582786779966,0.0,-16.09082953857165,-29.964634338092242,-31.86268886866862,-5.701690041968029,19.936510748389857,10.025094082755349,-4.2113163382708105,-1.41337818071137,0.0
41220,경기도 평택시,622663,516741,0.1207138666607577,68.10804939820446,5.4830606380315885,42408362.36243418,2833.3222371570814,6043.19163664687,158.11715508937291,158.03370720291252,-61.24107745556619,-126.32804837097402,375.1597505137958,75.49352977767377,-0.2974244243111538,-58.00992049265596,0.0,5.957201109733909,14.16807705395493,2.5007409061109627,4.590631570173356,58.55378676566985,10.729466819161914,0.5539181689767515,3.7092010617914477,0.0
41250,경기도 동두천시,86168,75448,0.165054658723454,-67.39036212224391,-3.573606026629932,-5806892.7233495135,-269.6214274971751,-827.4822130773057,165.61450924665294,-348.59679939905527,-93.07591671233172,-66.03212308198533,-110.19595011900911,-25.96500242189752,-190.2972851477237,-58.73914010693132,0.0,8.235267256044237,-21.322299392282922,-2.541899942175688,0.9304669491855585,-8.540713324119048,-13.51311130278711,-14.890049584462474,-4.283985234033758,0.0
41270,경기도 안산시,608487,528657,0.0632789800178225,0.0,0.0,0.0,0.0,0.0,-111.46714847300937,79.72926112416793,-85.38081448324783,-339.015457513318,153.19136896537208,-16.91867138941058,53.35169820535012,78.93507759702214,0.0,-4.730346400285627,-6.985345404626073,-1.7186479769272944,-7.33666043915221,20.929710807692732,1.4610201245927024,6.263416679620884,10.952155237761543,0.0
41280,경기도 고양시,1056589,902330,0.1090015929758564,68.77451370290055,5.015409509890844,72666394.658834,4525.554463059805,10354.961238883845,141.11519083126336,-423.0950047994556,-98.82046183155695,-396.3219387039606,-11.9093922894342,47.79625056941649,-52.77517248962106,66.74544774532295,0.0,6.379193575222261,-32.980499438796045,-3.5235803615441106,-15.437203427810879,-11.583042199365206,6.366003006242398,-3.2827241777731313,14.672859394786514,0.0
41290,경기도 과천시,81107,64680,0.1015537314468473,68.86057374836764,5.156002369134285,5585074.555008855,333.4902332356055,795.8731240887618,130.41165327518712,-424.94835491372777,-61.784673669962324,-303.3626852435038,304.2636462679668,46.17306958789426,-40.349115182081604,-89.28909297165134,0.0,5.129580032678143,-32.470825300423705,0.9904114002309575,-7.691780668462875,49.20071071911633,20.006468008302274,-2.761601530954932,-6.943451589037159,0.0
41310,경기도 구리시,188134,162025,0.0754348318452352,0.0,0.0,0.0,0.0,0.0,152.65384822993704,-402.74940155238306,-303.00262493731304,-473.7788704409041,-9.653257410442398,53.40764866005684,-66.70390190350525,118.8853671424124,0.0,7.23791460025915,-28.44854257970886,-31.14457592269148,-19.36939463600608,-10.603774210892832,4.104256300791542,-7.055995946916875,16.37637267441548,0.0
41360,경기도 남양주시,727158,604732,0.0636934796001366,0.0,0.0,0.0,0.0,0.0,-130.67061940933783,99.82727939604439,-106.40817473370619,-188.09958465324883,-2.267910929885702,-5.240138268618316,-24.517532839894507,126.20572403087489,0.0,-6.481512801863598,-0.5718393427489642,-1.4235208901067835,-1.0254294013979166,-9.97607633139127,1.9750010661659436,-3.407707492551431,18.090039958608862,0.0
41370,경기도 오산시,255303,209864,0.0576787020138338,0.0,0.0,0.0,0.0,0.0,-245.78533767602727,120.49589086584395,-103.02362870726843,-117.9089216728509,407.89812310565634,66.92943517811493,-16.218321021130944,131.3246999803409,0.0,-6.568837395346188,0.7858993093163461,-2.7711430027753288,2.0947065231168622,62.29110547952726,11.002509091495766,-2.2484787886288564,19.645669582372417,0.0
41390,경기도 시흥시,515337,426555,0.1344773246424731,50.116785869412524,5.005760751264688,25827034.07958544,2135.2322772557095,3680.3523563409253,162.24268352412727,136.09734223247196,-91.89929355427118,-440.551173254422,406.1035395808512,4.211319791409078,1.4112764733108876,-55.985887434705646,0.0,6.8008724370411535,1.8272137253785896,1.9877602338510552,-11.2273107806162,57.275697792627156,2.0377010336524743,-0.23882579240736337,3.3065243283457795,0.0
41410,경기도 군포시,249066,215544,0.0195845565895163,0.0,0.0,0.0,0.0,0.0,-329.45343473978085,-374.0979100487603,-284.61320887498323,-383.4698087153462,17.325491721711995,55.35828200606265,-74.37765302214311,90.45386236015473,0.0,-17.269884803344436,-31.28990097669202,-30.52468400542535,-16.815186136772358,-4.134655491231462,11.487259659282374,-8.566729162523892,13.48918552805033,0.0
41430,경기도 의왕시,166540,141281,0.0892242579886186,20.18679630899169,1.660758207577146,3361909.0572994757,234.63358032470677,479.0720406651753,172.74410799697236,162.18445677429818,-107.57873423470107,-310.10435449572566,-24.986111900896557,72.15877016648346,-36.087760894290525,-72.47140125618604,0.0,8.67357425755497,16.22157330720067,-2.6143564450202574,-2.6596905693575086,-9.144201611796145,8.886904897529623,-1.7478458056515866,2.4048966769550457,0.0
41450,경기도 하남시,327389,268074,0.0478162337361491,0.0,0.0,0.0,0.0,0.0,-214.10528755862467,-304.28571478887886,-266.38656665618964,-311.7896447951502,280.92660758622,56.37070421136099,-50.140952510549766,-103.27092033022461,0.0,-7.082700809450138,-27.903570795776982,-28.750263942019803,-11.21370901575526,31.024237554567396,10.447044467287032,-3.6735172607391293,-5.738903982439388,0.0
41460,경기도 용인시,1091437,898545,0.0936013803327953,56.08921927150459,4.149339015043381,61217849.21403316,3728.367825272155,8723.543512999726,141.99205033489892,-356.26586181392474,-76.45818209345138,-206.57480591487735,231.98523781458437,101.64577436837165,-36.865968202101456,-82.65734995906818,0.0,5.998399179447745,-29.20484068510128,0.4556849660390207,-2.838042827201029,28.604511765476918,20.976741944504703,-1.78170608156025,-5.620002695557064,0.0
41480,경기도 파주시,535692,441349,0.0650775765797115,0.0,0.0,0.0,0.0,0.0,45.821101226684384,105.24796341063708,-110.75150854627691,-447.1873313978277,189.01355491561927,9.359718649667034,16.201123799248656,172.3570310488589,0.0,3.259552763810657,-0.49040687750612455,-1.2206731474393633,-11.518086301592056,24.088829152159295,1.491682482494525,-0.768387446246088,24.303346004841934,0.0
41500,경기도 이천시,227032,190563,0.1729351087979087,126.69267587342438,6.290650045412804,28763291.588895284,1198.765144604,4098.769051417577,144.2340182264295,257.10160602241064,88.55762276062926,82.55079433007012,11.43877164972161,75.05176856895889,7.457710596257573,-41.96141083092898,0.0,6.857894490933248,20.68595997984857,6.677148466977063,20.333658312594963,-6.695182645589932,9.241105027380316,0.7978336344452691,7.789519711788208,0.0
41550,경기도 안성시,199484,171184,0.1714749356711315,86.60593936862188,5.257767466499217,17276499.209010165,900.045665985202,2461.9011372839486,168.9303099754562,197.68772866907074,102.10875217816543,294.2570163930172,129.55439769672972,-9.932985416500111,33.77164174137458,182.9765579649414,0.0,8.414393426893142,19.741029443282333,7.070694995069316,24.72103211931591,12.912704541505489,1.1475839241593235,0.9132789349175365,27.369489267421766,0.0
41570,경기도 김포시,483679,391425,0.0681631706102814,0.0,0.0,0.0,0.0,0.0,51.650088689426426,41.60527702930447,-86.25997043050891,-269.7403432321669,245.4546573595218,56.8335838680354,-24.81005964422077,-15.57470399979974,0.0,5.711219160506683,-8.1634450478884,-1.3113792297437965,-2.184843548089645,28.106683013877987,9.08691098197947,-1.0482493063809766,3.703396788663318,0.0
41590,경기도 화성시,1000464,794113,0.0728351065625172,0.0,0.0,0.0,0.0,0.0,181.80115069553258,197.1750904605139,-54.65154455713296,-261.52335074313476,397.4355521761452,116.30623309361846,1.4860862195515911,-43.99944668543044,0.0,7.987865501913523,18.981737294450973,2.7866331096283234,1.1436952290149978,61.13737189315788,23.473447772736044,0.17126304691370206,3.810702770036893,0.0
41610,경기도 광주시,401246,338470,0.1842175292048935,129.32108465735746,7.274604568779296,51889567.934426054,2462.2354083947284,7394.263430655713,117.54287579465367,213.32616432911072,97.93384662925067,-82.9893779163533,-12.343256954896054,-0.38877107559994767,-5.964554539992048,101.43685196955049,0.0,6.6414930696398065,18.489719760865864,6.4915473844530265,12.134460088085584,-10.74566366024343,0.6744363155223727,0.47027725070327653,22.83988578859867,0.0
41630,경기도 양주시,297605,246230,0.1348660654228838,32.565393181133004,0.7137929935855709,9691623.837671088,175.75724881057513,1381.05639686813,168.52620134215297,158.57556557585633,-72.39700671234684,-153.02859103143416,-11.474448817624031,-77.86883738658163,57.547833823694425,152.89395650521425,0.0,7.909381709704664,13.497043308840901,-0.7844477014803521,2.5548387793744505,-7.363854621483922,-15.13461403166956,4.854500531875418,24.81296525902081,0.0
41650,경기도 포천시,140397,125342,0.1736236968667993,31.046444568176412,-0.7255096939493342,4358827.678038264,-90.93683605899744,621.1329441204525,168.68219973874008,161.72634225270568,145.7221811140718,301.2344119729381,-21.574198524121485,-26.46017343615096,13.465598333291757,278.450014375546,0.0,8.165193785269112,15.669210348229981,14.333162645360975,23.240415508324723,-3.655231911296184,-14.590531913651454,2.05744052510998,33.63201927202337,0.0
41670,경기도 여주시,113348,99527,0.2729597270262512,252.7715826537642,4.1682261358738515,28651153.350638863,414.8510426251168,4082.7893524660376,17.11580627143452,220.98915164359573,125.87314510773405,308.0027566485479,-20.47893200473436,-71.34962686403324,64.18744513808407,268.95396294270347,0.0,5.9569232592444115,16.816459639102394,11.079820935760821,23.688342004653,-2.245367886725537,-13.31230967549359,3.4766851248988466,31.022090532200355,0.0
41800,경기도 연천군,43143,38556,0.1253767008954972,-94.39503713452905,-3.3814345097725322,-4072485.087094987,-130.37458895878976,-580.3291249110357,198.3919166217124,153.72991914482904,50.489643068038816,530.0433299504003,-34.961232895680396,-66.5965823957517,11.636985112936312,11.351205714599518,0.0,7.611511513027133,2.8574201263509873,1.6386445574043926,29.871909646515387,-8.055020168344322,-12.388991729033265,2.15738711046817,-3.9925653884994006,0.0
41820,경기도 가평군,62046,55591,0.17407457647064,21.633247783632214,-2.613508600680916,1342256.4919832444,-145.28755662045282,191.27155010761234,153.0865496592041,168.79850679007328,43.07659627190933,306.849139524652,-83.71797319623211,-74.47825763241687,7.848341447147837,129.93571066419457,0.0,7.1126997353765535,13.304264498156659,1.6723295201783754,22.886287758915284,-9.778374165954208,-13.732633478902855,0.5301812326178578,12.595145031136198,0.0
41830,경기도 양평군,127137,111646,0.1192343223588061,10.42001922975578,0.7665646414005778,1324769.9848134606,85.58387595380891,188.77972283591814,176.3719791996575,152.1737097458231,48.478643289604776,324.4363066363822,-102.95377530308934,23.328102693646844,11.713714586967427,138.70232434639993,0.0,7.548517492085832,2.2938852821359665,2.5554941657042503,21.34190970540546,-9.913892566590818,2.060762353696576,-2.4853076699848713,13.992909856868868,0.0
43110,충청북도 청주시,860215,718573,0.1012536501934746,65.454316179731,5.841868152648203,56304784.5925473,4197.808724052878,8023.43180443799,145.5647503673124,249.41554125803432,-101.97376769383798,-226.0399227479361,116.95045104420197,81.17299621533381,-2.2474620658670608,85.24067908563275,0.0,5.2949807622120355,19.906176572015042,-0.09761996900133263,0.08837894445073444,18.99071069015109,11.80655708398246,-2.1829858419945025,19.443238379979057,0.0
43130,충청북도 충주시,205691,178113,0.1472412053414699,27.364217905547775,1.4731377752756316,5628573.345210028,262.3849885676686,802.071701692429,189.74560138854937,226.9335804629796,-78.86973983321442,63.99279546668556,-32.77285342974111,32.49251324981171,69.34740617779595,86.48145042703916,0.0,8.707150943522729,16.260568941375492,0.5854181093175714,16.782596343621485,-3.350206042900624,2.72765573325199,4.153978606199763,14.313599551251672,0.0
43150,충청북도 제천시,127898,111286,0.1781190991898966,12.749686027032112,1.5699374149260734,1630659.343485353,174.712055157463,232.36895644666282,147.13721594100468,154.48277930795055,-82.08703023421552,213.998610483614,-107.96431893115574,-23.541821006586545,5.203198810332322,-39.03240830174759,0.0,6.41946323386716,11.743594153526272,0.6986857737747236,21.11026715975943,-5.127596703815251,-2.4127637396240944,0.709927215308545,-8.749304482758516,0.0
43720,충청북도 보은군,31549,28820,0.1440910778845838,-155.77059582594939,-7.135070418405917,-4914406.527712877,-205.63272945845853,-700.302930199085,198.8609849837733,155.67856403789514,51.49785117174191,553.4066176016294,-135.50081112724615,-72.20030043180743,-24.426865043660328,-139.89529354426935,0.0,7.942217700788226,10.834142863862478,4.0133854023314655,25.155135163957613,-22.334364627972057,-12.912469641986348,2.281926361689075,-16.03539653192257,0.0
43730,충청북도 옥천군,50730,45592,0.0936359441607335,9.315595600712186,1.4233061765107777,472580.1648241292,64.89137519947938,67.3426734874384,114.31241521058851,146.05445507450196,94.33148733053316,326.5493529462087,-143.16728623811784,-70.57321110490899,9.045828338063535,-165.40611433429171,0.0,2.5075164203774882,9.027294667530743,7.987038404779973,24.808299203297224,-13.65793866460945,-13.323902379292308,1.6412883121446018,-15.713656835954266,0.0
43740,충청북도 영동군,43089,39165,0.1270909821385646,-108.79323835024388,-3.6122256924505223,-4687791.847273659,-141.4728192448247,-668.0103382364964,181.62434441713256,147.89214534027153,37.33204598334361,373.85774768132023,-193.8981880984828,-74.66322257808426,-13.56041629455762,-159.74359205448522,0.0,5.5996042950285725,5.644235995606192,0.8520114220236692,22.823786629887763,-23.345571254471086,-11.784270936422399,3.0300441086016563,-18.091245281628453,0.0
43745,충청북도 증평군,36777,31241,0.0882867374101871,7.137467599862248,1.0855257775972404,262494.6459201339,33.91291081791539,37.40548704361908,192.99440111358516,157.41543456750495,-57.69375977487596,338.1729585718615,94.1552675896364,-11.309907732766566,99.390319774487,137.79736602755216,0.0,8.527087577903831,13.172282248661585,1.9021920481858339,22.879169118083922,9.237249454886888,0.06437963247911314,6.852769142578964,16.190323085467696,0.0
43750,충청북도 진천군,85649,71719,0.0801123074685512,0.0,0.0,0.0,0.0,0.0,196.48964502836606,209.1453382112208,148.02982921138832,349.97741706294744,157.00010393991204,37.86824539183094,39.139972021652675,224.85755589843214,0.0,9.942276448100241,20.15582126921834,16.722329225029366,27.8996536532357,15.066961268554858,3.90149626499862,2.85075793790283,29.615347534537626,0.0
43760,충청북도 괴산군,37174,34462,0.1558213608921821,-178.56915739174292,-8.758416058030889,-6638129.856880651,-301.8325341918605,-945.9335046054927,232.14109402075312,226.95792352782038,49.10239356216346,623.3847622661017,-135.82543179587987,-60.301872496901794,98.09824562357629,-42.227763552399075,0.0,9.271170603281236,11.655613099062743,1.742938671007073,27.40990032250727,-22.065211070822333,-12.536901654874427,4.7955798704840005,-12.466528215092636,0.0
43770,충청북도 음성군,96114,84525,0.1435530393337896,-43.29633416267188,-1.4510442518287618,-4161383.8617110453,-122.64951538582609,-592.997200293824,230.88689967470583,246.4709840378456,139.2283144601943,741.1738211410459,78.96484007321135,-23.795489729969088,101.26083503614929,314.9983744421655,0.0,10.248193743883807,17.92229457030729,11.609692243618568,36.86856704105608,0.5237320245555356,-4.4503567848919205,5.26413864874835,33.36892793320798,0.0
43800,충청북도 단양군,26481,24300,0.2283429842328165,16.796159363152583,-3.1382593775802547,444779.09609564353,-76.25970287520019,63.3810211936292,58.787021108127846,215.11262338020714,49.07581956465235,411.27532490231545,-136.44823412432123,-91.73287291025065,78.11938111356764,-64.65760890789355,0.0,5.45073791064314,10.921510742757128,0.44661833547066787,22.87887985671826,-23.90206996468847,-13.584940093620895,3.72213759507703,-12.977582601642164,0.0
44130,충청남도 천안시,666584,556314,0.0907964742268252,24.192752990097688,2.537788286260593,16126502.059151277,1411.8071526827755,2298.0265434290573,176.12416038680826,136.69012662547914,-89.12375672023964,-189.85322290375325,381.26220743952297,79.43805561724218,-10.410729193137175,83.75157187518181,0.0,7.567977141167169,0.36935854167203847,1.1617428179474474,1.8215045079085272,56.006868376612694,10.560544051177498,-1.0154453806524615,15.771296843781357,0.0
44150,충청남도 공주시,99481,88337,0.2301632796682029,108.52752181519372,0.23971478298864213,10796426.397697287,21.17568478486768,1538.4907616718633,31.597775749962363,202.5866088199146,102.24971715601625,259.9891594076177,-82.18836322509253,-69.25588511591279,71.11711473284944,-18.817644508121774,0.0,5.432999080973675,12.16881701207163,8.00812545448762,19.696862794450986,-9.577004717124218,-13.24688019560201,4.577676539057348,-7.401336711340003,0.0
44180,충청남도 보령시,91035,80490,0.1895200974420036,-7.385468303410562,1.947351847447635,-672336.1070009805,156.74235020106016,-95.80789524763973,147.0027566196948,208.14892772250403,139.24138118640607,257.0418643775474,-93.44947244528787,-24.608027194857225,9.2030859685417,-21.07660975888261,0.0,6.641048627525728,13.719222813990637,15.20666211351418,20.6428717712862,-10.143899842869258,2.4124948449021506,1.4050005578307596,-9.060369934780379,0.0
44200,충청남도 아산시,365299,295504,0.0877221763629628,0.2738896945529632,0.0,100051.6315305029,0.0,14.257357493096663,205.07304602501665,158.14755132085443,-54.202927724567886,102.55055348071,361.2142943390886,92.75181119796599,31.370826328429146,109.77562332825957,0.0,9.742200975991539,14.215468813424817,3.126103196755566,20.53647847875453,56.54412887953645,12.585218026781435,1.714727610887221,18.945229094313092,0.0
44210,충청남도 서산시,170780,144328,0.2231475710609093,374.86739712455164,8.513052056918013,64019854.08093093,1228.671777270863,9122.829206532657,-23.468674089160338,193.72055967060493,109.77043461952744,298.93737668224963,87.81707541454769,84.27196577972744,17.358236237290406,260.33132519218583,0.0,5.596005960532594,18.298989143987626,10.504420778943002,24.128519106236197,7.258497229466565,10.237664056159627,1.7262080087337102,31.688694033313688,0.0
44230,충청남도 논산시,105655,93058,0.1714554424792069,-135.494580784969,-10.240792296052234,-14315679.9328359,-952.9876494860288,-2039.9843904291156,193.59577084617464,141.79273817280725,131.10554911785655,273.05374560890334,-88.46588984612147,-47.30408819272548,-22.219842446571846,-80.62699875122976,0.0,9.034276801866667,5.854527382823627,14.155019632965365,19.715520724287295,-8.775484860310206,-8.515374499578193,-2.911575205481036,-12.17497799005883,0.0
44250,충청남도 계룡시,45937,36766,0.0874539673351838,-2.870713670055011,-0.2181164102252069,-131871.97386131703,-8.019267938339956,-18.791756275237677,207.67633742472196,191.3954067484723,61.56643468927536,275.4666044024458,316.7576057066212,117.52278002059934,23.24968902049643,83.81902233706364,0.0,8.975696993318973,15.369804257357776,5.479055673107528,21.563164412120774,53.266397674700166,14.023353389490206,2.0092434548866844,12.181839380640891,0.0
44270,충청남도 당진시,172423,144526,0.1598379225785321,68.54232650229733,3.039329153096787,11818273.562505612,439.2620851804662,1684.1039826570498,217.4753868651737,261.9751653836013,143.68668900655166,277.72877014434897,92.41977904836487,106.79449993279262,32.130678865083006,228.7063618735722,0.0,9.878849369388545,20.474548420486254,16.278770465356434,24.827227666602408,7.26226187772978,10.601570457930478,2.021078724513499,29.06233445366368,0.0
44710,충청남도 금산군,48749,43442,0.1073883086663399,-54.80982854980175,-2.6888626917917122,-2671924.3319742857,-116.80957305681555,-380.7492173063357,149.2517560372221,156.5838919549065,103.80505571523351,290.39713182192344,-176.9055643909898,-44.75496129527309,5.363541339933571,-100.15615769204452,0.0,5.247542052802609,10.731400361492069,10.487047293164357,19.861460869769342,-21.503444477530923,-8.036059139834125,2.384030202762373,-13.269578486380214,0.0
44760,충청남도 부여군,57591,52390,0.1466647481703246,-149.47559596482552,-7.9375270483078,-8608449.047210267,-415.84704206084564,-1226.703989227463,194.512379842712,154.66883837837057,39.60284411442369,530.6373280524679,-130.46839554908362,-47.7839054023431,-5.14979170498853,-162.93482395263004,0.0,7.194396185013322,9.938627665299457,0.7807682162956329,25.13482534694518,-22.020623944015764,-16.705173763965607,0.6487721823494769,-20.129911565278544,0.0
44770,충청남도 서천군,46589,42536,0.1654722732190022,-158.00657203358332,-10.368441617446138,-7361368.184472614,-441.0320326396889,-1048.9949662873473,204.32895681858295,159.3577439839358,53.86938799938308,540.2830913628436,-133.03873135544137,-59.07267827529207,-6.1765704260414,-159.83328968645876,0.0,8.580620743143617,9.46265822760744,3.664059818590931,25.14161701182308,-22.016411801151087,-11.88946188572125,1.5447523581328775,-18.333195067290394,0.0
44790,충청남도 청양군,30010,27344,0.1165267547248121,-67.2431139835162,-2.5979036795761203,-2017965.850645321,-71.03707821432944,-287.5601337169582,148.58026759801396,172.51846555531384,33.09440551984242,566.4213442929561,-150.9231380423682,-62.845031501136006,31.273191824410336,-165.9532346581297,0.0,4.428537575258176,9.766468682329023,1.0042846418539042,27.19515167222931,-22.41906919254413,-12.385948413930704,-0.9853648847338475,-29.14001572672208,0.0
44800,충청남도 홍성군,101814,86272,0.0885908383713415,6.908632690509876,1.0855257775972404,703395.5287515725,93.65047988486913,100.23386284709908,178.0620311353588,239.53685183676106,130.21318629225559,342.66072727667427,-36.2321401239007,16.82345110047958,28.99503491805541,-30.951846695498535,0.0,8.034413933819764,14.781998671115565,12.499465681906457,24.738001059502928,-2.2867417963571994,2.377590502623182,-0.5584514198657188,-6.824164360664093,0.0
44810,충청남도 예산군,78133,69642,0.1127531977279752,-49.61910674101364,-0.5496104535653785,-3876889.6669956185,-38.275971207200094,-552.4567775468756,177.32708508687452,154.93555940641767,110.80415116404546,449.9590801089037,-117.02181821490966,-17.642178847063185,37.46052713871613,8.258316357216504,0.0,7.252616227092597,8.62060101211372,9.47748439711511,26.086819771483455,-13.265959646857496,-2.824147103253083,2.1955536356167964,-4.288522059772921,0.0
44825,충청남도 태안군,58858,53440,0.1180831745950089,-64.64256820990158,0.11850134874981677,-3804732.2796983873,6.332712077190208,-542.1743498570202,172.83113178024794,163.81545209924806,34.08940513290912,599.2804380930917,-221.5971094405853,-21.786665636278478,69.1871168816415,17.947157765110685,0.0,6.837659747745799,12.445089050255692,0.9150951253919932,26.371525146077392,-24.016444045187328,-2.191001438412886,4.096393237896933,-5.967348305757137,0.0
46110,전라남도 목포시,198981,168603,0.0657240868508797,0.0,0.0,0.0,0.0,0.0,-1.445297110513986,146.55490556416154,-203.9716611095395,-230.8675391554109,48.10562595961255,-97.37065223097058,-223.36023991941258,41.23263265392432,0.0,0.05408873338227918,13.310242141464965,-22.17403442252174,3.3501463736467763,6.81379691092023,-14.6281212075634,-12.551997289262866,14.929150273631342,0.0
46130,전라남도 여수시,259857,222579,0.1237044301503763,66.14485619525658,4.849042522416539,17188203.89633079,1079.2950355969508,2449.3190552271376,175.4331424097646,141.2907111061415,-76.47734494450772,-66.65540943854629,-48.34079344391285,81.96399402961306,28.924364878809293,166.82810516631088,0.0,7.350050074918607,12.985289082361406,0.8335132372832232,11.793153473093442,-3.2970313595926664,12.356399092287806,2.5860699473150723,26.273484854723247,0.0
46150,전라남도 순천시,273399,228183,0.0904627138748128,11.914841641921157,1.660758207577146,3257505.7900596024,378.9567900795759,464.19457508349336,188.0645119627729,200.23264515842433,-66.63101755021934,-56.636217950887165,99.45653697009705,90.23209069087221,-8.29767318276807,222.9883250173149,0.0,8.6568462788557,16.52713689597897,0.918296226514751,11.322179452736824,13.511725983687185,11.42188607637738,-5.859329214822482,30.01593951175513,0.0
46170,전라남도 나주시,116667,97888,0.1195517139290485,27.328269733066918,2.820084297975882,3188307.244947718,276.05241176026317,454.3337824050498,193.5502755956193,231.24524774488663,92.38837936090528,270.26876274919874,35.35221562496709,22.519216363271315,73.02810533153301,103.55375523418815,0.0,7.795051550118577,16.404081035194544,7.054004230705155,21.746097951192116,-0.14536186362081577,2.0851073151361805,3.972575236761406,13.23454408108352,0.0
46230,전라남도 광양시,156052,129521,0.1647077733014722,90.88615633739755,5.908123025876762,14182966.468763562,765.2260024345841,2021.0727217988076,171.81584170810555,242.7436531395835,-64.91121059929928,89.43879322032754,116.64368113242338,97.43627963902517,34.48719137160153,231.32506540155106,0.0,7.086159786416024,19.45057377120328,2.4835038912517566,20.44771353483646,23.4836937147905,12.52208819652374,1.7914002429154845,32.84728130760386,0.0
46710,전라남도 담양군,43880,39508,0.3884412449244475,17.694161747677754,2.603689793109993,776419.8174880998,102.8665763461896,110.63982399205422,75.82699863922022,169.11022259074372,134.43221577578387,704.8149080711028,-69.97898591617141,1.2246847008309685,99.42855169904584,21.166486837040992,0.0,5.828410169627745,13.131195329598413,14.16611755219199,28.86578588687859,-12.84704180934821,-1.3002946635850678,4.867119666153948,-7.101450188671687,0.0
46720,전라남도 곡성군,27686,25325,0.147951419765287,-155.77059582594939,-4.330366464342546,-4312664.716037234,-109.66653070947498,-614.5547220353059,212.25199872346852,219.30433147163978,49.21130844939191,540.4844330405832,-185.07619460801877,-15.058552343216945,-8.374303809351906,-153.0616977789403,0.0,7.081226475148455,10.72790346112619,0.9455400224827227,25.17056469132999,-23.96615362453652,-2.794386642764911,2.671472712978691,-27.78538639562707,0.0
46730,전라남도 구례군,24627,22404,0.1599862741586233,-126.31819174916473,-7.05043916032065,-3110838.1082066796,-157.95803894782384,-443.2944304194518,205.46880129079884,203.35200782634186,45.22079647023109,392.58969860215205,-183.40723833723877,-80.6393496314482,4.51166401877744,-154.69377127738701,0.0,7.585215769684218,9.81033216819909,-0.01444070188724127,22.73882970033959,-24.074099853501988,-13.409716521930592,2.160484279073934,-28.088857927029856,0.0
46770,전라남도 고흥군,59011,54244,0.149830583532504,-146.0920343252883,-7.70428703552318,-8621037.037569588,-417.91134595491934,-1228.4977778536663,189.0457150738424,147.23962527022255,63.10499952744172,537.1286124357914,-129.79329488967645,-45.527948482405876,-202.99685936123404,-177.03738448913055,0.0,6.836571458546038,8.867467948316978,-0.38089335988800455,24.17482098776372,-23.085782285254187,-17.79134884314794,-13.467041126239478,-32.553384122171245,0.0
46790,전라남도 화순군,59860,52928,0.1788329985133937,-50.329969776017606,-1.3498365073351692,-3012751.9907924137,-71.44414666023584,-429.31715868791895,170.50465524283376,153.86759416162724,114.66569679152246,283.0535255313304,-84.63133019339267,-58.71934413100187,73.927275469632,-6.275789295221819,0.0,6.854632463482184,10.40280420189599,10.958466751462039,20.003323056457496,-7.449836378217901,-13.035087083743583,4.131659806528544,-7.722128644896936,0.0
46800,전라남도 장흥군,33877,30421,0.1158116108339415,-79.21943908753838,-3.996944605839019,-2683716.9379685377,-121.5910518542288,-382.4296636605166,155.77776781451462,209.60231046617778,44.93239164605962,531.0273023788147,-216.65515495303762,-70.77302668747687,12.354050392774084,-164.0868848298647,0.0,5.151709685536155,9.648513390718598,1.2307748218015124,24.738360126046846,-23.509801342786023,-12.563388797605228,3.1299761042217966,-29.21961743379794,0.0
46810,전라남도 강진군,31603,28204,0.276534987878286,-77.64918861613478,-8.092303716976062,-2453947.3078357074,-228.23533403359284,-349.6874913665883,93.510858166786,200.97090327090578,39.71759560378777,548.9581403251374,-187.0946097362222,-58.973046790398165,24.048465750202034,-158.59350062485362,0.0,6.593429462225584,9.6773594013851,1.329000550930281,26.13884887364419,-22.982349074162446,-12.328551624997518,3.260265102101607,-28.17303202995155,0.0
46820,전라남도 해남군,61883,55282,0.2066337567617343,-74.81059837623525,-10.394931621383193,-4629504.2593165655,-574.6526098933057,-659.7043569526106,89.27868951541033,193.04265666737498,40.310515679409484,555.0647697910757,-198.5419198464677,-32.78813789980887,-2.7849812118400807,-156.43937072405248,0.0,7.9172986580248015,9.604310281543356,0.551063807680049,28.473464013306394,-22.778541178432977,-17.274067194995258,0.6256188722224513,-28.645452903583557,0.0
46830,전라남도 영암군,49984,44333,0.1849963928607647,-97.96424020195354,-3.5398448413355936,-4896644.582254446,-156.93194135093086,-697.7718529712586,186.11163817953442,232.16538784680523,71.88876713549755,711.4956901622551,-7.9628790533305605,-19.25984891624739,38.066747297514254,36.33182174300204,0.0,7.889603410366161,13.117935777277411,2.3149603508866146,31.596753277750306,-3.295819370497715,-7.105428847029569,-0.9331471607606117,-6.60616665863357,0.0
46840,전라남도 무안군,95537,77338,0.1464201043523193,32.01250655295735,3.4367867618632317,3058378.838549886,265.7942145889786,435.81898449335876,204.75003665739192,256.79119467041187,115.83387042066624,307.9204029060375,142.60761845223493,73.96754422421378,25.2990626460441,73.93058037102247,0.0,8.184258677598574,17.04349831304898,10.233183447458824,22.736339202480842,14.512796120630657,11.885960940336933,1.765855820364038,9.158813113416391,0.0
46860,전라남도 함평군,29753,27130,0.1351914826984091,-145.23714066699085,-6.647765871041599,-4321240.646264979,-180.3538880813586,-615.7767920927595,202.41289060388118,210.8081578071717,67.99802777710775,548.7200927174439,-136.0988861370791,-57.39356783755532,-3.1016238052606746,-150.77732588551578,0.0,7.051473268945764,9.95852948480253,-0.219213156501477,26.06642765252029,-22.885354099167966,-13.045971729976356,2.0601832493448495,-28.9847744466629,0.0
46870,전라남도 영광군,53719,46544,0.1253185890884482,-104.28587137262548,-0.8392183029095577,-5602132.724266068,-39.060576690622455,-798.3039132079147,200.3537575426632,162.5296125940889,48.74519519884541,670.677172857974,-13.953843080624784,17.060457497027656,-23.366400757850233,23.956688517108905,0.0,7.904445420688001,13.413414677897542,2.519158341132769,28.97608330237129,-5.043486525490267,0.9760722340880268,2.3606371793387613,-7.8452130262155055,0.0
46880,전라남도 장성군,43079,38187,0.1063820885910373,-68.67312373585173,0.4965004453468964,-2958369.4974167566,18.959862506461935,-421.5676533818878,176.89495230508138,170.87321168988214,115.13165661089734,701.8944902624328,-28.634693973076132,-7.642603451409354,84.75224168055415,-27.549116492961975,0.0,6.810919420579905,11.757172015756373,9.991145071538043,29.92932423587554,-8.229155463659076,2.1601508448713957,4.771509671278203,-6.833891909286633,0.0
46890,전라남도 완도군,44071,39076,0.2261309466244156,-74.7424240209948,-8.86922811901178,-3293973.369029262,-346.5739579785043,-469.39120508666986,84.04710333475478,154.6477681781697,35.48205279163806,520.3501600222028,-203.96768878141148,-30.73108388173539,-3.6244060144675445,-164.0869934027316,0.0,6.6878191956458295,9.04157069996793,-0.5435025191916552,24.649898355730347,-23.298581257100974,-17.187588629743075,0.3084937788618767,-29.594295587326098,0.0
46900,전라남도 진도군,27773,24815,0.2682578445345794,-104.68100496116949,-8.033618946250783,-2907305.5507865604,-199.35425415121318,-414.29104098708484,96.44862352075172,150.8804704898344,40.00820303533506,540.773331090606,-194.9517896319402,-53.763441324187184,-26.65650765037248,-144.0136314745784,0.0,6.448511633567406,9.297686318757505,0.9939527574205652,25.646401932163723,-23.304681572424602,-12.428807040075633,-2.9029667415447915,-27.87730911195752,0.0
46910,전라남도 신안군,42384,38282,0.5126698826862092,7.188637634171755,-2.487872449067879,304683.21748673567,-95.24073309521656,43.41735849185983,69.2964253435307,167.4493757185938,31.923745958500355,578.408688751833,-190.18557247761066,-31.210321816226696,25.86614589008105,-145.46563023779512,0.0,6.144581374538113,11.41718878400205,0.3612471434348611,26.599902085692975,-24.431751213245544,-0.7577071250809247,0.9374778107481943,-26.47380931476512,0.0
47110,경상북도 포항시,486930,413703,0.0932337769768873,8.194604336859811,1.3036421878224473,3990198.6897471477,539.3206840287099,568.6033132889686,196.80682223382783,224.7716239187642,-73.09363990953304,-50.76967078905182,61.483679207460995,108.60304965561484,26.79752614911689,246.1249497831035,0.0,9.11673830183188,17.55889032529372,1.4237991135482124,11.965027031986263,7.91938413508811,14.382308784398623,8.080556086192209,31.167771917055806,0.0
47130,경상북도 경주시,242512,213002,0.1703209358181104,51.98404122827651,3.1064386056735884,12606753.806351794,661.6776358856857,1796.4624174051307,197.0863749250012,168.82632970451047,127.39151244818696,206.59303450552693,-32.49226071934231,72.31845314101061,76.12944804513486,271.71754703937194,0.0,8.506073131405264,15.217575712043269,10.78757931534839,23.086124424442648,-2.561651588632174,5.426182191673848,4.509771720995936,31.76426847823013,0.0
47150,경상북도 김천시,132433,113616,0.1734694655677051,-14.005577100398114,2.0816997114684455,-1854800.5921370233,236.51439441819892,-264.3090843795258,171.62167703736623,165.59251228029302,113.77526085942222,273.22830567659963,-66.67897668701383,25.51664914228855,67.63908949904865,-65.53361243085679,0.0,7.1643602187250774,12.935315431048487,11.70468622024226,21.118487568576015,-3.136115883013848,2.0354597750559362,4.934996405209174,-7.515759102558363,0.0
47170,경상북도 안동시,151343,131453,0.1843035052460535,-22.947585588864058,-3.6980625196726464,-3472956.445775453,-486.1214123985284,-494.89629352300204,154.4571174251974,200.65354778537161,99.19653985395,233.1960359256011,-74.17169853947529,-15.719693859168775,6.2574606358975435,-139.29980485821457,0.0,7.631881810666605,12.985487309383547,6.7645672604783815,20.882012682797235,-4.218575439563639,-0.1594988264799798,1.617142260538933,-17.79499474033486,0.0
47190,경상북도 구미시,402596,331745,0.1334953721241351,72.3277393046028,5.569969996065424,29118858.53307587,1847.8096963447242,4149.437340963311,174.1590793351086,172.54724914763545,-53.83718195981443,-41.5222565031454,354.9014665836142,80.02703202391501,23.97568228861525,165.79988051944392,0.0,7.114749981930304,16.700805334977744,2.725823657053548,13.021368770609989,57.68174773558984,10.981597665166213,1.5610344834442005,26.642936430916944,0.0
47210,경상북도 영주시,96237,83923,0.2524910124203932,62.88143782715542,-4.426310932831484,6051520.932171957,-371.46929241601663,862.3417328345038,40.43677875738361,138.83146278944935,95.37943007015505,216.28722539768165,-106.7718506338944,-18.534652655582704,23.69960620457357,-131.54376872597908,0.0,6.655845905029414,5.118822455447778,7.24537388922551,20.128156957490333,-9.689436741774228,-1.1722543646313515,3.552081589175066,-16.059582665222415,0.0
47230,경상북도 영천시,93605,83720,0.143453882670295,-127.32009173155893,-6.539658572444637,-11917797.186532574,-547.500215685065,-1698.2860990808917,218.41568743502137,154.81861604171476,112.03700141094043,277.2028518054642,-99.22542500999674,-72.80664657091268,32.575044338283995,-15.191256215748327,0.0,9.578866269894004,10.159306281002104,10.865997484010867,20.365013072481716,-12.345865966124437,-11.276084548402762,4.624869133536503,-4.5605406240505015,0.0
47250,경상북도 상주시,88920,78924,0.3511727367370313,-32.03271703282917,-7.2503429544573805,-2848349.1985591697,-572.2260673375944,-405.88976079468165,77.86914738871756,162.5445134647941,33.124387095188425,381.5881765944697,-180.04747882337688,-39.431336240366434,69.8768845856885,-155.46119559352107,0.0,6.408232944364109,9.484058189749263,1.1144681443272755,23.003109065758505,-23.79941263205808,-9.57615365020243,4.737087649967066,-26.38551064026588,0.0
47280,경상북도 문경시,64657,57561,0.1554391000180247,-142.49685006307936,-5.270828491507814,-9213418.834528523,-303.3941587996813,-1312.9121839203146,219.7925795143841,147.63317762779081,52.65946934899079,173.58813927942586,-181.83085414619657,-44.50802507269518,62.489647885707114,-66.00650278799445,0.0,8.923689513368203,9.512030100053302,4.318852898143865,18.926174959645508,-21.437435413024904,-8.385739221762694,3.333637853011001,-4.378731732416328,0.0
47290,경상북도 경산시,263020,226219,0.0774963989380224,0.0,0.0,0.0,0.0,0.0,154.04462192838682,50.63795031899975,-71.61309961576644,-465.2357109677962,104.50254191790106,-62.679849193210586,55.06976443161842,228.57763452250413,0.0,6.501038427742527,-4.524119665687062,-0.5674370919816315,-12.226958675771076,14.50272469116389,-14.133854041294041,6.021808840757288,28.24031029304198,0.0
47730,경상북도 의성군,47879,44606,0.1774949328610968,-141.93830916805746,-9.927312632849691,-6795864.304657423,-442.81770730089335,-968.4106634136829,183.65295157888693,168.2544792017398,43.72106295100128,540.0557479246625,-128.79712165764494,-35.77787760061605,-1.6173673018506554,-164.7869447424247,0.0,7.804753644311751,8.806423081133753,-0.6094275442061933,25.7837804527573,-23.040369288718637,-17.115213539141813,0.9765524051444536,-29.55221725311046,0.0
47750,경상북도 청송군,24560,22833,0.200076720818487,-167.97122394899634,-9.179761014224312,-4125373.26018735,-209.60148323778373,-587.8656895766974,183.64698917795863,170.33101620749017,42.143174316067544,570.1851785404968,-130.56370562511268,-28.01266541615596,98.8029402681221,-157.0014176843233,0.0,7.797583290151368,9.490523783040292,-0.247596061430791,26.534327618168284,-23.62709798886731,-16.96295652185493,5.581459943009756,-28.987116237983628,0.0
47760,경상북도 영양군,15956,14686,0.1296897446941692,-148.2820912475163,-6.831873508674221,-2365989.04794537,-100.3328943483896,-337.15343933221527,201.66483413748574,152.16667894056422,42.9655461773289,534.5722333255096,-136.80071928235438,-84.73548269486714,4.871997271116613,-162.78220865850037,0.0,7.151354960571419,9.160343409786476,1.1808525815974191,25.9272848641491,-22.969131786244112,-13.199864943065231,1.7771149061398581,-29.120773923620817,0.0
47770,경상북도 영덕군,32511,29935,0.1130297379732499,-72.98596644663212,-3.8213467624806867,-2372846.755146457,-114.39201533485937,-338.13066260837013,140.140201330948,146.96756121238803,66.35290342707358,547.676104511498,-146.86298519716473,-48.757009246903266,-254.76418806168712,-166.88982684891758,0.0,4.139464931670043,7.222374859118052,-0.08562152258901201,24.491570074550648,-23.45734092332343,-13.336330620091692,-17.055607571467302,-31.219704791619677,0.0
47820,경상북도 청도군,39988,37045,0.1152247787204787,-72.99925984832589,-3.066861788388451,-2919094.402814856,-113.61189495085016,-415.97095240111696,156.2955038543613,219.49490618334468,39.10633435973345,581.8613069514912,-151.40343588200298,-68.10746640282724,97.65266882947712,-175.18479942942994,0.0,4.631600517754151,9.900404540997007,0.7483844182041802,29.007258253693443,-23.4345999118668,-13.344161704683474,6.031596800078856,-30.495480024311302,0.0
47830,경상북도 고령군,29429,27014,0.1505887353405449,-201.75148012716272,-8.957972984817786,-5937344.308662272,-241.9906822118677,-846.0715639843738,231.328781696767,159.44771502859652,141.50752954367994,625.478599679984,-173.91688761552933,2.0078324034671935,18.969315674001095,-17.259989059723246,0.0,9.80101974180756,11.295818008808181,15.359018372813502,30.301577741679644,-20.65195421413564,-10.019410363171763,4.036740709390109,-5.476476103792273,0.0
47840,경상북도 성주군,40293,37175,0.1907024593426063,-152.4148480134354,-3.5423401428994907,-6141251.471005353,-131.68649481228854,-875.1283346182628,186.3359593364524,174.05275726008065,60.75808285986408,643.7942609286258,-125.78148372058084,-23.243815843775277,95.8263958405536,30.989774509649063,0.0,7.095970764185556,11.599981997015277,4.193228972077756,28.46740479126896,-21.5060982424889,-7.587951363231556,5.466069844810884,-5.1291589131309525,0.0
47850,경상북도 칠곡군,103426,88771,0.1456553953750525,21.80074347651407,2.0148397576083426,2254763.6948019443,178.85934012265017,321.30382650927703,213.3258055067833,176.7016208675656,141.27761108329454,307.919069655766,107.55326798350629,-5.407181543498389,7.175102657584138,284.5788857516683,0.0,9.501002475336294,15.740039108894472,16.131348647047016,24.06101750207524,8.775455356080341,3.214549995947204,4.84284064640063,33.5631766093726,0.0
47900,경상북도 예천군,53275,45191,0.1759162040167339,-57.946665216834845,-4.135738960231947,-3087108.5894268765,-186.89817935184192,-439.9129739933299,174.37122462860302,231.65443229287436,51.54876818242005,297.9691703628589,-100.90910796062484,72.94371273386129,84.40544346870078,-120.15931194149829,0.0,7.565579204973397,13.310458526143819,2.174046437340192,19.96936911938487,-9.948012704286937,5.054282824436729,4.55987053161786,-17.356568787528357,0.0
47920,경상북도 봉화군,28041,25739,0.3118716598686467,-45.390523754677815,-5.909950999174271,-1272795.6766049205,-152.11622876774658,-181.37338391620116,85.7101508778845,152.6535744843654,38.269563131852316,587.3427804952436,-134.18579608332948,-55.23796174362418,71.19980312882377,-138.36484910045772,0.0,5.990552396125582,6.170606210434021,-0.19871706420523072,24.90096707477993,-24.157257908557728,-13.18143264448373,4.296871173192145,-25.493675957009955,0.0
47930,경상북도 울진군,46319,41252,0.1038414506174965,-8.49897482502547,1.6893228814069516,-393664.01492035476,69.68794750379958,-56.09712212615056,157.68265345225896,146.92035777728412,68.85227142136948,454.2959200334973,-72.11651922560708,109.52593578339956,27.253616588885194,-6.195643036264665,0.0,5.234004178021608,2.821698135343557,2.07039916060909,25.94281424240219,-9.431945833149479,15.24220815182471,4.035899287910808,-4.177286594087257,0.0
47940,경상북도 울릉군,8747,8091,0.2218428971618989,233.32925408742813,2.0162552477986537,2040930.9855027338,16.313521209938905,290.8326654341395,-5.040723027974592,169.73822331334503,43.80834402245799,328.1213596711917,-102.52057631815215,47.57646053365279,-16.41923812364922,-14.743670491956465,0.0,6.866581733501683,13.944560490992615,2.9985932814675738,27.43579437998457,-5.813668279334581,11.34518175386903,3.2829582765685648,-5.989951979927258,0.0
48120,경상남도 창원시,985013,835495,0.091447233128404,17.465298877622445,1.660758207577146,17203546.443343516,1387.5551786396675,2451.505368176451,183.94885370017005,241.91057638511546,-88.04078937726901,-252.94014384995802,105.03363157882775,110.04680368552374,19.748580257098038,121.46117283139077,0.0,8.80140687032958,19.680334591311826,0.45700474328251006,0.7526942738115723,15.021695638025893,15.73747970779657,3.940057211256708,23.96141217551359,0.0
48170,경상남도 진주시,334017,281123,0.0940454798557961,44.96571302414395,4.002112637971322,15019312.56718549,1125.085911124412,2140.252040823932,164.33353185776372,179.3162143994206,-115.77587616181026,-163.17393034797269,65.55383925126884,72.49405812653848,58.02180993490133,223.2086077908168,0.0,6.848303034908571,15.881176197544647,-1.6928688510322851,1.3484243007617502,7.741049745344908,7.28626524804065,4.656128553742506,28.871138281656094,0.0
48220,경상남도 통영시,115975,99427,0.0986933820319792,13.815911883911212,1.1357384817246725,1602300.380736603,112.92307002243902,228.32780425496594,108.89504663869991,129.4103146669568,-93.3149983552611,32.340359714090226,-122.9973766372867,-73.32370605512273,-259.5866085211395,-74.67997250336943,0.0,3.9175716161495227,11.021571439019848,-1.0336792681974796,14.003981397075597,-6.412649502743356,-13.373974329215923,-16.63883620283932,-8.900714479856193,0.0
48240,경상남도 사천시,107796,92805,0.1726641123916315,106.86688834389133,4.492278768989081,11519823.09591811,416.90593115603167,1641.5747911683306,140.77519676851807,220.9399238823328,-72.26411073186195,304.84300940582176,-52.21992283297967,73.04691434505249,-0.09271334309870266,116.46133297431942,0.0,6.7614436386621355,16.520227964407415,1.0108779354746666,21.577107402568952,-3.792999959140893,6.040341742589282,3.720334589976188,13.177872042877665,0.0
48250,경상남도 김해시,532854,441609,0.0751733980120192,0.0,0.0,0.0,0.0,0.0,166.2084152300263,101.34201262802497,-86.15925630915231,-200.02383896337918,273.8024420171694,20.271021833228883,48.438677192791275,168.756281267509,0.0,7.348302419078074,0.47465761402611695,-0.2002158660119231,2.5612568147947186,50.543779806246,1.7327553513960825,4.838524416799624,22.958185854668013,0.0
48270,경상남도 밀양시,98305,88108,0.1580562565411272,-105.79303771299055,-5.436641540714106,-10399984.572375536,-479.0116128692385,-1481.9978015635138,215.90114046114292,182.89231587930138,127.39462728245826,220.1641032416871,-114.07652935228,-82.77232236178455,8.716861699497972,-25.055585848670166,0.0,9.61342005861785,11.603984120643384,13.839039766667334,20.462965999618035,-11.843552987651986,-12.785668330993685,1.6275591053201206,-5.990566452075474,0.0
48310,경상남도 거제시,228774,186949,0.2088172119380029,318.66332181188864,8.407268655827579,72901882.78419301,1571.73046793831,10388.518296747503,-44.76188217516408,159.62569097824564,-73.04047843561538,-94.6789699711241,109.00513174132634,49.51962900901141,3.092369856391082,64.5143283799468,0.0,4.098210520358305,15.80230994379109,0.8585788572560162,12.52139111835268,22.309856040369727,11.983639755190064,-4.1941336721270455,14.257478541382605,0.0
48330,경상남도 양산시,361044,299290,0.0818654910103163,0.0,0.0,0.0,0.0,0.0,175.04230412413827,110.77529729536792,-107.73457037164204,-179.41274806810966,-3.3863918198333667,-7.540003798032242,23.186178643668242,163.9023101874022,0.0,9.753514823149642,-0.11873943975045241,0.7435375060850998,1.8664158736951708,-7.128542952812714,1.6884621725151567,1.941785934133638,22.38312321946373,0.0
48720,경상남도 의령군,24518,22596,0.1007937004098904,-7.831281935599691,-0.0005772953743985454,-192007.37049703323,-0.013044566279909532,-27.361050295827237,99.74140634553952,153.2881739196412,41.01421966896264,539.0201352253015,-154.5568658489931,-76.12151625304558,16.832669734118035,-164.05179363040446,0.0,2.1624310882553077,9.17777101805571,1.2528642443294244,24.610875109077543,-23.295068183909713,-13.030891408061894,3.7343583470511974,-28.706954472527574,0.0
48730,경상남도 함안군,56655,49729,0.1336274161082905,-83.19149468418073,-1.4390127212985817,-4713214.131332259,-71.56066361745718,-671.6330137148468,235.4706087736721,187.6623611818264,147.90024969745642,726.0178991152071,7.2734512600440775,-4.297951363490502,87.50712919268861,317.23819072490767,0.0,9.964238938486202,16.608041789122844,15.367538011071083,36.72652752440134,-6.146220371243953,2.913359325453801,6.191302142928162,33.34486028374415,0.0
48740,경상남도 창녕군,54173,48821,0.2432638823344846,-61.36135145951357,-3.952992139353853,-3324128.4926162288,-192.98902923539447,-473.6883101978126,91.45829350786849,157.40544230291437,40.848266179610825,607.4557121465647,-179.7257601623552,-15.086690249711562,10.13255328127099,29.12774695576341,0.0,6.195647901848844,10.980173197706396,1.7182718775609873,26.440885721733707,-21.582302043725267,-7.439017300245423,1.5474000368234777,-4.936497785905627,0.0
48820,경상남도 고성군,46712,41856,0.1418055516414487,-149.83844321358447,-8.445093501367182,-6999253.359392958,-353.4778335932248,-997.3936037134964,198.346819220433,151.18080515518707,98.18918788851393,564.8801388662808,-202.0761253078489,-63.386817082160384,-10.460335634402798,-144.76717881777773,0.0,7.958747689032808,10.811490864933557,8.242155147457858,29.5222087050586,-21.17956568800607,-9.950530863340582,1.3845294576364633,-16.122766763132645,0.0
48840,경상남도 남해군,41073,37216,0.1046985583319584,-2.3031403695431436,1.1222153213468573,-94596.88439824554,41.76436539924464,-13.48005602674999,102.9128159464026,156.1181966506916,36.05148116164934,382.0820010297835,-149.10806993218878,-55.21630274978207,-23.247458925505867,-186.62089322249577,0.0,1.3624335674704253,8.952427866076185,0.48230044713711856,22.599432221811583,-23.727073351661367,-18.743877443999775,2.9456917044754487,-29.800793807573275,0.0
48850,경상남도 하동군,39565,36487,0.1819086574591639,-136.82346179373508,-10.339900070805811,-5413420.2658691285,-377.2719338834916,-771.4123878863509,177.0195344799838,156.88363436595984,47.426794623859756,560.5626649058277,-131.82854789992783,-49.57063726741186,9.652079165328663,-156.83673404028193,0.0,8.021399812759896,8.750765959922179,0.01978084038029468,28.34725283044722,-23.228788303076055,-12.700831996434783,2.7851801044600504,-27.723869477360264,0.0
48860,경상남도 산청군,32628,30257,0.3206311568019958,-59.695087405688355,-8.019814286686653,-1947731.3118727996,-242.6555208722781,-277.551711941874,82.54245852081064,162.84535227685944,42.78346073663448,392.60476640062853,-124.98923782283593,-22.82573505997346,12.52287227321762,-149.10753009418815,0.0,6.564241082238947,9.018752145046495,-0.2963504976186225,22.719287432557355,-23.53031717808855,-17.12055729994799,2.5447252673910827,-28.78585817336286,0.0
48870,경상남도 함양군,35074,31620,0.1520770395306157,-208.75924883909647,-10.634880197894802,-7322021.893782469,-336.2749118574336,-1043.388119864002,229.69129842075708,163.79571121595427,47.90861069755821,592.3574052270817,-132.71456298224672,-33.28722212438044,22.479660542451448,-47.343021262162516,0.0,9.643543858942902,10.738321246631024,1.8514573557253646,29.258116927701007,-21.586445907108097,-7.648508387567757,3.4006019557978777,-12.07250925143504,0.0
48880,경상남도 거창군,58737,50624,0.2115166911837718,44.79736959159527,-7.839258306764577,2631263.0977015314,-396.85461252165,374.95499142246825,32.856416310004775,148.81251850143175,128.27780818202254,265.8419652756047,-95.24395798503366,-97.43748358443797,-15.650212808700891,-131.50084693710428,0.0,7.836527867540528,11.08740307786312,15.329239147527597,20.59361996435608,-9.026534998470842,-12.623717975998366,2.8383345344846584,-17.119614974354135,0.0
48890,경상남도 합천군,38732,35945,0.2423136214299911,-76.32663691275866,-7.826483165577997,-2956283.3009049683,-281.32293738670114,-421.270370378958,85.69400597694393,164.26481039654533,42.21973320878192,398.6681988141747,-124.099732347658,-48.03720523760466,13.988939357737902,-144.98676016282667,0.0,6.580494823901781,9.116465778055456,-0.24036319159421204,22.81915724668121,-23.985223664828197,-12.68060617564102,2.8376783426730467,-28.46703688062534,0.0
50110,제주특별자치도 제주시,484149,399872,0.2130866083830335,306.0592634511313,7.811790184881602,148178286.34060177,3123.716164808976,21115.405803535752,-35.13908292704356,164.88377688600946,124.72141590089606,-91.48036964528495,35.05646267288388,-32.44078859345319,46.07607761579611,105.92138792733199,0.0,5.500337967917101,18.611909939188134,15.982195526648436,14.904414599428563,21.01066842448944,2.736219878331733,4.3060673539429715,28.32473434821325,0.0
50130,제주특별자치도 서귀포시,178532,150409,0.2909253593583686,302.1096481745699,4.9703876392965185,53936239.70790231,747.59103443895,7685.914158376079,-1.888722506166762,170.99527931506117,41.700528547721284,266.70426096836854,38.668506673821206,-103.92005498531256,47.698881681914195,138.08897281931158,0.0,5.636079885146489,16.918009176682094,4.019020417876487,22.57013993797972,3.4716841698529355,-14.017393258385566,3.520033219375987,27.65620758217601,0.0
51110,강원특별자치도 춘천시,284783,242468,0.0671181938154326,0.0,0.0,0.0,0.0,0.0,39.62030259358617,121.7822032551373,-82.47660954511255,-217.36275684041192,57.921894457692154,-7.964299679519663,61.85985178501273,228.32754893960256,0.0,5.135821263784335,12.304294609881067,0.06562766037240549,0.6900980530836723,8.305211655829753,1.9512618943764861,5.396684887189,29.19263366093142,0.0
51130,강원특별자치도 원주시,365379,307645,0.0998686275530708,49.78592385528373,4.801682767015791,18190731.072319712,1477.2136948585728,2592.179177805559,142.9771733940915,229.2688662625862,-73.26093213448674,-158.78744337445278,21.894114432064917,-0.1940630800393983,19.827460109011074,212.7764247325233,0.0,6.205217262587782,17.605308204164952,0.2387809311948664,2.5409959331375127,3.000406105576402,2.500209293393517,0.055733662616149725,28.282158813581546,0.0
51150,강원특별자치도 강릉시,205440,179296,0.1842694029335938,72.94346513994333,3.867055181986643,14985505.478349958,693.3475259094771,2135.4345306648693,126.07270278069444,199.40669339791424,-83.45194163752844,37.15694258969603,-114.29314262209706,-18.464152195950117,-5.620521042094768,81.44068806619767,0.0,6.532125100536875,16.03838415054758,1.2464819206255906,16.339847201467176,-5.954384593560344,-0.5449533671650707,3.216019192687426,12.730201765478066,0.0
51170,강원특별자치도 동해시,85534,73318,0.2014701930692434,74.39374171906456,4.663478278128196,6363194.304198468,341.91690039580305,906.7551883482818,111.18831372237015,140.07584063930068,-94.20038887571984,163.9586250316608,-75.36343405259768,60.036524895846355,5.570247090334816,22.226393748638376,0.0,6.376976302509373,11.493396857875075,1.05344885484221,21.37952558199528,-4.188557446407525,4.813735494058365,3.4368997344676475,7.567194105711414,0.0
51190,강원특별자치도 태백시,36680,32178,0.247851203585974,111.30319204454827,3.4476619612663058,4082601.0841940306,110.93886658962718,581.7706544976493,29.05224769553651,134.49115732289454,-69.72492547995694,273.38115180044264,-119.30397725317546,3.3652555279635035,26.438845058108267,-16.99017293094499,0.0,5.214187244206173,2.317570903042407,1.484871029863124,20.586025640669583,-10.60408124257692,-1.1069362757787298,2.4318044997286203,-5.431533642240748,0.0
51210,강원특별자치도 속초시,78788,68315,0.1615431472513166,32.0377203993512,-1.0774826417335817,2524187.9148240825,-73.60822667002964,359.69677786243176,166.32247295310546,138.02356297991636,-111.63748551458406,-167.73561769153616,-56.085176328212455,-94.62871429218906,21.52463443790747,202.20746541160196,0.0,8.642369170439574,14.316016593770696,-3.282534320751485,0.35394092837864366,-4.969419157313828,-13.78069856299532,1.8717027364953545,28.5997521619052,0.0
51230,강원특별자치도 삼척시,60041,52926,0.259749366629238,133.98717957062854,4.04409850924435,8044724.248600109,214.03795770026645,1146.3732054255154,26.752008040603826,146.64922685280789,59.41681310931716,263.27125926895616,-98.83748918039407,19.008194194367526,24.900397805669787,-13.319526339743648,0.0,5.121403229932976,2.489772065586637,4.308006846523683,19.815226440714273,-8.663758349761308,0.3240055808091507,2.386700714849216,-7.307512037003225,0.0
51720,강원특별자치도 홍천군,65817,58856,0.1719911725843023,-99.11595689175374,-1.8269761053210232,-6523514.9347445555,-107.52850565477414,-929.6008782010991,192.9109055294406,177.48376314432244,46.55107759148542,282.5585029863529,-102.72421087091733,-71.7352454442306,21.95714960042509,-23.402404096428107,0.0,7.59961897261208,11.700670866734677,1.5814137244005626,20.38452780908179,-12.42980868119437,-11.797863805889092,-1.5374972499107409,-6.034051390986666,0.0
51730,강원특별자치도 횡성군,45465,40804,0.1501674796081702,-132.6932334724861,-4.796743544436595,-6032897.859826581,-195.7263235871908,-859.6879450252877,209.03934713307135,234.5015870506819,40.47387697357187,480.2142596619553,-203.12476659546337,-52.26961065270891,9.739715122125702,-44.12195031926168,0.0,8.32376938250689,12.098456464843304,0.5113370505325382,28.044216537192643,-21.794412227987277,-10.085700958015858,-2.1244511817472684,-5.541463673337597,0.0
51750,강원특별자치도 영월군,35651,32141,0.1862769287392984,-51.8198302406181,1.4508545383642968,-1847428.767908276,46.63191571756687,-263.2585994269293,162.08788736620195,152.7718901888055,54.675835472459134,417.68888588529853,-188.98398384634353,-21.503172945765556,19.50952001089063,7.043895885158185,0.0,6.350253248246063,4.7595937619581425,3.896165595939857,23.83067491683736,-23.239410375429713,-2.9638034095788064,-0.23853520634202785,-6.668284137239548,0.0
51760,강원특별자치도 평창군,39849,36210,0.3364177768111974,16.220779573064647,0.3036621694087671,646381.8452070531,10.995607154291458,92.10941294200506,78.87957075672985,233.50941778344153,41.75301908062492,695.3120825344993,-72.72552435180701,-51.69670100967428,32.97367516689926,23.42114144101769,0.0,6.13910347074909,12.658369211442318,1.5235718808341574,28.54741604287561,-13.305819953719498,-12.175326322566288,4.460067017799691,-5.578519472527338,0.0
51770,강원특별자치도 정선군,35137,32081,0.2764663966104757,76.79216084187283,0.9813223397128468,2698246.1555008856,31.481801980327837,384.5000771588762,58.63682607181264,154.18818246718635,46.72799054299582,715.838443909145,-47.12245278567749,-22.99345501948006,15.388814759044216,143.59047214600733,0.0,6.106545623464935,1.351506225655848,2.2261994461110803,29.6368625539347,-12.44202699481843,-3.1736376860161863,-1.7526321549181043,12.932765799584875,0.0
51780,강원특별자치도 철원군,39598,34436,0.3231347347819028,80.09251867961575,-2.4045900718193707,3171503.5546754245,-82.80446371317184,451.93925654124797,54.82653000630185,229.56836234548365,71.86371269382731,657.5518817341775,1.8573874980814793,-21.845479382407873,29.57594836581784,-130.15332574337637,0.0,6.7083124104039396,13.824573486852028,3.136653723813879,30.093123937504725,-0.2775343776551093,-0.10554819321962755,-0.9940087102016594,-18.10111085370642,0.0
51790,강원특별자치도 화천군,22908,20095,0.269954911065036,58.011802234192146,-2.65812870602997,1328934.3655808736,-53.41509634767225,189.37314709527448,59.66080836457804,174.88233657764383,58.24149496723786,646.8400909130825,7.512582971485471,4.972806429903526,42.73219581587509,-119.09142648596635,0.0,6.8567869501316565,12.394060544615783,2.8913166877945486,28.23280203649725,-0.4244162038900151,0.36367346845624343,1.631683278611595,-24.29686046536469,0.0
51800,강원특별자치도 양구군,20354,17365,0.3435425219038221,145.38280235261573,-1.6325527230090984,2959121.5590851405,-28.349278035052993,421.6748221696325,24.538171192961855,172.95656000677502,111.2608229114443,292.7616943430824,-33.1355562222718,12.012220672915523,58.559489132896,-110.76260819515815,0.0,6.472366766955788,12.546005697754977,11.573719258078208,21.04863541342646,-2.2762965103785486,2.609503904907092,3.8165714962623505,-23.286964096765978,0.0
51810,강원특별자치도 인제군,30692,26719,0.2806869345919737,91.34129887544805,-1.716110034174335,2803447.1450852514,-45.85274400310405,399.49121817464834,52.706002228447275,191.37971612116453,83.49074793214686,690.6187878642173,68.61327365479993,61.83447411127436,39.68247170049471,-117.16430815681883,0.0,6.9393946851643005,13.362987333929578,3.6291957159997077,32.92490070052398,1.2935919138908372,6.131349271517078,4.349534762496456,-23.820609224364006,0.0
51820,강원특별자치도 고성군,27196,24426,0.4365863366702077,-4.071709935653416,-5.680443397001284,-110734.2234100303,-138.75051041515334,-15.779626835929317,76.46107635623805,216.85038509054468,43.087851240902815,664.570611984168,-33.14357134967805,-58.820942172604724,71.07659632278627,-120.78237309201535,0.0,6.513963229737968,11.773021847281735,1.3153188557310131,27.881618379340342,-10.503062935102005,-12.131290066601967,4.296930318413605,-14.677810446128312,0.0
51830,강원특별자치도 양양군,27350,24601,0.1353350805432342,-131.6565011425473,-7.573370633523723,-3600805.306248669,-186.3124909553171,-513.1147561404354,203.94763656193768,163.31541258134848,62.654330472124855,409.6440416221304,-115.7272172386584,-76.13412948926079,91.60207733696276,-142.66618118015282,0.0,8.55283673464506,10.848593817290961,1.1248902808550216,24.303621862240337,-13.39661832236885,-11.805826258743965,4.954307890461615,-15.587951421504474,0.0
52110,전북특별자치도 전주시,618908,518528,0.078458594119032,0.0,0.0,0.0,0.0,0.0,158.98864285914647,204.44237079401879,-115.8088749102298,-395.39850464971187,13.540611588480596,69.16466261550414,53.178115146434244,221.7985057738173,0.0,7.880784151752568,17.34147287808702,-2.639173807741067,-6.494870249599456,0.530510523662908,6.112480815944442,5.7980142484426205,29.266239592074097,0.0
52130,전북특별자치도 군산시,255517,217275,0.0892876468354901,7.822227737129651,0.21679769545562522,1998712.164708157,47.10471928012097,284.8164834709124,169.67380483503973,205.96059488948032,-74.0560690208337,-161.1479355150613,24.177016895172077,30.990702106472632,44.757508618597505,85.89956222040611,0.0,8.661060781523371,15.358343482866628,0.8909644324945385,4.158790490747571,4.419259110866601,3.4580845452923907,4.202811927216396,16.50293726186995,0.0
52140,전북특별자치도 익산시,266639,229867,0.1542903998578113,-26.119983299128762,-0.8923927505627489,-6964606.226896394,-205.1316443936074,-992.4563873327361,186.28738652805686,192.4275426062379,-83.28391758795583,-77.20296697006891,-40.37841844519657,-26.19707399500288,-183.384351158179,-64.18636163603685,0.0,8.545244512566109,12.578751786840249,0.3530356687679777,9.319668960052784,-3.015943166167822,-2.2627177702143286,-11.967819489871474,-9.065584435753516,0.0
52180,전북특별자치도 정읍시,100580,88558,0.1902231418759364,-127.03524347447637,-11.435601247602278,-12777204.788662834,-1012.7139752851625,-1820.7516823844537,164.4070825762107,148.22311164874168,125.903367709821,256.18099649164697,-88.41682872960685,-27.828535435054462,-251.9024012014058,-156.45483051159155,0.0,8.341691480729734,10.325396051770268,13.887323334638454,19.445808718427188,-8.101682576761846,-15.774012461804746,-17.132076824547678,-19.519447114549926,0.0
52190,전북특별자치도 남원시,73604,64631,0.2233883744383232,-21.115729200427268,-11.325986536972437,-1554202.1320682487,-732.0098358710655,-221.47380381972545,56.864921916257224,187.37693940184565,125.40057190401266,263.7206278224194,-94.18583834214375,-47.83493309324416,-238.578317196916,-158.7252980479395,0.0,7.629043219217754,10.314534368984662,14.845491142845841,19.583572763547192,-9.218606553186053,-12.934849765783136,-17.110651024090515,-28.751232000195166,0.0
52210,전북특별자치도 김제시,81585,72578,0.2591701743849325,-100.87347883867551,-12.085519837669096,-8229762.771053341,-877.1428587783478,-1172.7411948751012,101.5405503941499,192.50742869296704,128.43726713528105,634.8035354814265,-35.40944183303006,-31.87727238348646,-251.60722805422208,-164.81301087780753,0.0,7.93115925980756,10.712943919457862,14.896629579651364,31.26420406424491,-10.528207470638113,-16.13001294204508,-17.363068373726414,-23.840443690474576,0.0
52710,전북특별자치도 완주군,100642,86380,0.0845377796261154,0.0,0.0,0.0,0.0,0.0,196.66711369821022,228.35388622272023,124.57730392917414,382.82832621229846,6.0805872950512025,29.26915838372801,17.82274138296395,151.10618669214975,0.0,8.855561633804905,16.394133728756675,10.255161544223085,27.67077962732165,-0.9480758386279927,2.449108239764503,1.5214913981279574,13.770992774254804,0.0
52720,전북특별자치도 진안군,24930,22632,0.1733405155723734,-174.00666044306217,-8.67293220845005,-4337986.04484554,-196.2858017416415,-618.1630113904895,193.74381957861632,166.089100865977,49.09139700836839,528.5496687365463,-127.76592604238562,-56.95165037169146,-0.26444718273706264,-159.82481761046128,0.0,7.572875273939881,9.342227998633497,0.8123906648646535,24.96806189981995,-23.360512089565056,-12.585613587857672,2.5334542410561407,-28.962069922159124,0.0
52730,전북특별자치도 무주군,23455,21142,0.1854646488562502,-160.37956101743566,-9.340272867487045,-3761702.6036639535,-197.4720489644111,-536.0426210221134,188.9959126501226,168.52015910849892,42.85424676834269,567.3117716653733,-205.28569894726252,-56.20593651148279,79.96011480229573,-134.18006930729175,0.0,7.867404484783895,9.606956098545215,-0.04499075539678324,25.87275023841769,-23.817376932204322,-12.490714916919286,4.516737465894718,-27.12951472981229,0.0
52740,전북특별자치도 장수군,21184,19083,0.2029377590792094,-74.34112552041461,-8.795596725480948,-1574842.403024463,-167.84637231235294,-224.41504243098598,93.06860693409271,162.06420124571844,35.98686177303052,561.7032470216834,-182.76015266689998,-37.88141561248048,71.21467763758457,-158.05724408249023,0.0,7.616356752794646,9.458911570111496,-0.31265733750551494,26.641140164609265,-23.893340635662252,-12.736131523672816,5.053181318542747,-29.0667703023081,0.0
52750,전북특별자치도 임실군,25290,23006,0.1924452339500323,-146.43924815493665,-10.236208469549297,-3703448.5858383477,-235.49421205045113,-527.7414234819645,176.09154602736936,198.1752808354778,48.41159148512867,556.9244531928928,-130.1602417234673,-0.5767535307154676,9.5349392953165,-148.36694296363467,0.0,8.059739713669092,9.570449271345058,-0.16939344835551556,25.904445381321146,-22.980863456145592,-12.911396355286962,2.5951079948845654,-29.244984379595866,0.0
52770,전북특별자치도 순창군,27654,24642,0.1212028613458543,-113.07270028028415,-3.509481454496836,-3126912.453550978,-86.48064200171102,-445.5850246310144,172.1887586729171,154.54693274516603,94.90997920736045,546.5578321887333,-183.5334217373005,-48.331799234145315,-1.2869660280966138,-179.87192947161105,0.0,4.7350374013283965,9.520986495373773,7.627876722374616,28.997565967293035,-22.313355781498604,-17.31002767794784,1.9827685989840598,-30.84632163498503,0.0
52790,전북특별자치도 고창군,50025,44515,0.1524778886884137,-182.02210743669184,-10.57605255791691,-9105655.92452051,-470.7929796156712,-1297.5559692441725,220.56544412448548,162.05266509660336,43.71905556634333,385.2741130851801,-168.11434145152737,-55.95292122045074,16.885904829927853,-148.71547567943222,0.0,8.86509056089526,9.100085569879756,0.8123318310921103,22.91558348498077,-22.982602697294627,-12.983722843335961,3.032078606224853,-28.372954960469304,0.0
52800,전북특별자치도 부안군,46952,42360,0.1367419019652807,-143.15414599369888,-7.516493953183158,-6721373.46269615,-318.39868385683855,-957.7957184342014,192.9219595424792,149.41480874613748,43.84657590370849,433.61329592098053,-200.37299892990578,-52.50038147932195,-5.6690457929913185,-170.48612075230028,0.0,7.07243098318215,9.143585300053426,0.6105353544642339,27.003421492815043,-22.654416033634522,-18.11098354095103,1.4917595072333212,-29.7035335264442,0.0
