sgg_cd,sgg_nm,sgg_cd_ref,sgg_nm_ref,map_note,year,sido_src,sgg_src,acc_total,death_total,injury_total,serious_total,minor_total,reported_total,acc_65p,death_65p,injury_65p,serious_65p,minor_65p,reported_65p,acc_le19,acc_20_29,acc_30_39,acc_40_49,acc_50_59,acc_60_64,acc_unknown,acc_known_age,share_65p,share_65p_known_age,death_share_65p,injury_share_65p
11110,서울특별시 종로구,11110,서울특별시 종로구,,2024,서울,종로구,917,5,1253,230,938,85,232,2,346,68,257,21,4,81,122,132,204,121,21,896,0.253,0.2589,0.4,0.2761
11140,서울특별시 중구,11140,서울특별시 중구,,2024,서울,중구,976,16,1236,241,876,119,246,12,303,60,217,26,6,76,149,157,215,118,9,967,0.252,0.2544,0.75,0.2451
11170,서울특별시 용산구,11170,서울특별시 용산구,,2024,서울,용산구,868,12,1174,224,917,33,183,1,252,44,201,7,8,94,168,111,162,123,19,849,0.2108,0.2155,0.0833,0.2147
11200,서울특별시 성동구,11200,서울특별시 성동구,,2024,서울,성동구,919,7,1155,210,889,56,185,1,242,45,189,8,11,91,148,159,200,104,21,898,0.2013,0.206,0.1429,0.2095
11215,서울특별시 광진구,11215,서울특별시 광진구,,2024,서울,광진구,785,4,1018,183,784,51,184,2,249,47,188,14,19,93,124,115,139,86,25,760,0.2344,0.2421,0.5,0.2446
11230,서울특별시 동대문구,11230,서울특별시 동대문구,,2024,서울,동대문구,1520,5,1906,403,1369,134,386,4,487,98,366,23,34,148,166,201,349,206,30,1490,0.2539,0.2591,0.8,0.2555
11260,서울특별시 중랑구,11260,서울특별시 중랑구,,2024,서울,중랑구,1199,8,1623,304,1154,165,283,2,382,69,284,29,45,91,162,178,240,147,53,1146,0.236,0.2469,0.25,0.2354
11290,서울특별시 성북구,11290,서울특별시 성북구,,2024,서울,성북구,1286,7,1628,294,1226,108,299,0,381,61,303,17,25,134,150,206,287,163,22,1264,0.2325,0.2366,0.0,0.234
11305,서울특별시 강북구,11305,서울특별시 강북구,,2024,서울,강북구,877,5,1123,202,846,75,220,3,287,44,233,10,27,84,91,127,193,125,10,867,0.2509,0.2537,0.6,0.2556
11320,서울특별시 도봉구,11320,서울특별시 도봉구,,2024,서울,도봉구,522,5,671,138,474,59,147,1,175,36,129,10,22,45,54,67,110,71,6,516,0.2816,0.2849,0.2,0.2608
11350,서울특별시 노원구,11350,서울특별시 노원구,,2024,서울,노원구,1288,5,1717,294,1269,154,279,1,373,58,289,26,55,112,140,209,310,167,16,1272,0.2166,0.2193,0.2,0.2172
11380,서울특별시 은평구,11380,서울특별시 은평구,,2024,서울,은평구,1218,2,1574,350,1108,116,278,2,373,80,268,25,30,98,182,182,292,149,7,1211,0.2282,0.2296,1.0,0.237
11410,서울특별시 서대문구,11410,서울특별시 서대문구,,2024,서울,서대문구,818,6,1105,175,811,119,187,1,248,51,160,37,11,89,128,120,172,98,13,805,0.2286,0.2323,0.1667,0.2244
11440,서울특별시 마포구,11440,서울특별시 마포구,,2024,서울,마포구,1201,11,1641,252,1282,107,219,6,265,41,213,11,27,166,197,176,242,148,26,1175,0.1823,0.1864,0.5455,0.1615
11470,서울특별시 양천구,11470,서울특별시 양천구,,2024,서울,양천구,1274,7,1689,259,1279,151,270,4,345,56,265,24,45,103,178,228,256,162,32,1242,0.2119,0.2174,0.5714,0.2043
11500,서울특별시 강서구,11500,서울특별시 강서구,,2024,서울,강서구,1538,12,2001,351,1471,179,326,5,404,65,307,32,40,148,257,255,322,176,14,1524,0.212,0.2139,0.4167,0.2019
11530,서울특별시 구로구,11530,서울특별시 구로구,,2024,서울,구로구,1320,7,1736,300,1274,162,297,3,398,82,283,33,31,109,219,185,288,178,13,1307,0.225,0.2272,0.4286,0.2293
11545,서울특별시 금천구,11545,서울특별시 금천구,,2024,서울,금천구,798,8,1071,163,843,65,168,4,220,30,175,15,12,69,120,137,186,92,14,784,0.2105,0.2143,0.5,0.2054
11560,서울특별시 영등포구,11560,서울특별시 영등포구,,2024,서울,영등포구,1948,8,2643,418,1932,293,392,0,515,106,354,55,52,203,325,308,395,238,35,1913,0.2012,0.2049,0.0,0.1949
11590,서울특별시 동작구,11590,서울특별시 동작구,,2024,서울,동작구,1230,2,1615,283,1174,158,253,1,345,64,261,20,24,137,192,184,278,146,16,1214,0.2057,0.2084,0.5,0.2136
11620,서울특별시 관악구,11620,서울특별시 관악구,,2024,서울,관악구,1254,13,1581,249,1258,74,263,2,358,59,292,7,17,156,218,181,247,142,30,1224,0.2097,0.2149,0.1538,0.2264
11650,서울특별시 서초구,11650,서울특별시 서초구,,2024,서울,서초구,2027,17,2959,412,2433,114,434,1,638,72,538,28,28,189,337,335,445,243,16,2011,0.2141,0.2158,0.0588,0.2156
11680,서울특별시 강남구,11680,서울특별시 강남구,,2024,서울,강남구,3754,11,4863,716,3773,374,686,1,886,124,707,55,97,383,677,722,734,371,84,3670,0.1827,0.1869,0.0909,0.1822
11710,서울특별시 송파구,11710,서울특별시 송파구,,2024,서울,송파구,2500,20,3424,573,2527,324,520,4,708,110,544,54,106,231,374,417,496,312,44,2456,0.208,0.2117,0.2,0.2068
11740,서울특별시 강동구,11740,서울특별시 강동구,,2024,서울,강동구,1428,9,1921,351,1480,90,338,3,482,85,386,11,41,125,193,216,287,205,23,1405,0.2367,0.2406,0.3333,0.2509
26110,부산광역시 중구,26110,부산광역시 중구,,2024,부산,중구,356,2,497,92,381,24,106,2,154,29,119,6,2,23,34,67,78,44,2,354,0.2978,0.2994,1.0,0.3099
26140,부산광역시 서구,26140,부산광역시 서구,,2024,부산,서구,424,1,589,141,420,28,116,0,176,43,123,10,6,33,55,54,93,63,4,420,0.2736,0.2762,0.0,0.2988
26170,부산광역시 동구,26170,부산광역시 동구,,2024,부산,동구,495,5,701,123,565,13,137,1,188,33,152,3,3,46,75,80,93,61,0,495,0.2768,0.2768,0.2,0.2682
26200,부산광역시 영도구,26200,부산광역시 영도구,,2024,부산,영도구,273,5,356,88,255,13,73,2,89,20,68,1,4,26,34,50,47,39,0,273,0.2674,0.2674,0.4,0.25
26230,부산광역시 부산진구,26230,부산광역시 부산진구,,2024,부산,진구,1430,12,1939,426,1384,129,299,3,416,84,307,25,41,215,194,222,276,171,12,1418,0.2091,0.2109,0.25,0.2145
26260,부산광역시 동래구,26260,부산광역시 동래구,,2024,부산,동래구,784,4,1011,195,776,40,195,0,242,47,185,10,20,58,96,142,182,83,8,776,0.2487,0.2513,0.0,0.2394
26290,부산광역시 남구,26290,부산광역시 남구,,2024,부산,남구,786,5,1023,204,718,101,174,2,213,44,148,21,22,99,108,119,168,91,5,781,0.2214,0.2228,0.4,0.2082
26320,부산광역시 북구,26320,부산광역시 북구,,2024,부산,북구,680,9,874,194,584,96,185,0,234,43,167,24,13,39,84,116,141,98,4,676,0.2721,0.2737,0.0,0.2677
26350,부산광역시 해운대구,26350,부산광역시 해운대구,,2024,부산,해운대구,767,7,1037,292,684,61,183,2,237,68,158,11,21,62,112,128,157,86,18,749,0.2386,0.2443,0.2857,0.2285
26380,부산광역시 사하구,26380,부산광역시 사하구,,2024,부산,사하구,946,6,1222,316,846,60,231,2,309,90,207,12,24,87,117,153,205,122,7,939,0.2442,0.246,0.3333,0.2529
26410,부산광역시 금정구,26410,부산광역시 금정구,,2024,부산,금정구,779,6,1054,246,716,92,191,2,262,48,191,23,16,59,83,134,171,107,18,761,0.2452,0.251,0.3333,0.2486
26440,부산광역시 강서구,26440,부산광역시 강서구,,2024,부산,강서구,717,18,1009,234,721,54,147,5,207,50,148,9,7,62,112,124,151,111,3,714,0.205,0.2059,0.2778,0.2052
26470,부산광역시 연제구,26470,부산광역시 연제구,,2024,부산,연제구,701,2,928,212,620,96,157,1,215,51,144,20,17,81,95,132,130,87,2,699,0.224,0.2246,0.5,0.2317
26500,부산광역시 수영구,26500,부산광역시 수영구,,2024,부산,수영구,838,4,1166,237,814,115,179,0,249,57,163,29,24,114,116,145,157,95,8,830,0.2136,0.2157,0.0,0.2136
26530,부산광역시 사상구,26530,부산광역시 사상구,,2024,부산,사상구,631,6,793,204,556,33,162,1,208,50,151,7,9,60,76,102,129,87,6,625,0.2567,0.2592,0.1667,0.2623
26710,부산광역시 기장군,26710,부산광역시 기장군,,2024,부산,기장군,648,10,973,214,719,40,152,1,210,43,158,9,15,61,81,121,144,67,7,641,0.2346,0.2371,0.1,0.2158
27110,대구광역시 중구,27110,대구광역시 중구,,2024,대구,중구,710,3,1053,166,685,202,146,0,212,37,139,36,22,114,94,104,142,71,17,693,0.2056,0.2107,0.0,0.2013
27140,대구광역시 동구,27140,대구광역시 동구,,2024,대구,동구,1475,11,2060,391,1517,152,383,2,529,98,394,37,34,152,176,201,313,181,35,1440,0.2597,0.266,0.1818,0.2568
27170,대구광역시 서구,27170,대구광역시 서구,,2024,대구,서구,883,5,1223,204,876,143,182,3,248,49,165,34,12,79,122,126,204,146,12,871,0.2061,0.209,0.6,0.2028
27200,대구광역시 남구,27200,대구광역시 남구,,2024,대구,남구,475,2,640,117,479,44,105,0,135,24,106,5,13,61,67,69,93,55,12,463,0.2211,0.2268,0.0,0.2109
27230,대구광역시 북구,27230,대구광역시 북구,,2024,대구,북구,1726,20,2343,458,1640,245,364,8,490,86,356,48,62,183,193,271,398,201,54,1672,0.2109,0.2177,0.4,0.2091
27260,대구광역시 수성구,27260,대구광역시 수성구,,2024,대구,수성구,1817,13,2623,424,2036,163,382,2,557,92,430,35,45,232,241,336,358,184,39,1778,0.2102,0.2148,0.1538,0.2124
27290,대구광역시 달서구,27290,대구광역시 달서구,,2024,대구,달서구,2179,11,2938,510,2290,138,445,2,620,104,496,20,78,229,298,333,498,269,29,2150,0.2042,0.207,0.1818,0.211
27710,대구광역시 달성군,27710,대구광역시 달성군,,2024,대구,달성군,846,13,1156,200,879,77,195,4,268,39,218,11,25,67,106,131,190,106,26,820,0.2305,0.2378,0.3077,0.2318
27720,대구광역시 군위군,27720,대구광역시 군위군,,2024,대구,군위군,111,11,193,67,115,11,40,4,53,23,26,4,0,5,7,15,25,16,3,108,0.3604,0.3704,0.3636,0.2746
28110,인천광역시 중구,28110,인천광역시 중구,split_2026-07-01: 인천 중구+동구 -> 제물포구(28125)+영종구(28155); no 1:1 successor,2024,인천,중구,700,6,994,159,762,73,129,1,192,37,141,14,13,78,96,112,158,102,12,688,0.1843,0.1875,0.1667,0.1932
28140,인천광역시 동구,28140,인천광역시 동구,split_2026-07-01: 인천 중구+동구 -> 제물포구(28125)+영종구(28155); no 1:1 successor,2024,인천,동구,146,1,195,42,133,20,32,0,52,9,35,8,0,12,15,25,41,20,1,145,0.2192,0.2207,0.0,0.2667
28177,인천광역시 미추홀구,28177,인천광역시 미추홀구,,2024,인천,미추홀구,1364,14,1772,216,1475,81,284,5,365,41,302,22,24,159,231,205,256,141,64,1300,0.2082,0.2185,0.3571,0.206
28185,인천광역시 연수구,28185,인천광역시 연수구,,2024,인천,연수구,622,8,816,148,650,18,62,2,75,10,64,1,17,81,111,111,139,85,16,606,0.0997,0.1023,0.25,0.0919
28200,인천광역시 남동구,28200,인천광역시 남동구,,2024,인천,남동구,1591,13,2152,331,1690,131,287,2,395,58,312,25,24,182,210,247,375,209,57,1534,0.1804,0.1871,0.1538,0.1836
28237,인천광역시 부평구,28237,인천광역시 부평구,,2024,인천,부평구,1246,9,1586,247,1244,95,204,0,265,38,210,17,22,149,207,197,251,181,35,1211,0.1637,0.1685,0.0,0.1671
28245,인천광역시 계양구,28245,인천광역시 계양구,,2024,인천,계양구,705,9,965,131,828,6,114,3,150,12,137,1,6,55,94,113,208,108,7,698,0.1617,0.1633,0.3333,0.1554
28260,인천광역시 서구,28260,인천광역시 서구,split_2026-07-01: 인천 서구 -> 서해구(28275)+검단구(28290); no 1:1 successor,2024,인천,서구,1472,18,1929,352,1500,77,240,2,313,50,259,4,23,169,224,264,316,184,52,1420,0.163,0.169,0.1111,0.1623
28710,인천광역시 강화군,28710,인천광역시 강화군,,2024,인천,강화군,216,7,325,81,234,10,78,5,106,28,73,5,4,15,23,21,49,23,3,213,0.3611,0.3662,0.7143,0.3262
28720,인천광역시 옹진군,28720,인천광역시 옹진군,,2024,인천,옹진군,27,2,34,13,20,1,8,1,10,4,6,0,0,5,1,3,7,2,1,26,0.2963,0.3077,0.5,0.2941
12210,전남광주통합특별시 동구,29110,광주광역시 동구,recoded 29110->12210,2024,광주,동구,448,5,617,88,496,33,106,2,140,14,122,4,16,94,39,52,98,40,3,445,0.2366,0.2382,0.4,0.2269
12240,전남광주통합특별시 서구,29140,광주광역시 서구,recoded 29140->12240,2024,광주,서구,1712,7,2677,272,2269,136,367,2,551,68,466,17,32,241,231,268,354,203,16,1696,0.2144,0.2164,0.2857,0.2058
12270,전남광주통합특별시 남구,29155,광주광역시 남구,recoded 29155->12270,2024,광주,남구,731,7,1025,141,829,55,173,3,219,32,179,8,22,78,87,115,164,89,3,728,0.2367,0.2376,0.4286,0.2137
12300,전남광주통합특별시 북구,29170,광주광역시 북구,recoded 29170->12300,2024,광주,북구,2124,8,3143,304,2644,195,472,2,704,57,596,51,51,250,290,350,446,249,16,2108,0.2222,0.2239,0.25,0.224
12330,전남광주통합특별시 광산구,29200,광주광역시 광산구,recoded 29200->12330,2024,광주,광산구,1893,14,2821,300,2448,73,314,1,451,41,399,11,59,244,266,366,421,198,25,1868,0.1659,0.1681,0.0714,0.1599
30110,대전광역시 동구,30110,대전광역시 동구,,2024,대전,동구,1132,3,1611,253,1320,38,275,0,390,67,315,8,31,131,120,168,235,161,11,1121,0.2429,0.2453,0.0,0.2421
30140,대전광역시 중구,30140,대전광역시 중구,,2024,대전,중구,1133,10,1560,229,1312,19,261,5,361,49,311,1,20,115,156,158,273,145,5,1128,0.2304,0.2314,0.5,0.2314
30170,대전광역시 서구,30170,대전광역시 서구,,2024,대전,서구,2493,8,3559,493,2962,104,485,2,691,88,589,14,41,361,406,401,487,287,25,2468,0.1945,0.1965,0.25,0.1942
30200,대전광역시 유성구,30200,대전광역시 유성구,,2024,대전,유성구,1866,9,2640,374,2144,122,365,1,506,71,414,21,24,228,309,317,379,215,29,1837,0.1956,0.1987,0.1111,0.1917
30230,대전광역시 대덕구,30230,대전광역시 대덕구,,2024,대전,대덕구,866,11,1318,207,1052,59,182,5,277,39,233,5,9,103,127,128,206,109,2,864,0.2102,0.2106,0.4545,0.2102
31110,울산광역시 중구,31110,울산광역시 중구,,2024,울산,중구,677,6,935,199,644,92,159,2,220,50,148,22,13,70,74,122,162,71,6,671,0.2349,0.237,0.3333,0.2353
31140,울산광역시 남구,31140,울산광역시 남구,,2024,울산,남구,1104,18,1387,326,965,96,208,4,279,62,198,19,21,149,155,177,245,141,8,1096,0.1884,0.1898,0.2222,0.2012
31170,울산광역시 동구,31170,울산광역시 동구,,2024,울산,동구,367,3,478,177,276,25,67,0,89,43,39,7,19,39,50,70,71,48,3,364,0.1826,0.1841,0.0,0.1862
31200,울산광역시 북구,31200,울산광역시 북구,,2024,울산,북구,706,9,1036,201,747,88,116,4,179,34,131,14,26,89,106,124,157,85,3,703,0.1643,0.165,0.4444,0.1728
31710,울산광역시 울주군,31710,울산광역시 울주군,,2024,울산,울주군,722,16,1068,241,693,134,149,4,234,57,157,20,12,53,97,121,187,101,2,720,0.2064,0.2069,0.25,0.2191
36110,세종특별자치시,36110,세종특별자치시,,2024,세종,세종시,1231,7,1809,233,1319,257,196,3,264,35,196,33,40,117,212,258,257,115,36,1195,0.1592,0.164,0.4286,0.1459
41110,경기도 수원시,41110,경기도 수원시,parent_si_of_ilbangu_2026,2024,경기,수원시,4720,24,6644,1069,5099,476,767,3,1117,174,872,71,118,635,834,806,976,526,58,4662,0.1625,0.1645,0.125,0.1681
41130,경기도 성남시,41130,경기도 성남시,parent_si_of_ilbangu_2026,2024,경기,성남시,3487,23,5073,793,3829,451,700,5,1062,166,807,89,83,333,536,620,758,406,51,3436,0.2007,0.2037,0.2174,0.2093
41150,경기도 의정부시,41150,경기도 의정부시,,2024,경기,의정부시,1442,10,1937,272,1389,276,295,2,400,59,286,55,43,166,191,230,335,173,9,1433,0.2046,0.2059,0.2,0.2065
41170,경기도 안양시,41170,경기도 안양시,parent_si_of_ilbangu_2026,2024,경기,안양시,1269,11,1719,351,1310,58,265,3,363,68,286,9,40,119,179,207,278,172,9,1260,0.2088,0.2103,0.2727,0.2112
41190,경기도 부천시,41190,경기도 부천시,parent_si: 부천시 has 일반구 since 2024-01-01 (41192/41194/41196),2024,경기,부천시,3115,12,4223,615,3306,302,582,1,751,113,581,57,125,311,433,478,743,419,24,3091,0.1868,0.1883,0.0833,0.1778
41210,경기도 광명시,41210,경기도 광명시,,2024,경기,광명시,1094,8,1489,251,1107,131,214,2,281,47,214,20,24,84,142,197,273,150,10,1084,0.1956,0.1974,0.25,0.1887
41220,경기도 평택시,41220,경기도 평택시,,2024,경기,평택시,3084,31,4660,709,3378,573,431,6,650,91,474,85,74,425,523,535,620,378,98,2986,0.1398,0.1443,0.1935,0.1395
41250,경기도 동두천시,41250,경기도 동두천시,,2024,경기,동두천시,361,1,491,92,370,29,107,0,143,18,118,7,9,34,34,39,86,48,4,357,0.2964,0.2997,0.0,0.2912
41270,경기도 안산시,41270,경기도 안산시,parent_si_of_ilbangu_2026,2024,경기,안산시,3513,21,5126,756,3895,475,511,3,742,100,583,59,136,434,527,587,842,438,38,3475,0.1455,0.1471,0.1429,0.1448
41280,경기도 고양시,41280,경기도 고양시,parent_si_of_ilbangu_2026,2024,경기,고양시,3489,31,4987,891,3711,385,722,6,1050,172,800,78,111,346,457,540,776,483,54,3435,0.2069,0.2102,0.1935,0.2105
41290,경기도 과천시,41290,경기도 과천시,,2024,경기,과천시,191,2,264,30,200,34,34,1,45,6,33,6,6,13,30,32,52,23,1,190,0.178,0.1789,0.5,0.1705
41310,경기도 구리시,41310,경기도 구리시,,2024,경기,구리시,787,4,1166,186,931,49,165,2,224,38,177,9,16,78,108,127,199,92,2,785,0.2097,0.2102,0.5,0.1921
41360,경기도 남양주시,41360,경기도 남양주시,,2024,경기,남양주시,1998,24,3039,536,2264,239,388,6,598,108,440,50,72,202,255,351,456,245,29,1969,0.1942,0.1971,0.25,0.1968
41370,경기도 오산시,41370,경기도 오산시,,2024,경기,오산시,970,11,1355,233,937,185,147,3,189,39,118,32,30,106,178,183,212,101,13,957,0.1515,0.1536,0.2727,0.1395
41390,경기도 시흥시,41390,경기도 시흥시,,2024,경기,시흥시,2259,21,3494,512,2600,382,354,5,537,84,386,67,46,267,379,390,501,287,35,2224,0.1567,0.1592,0.2381,0.1537
41410,경기도 군포시,41410,경기도 군포시,,2024,경기,군포시,485,4,672,159,460,53,102,0,144,32,104,8,13,44,67,84,104,66,5,480,0.2103,0.2125,0.0,0.2143
41430,경기도 의왕시,41430,경기도 의왕시,,2024,경기,의왕시,429,2,639,94,516,29,72,0,113,19,87,7,3,40,75,63,109,63,4,425,0.1678,0.1694,0.0,0.1768
41450,경기도 하남시,41450,경기도 하남시,,2024,경기,하남시,1148,12,1592,312,1121,159,241,3,331,59,252,20,47,106,184,178,222,146,24,1124,0.2099,0.2144,0.25,0.2079
41460,경기도 용인시,41460,경기도 용인시,parent_si_of_ilbangu_2026,2024,경기,용인시,3466,31,5407,773,4114,520,665,9,989,129,760,100,91,366,454,611,782,439,58,3408,0.1919,0.1951,0.2903,0.1829
41480,경기도 파주시,41480,경기도 파주시,,2024,경기,파주시,1652,14,2228,457,1546,225,327,3,459,92,314,53,56,177,213,275,369,209,26,1626,0.1979,0.2011,0.2143,0.206
41500,경기도 이천시,41500,경기도 이천시,,2024,경기,이천시,1060,18,1637,281,1235,121,204,2,308,46,240,22,40,141,138,185,220,119,13,1047,0.1925,0.1948,0.1111,0.1881
41550,경기도 안성시,41550,경기도 안성시,,2024,경기,안성시,1061,27,1798,257,1343,198,214,8,379,53,278,48,20,149,127,183,229,124,15,1046,0.2017,0.2046,0.2963,0.2108
41570,경기도 김포시,41570,경기도 김포시,,2024,경기,김포시,1742,14,2611,404,2021,186,374,2,539,86,419,34,28,160,226,321,394,204,35,1707,0.2147,0.2191,0.1429,0.2064
41590,경기도 화성시,41590,경기도 화성시,parent_si: 화성시 has 일반구 since 2026-02-01 (41591/41593/41595/41597),2024,경기,화성시,3711,38,5587,828,4146,613,561,4,818,108,648,62,139,411,640,728,789,374,69,3642,0.1512,0.154,0.1053,0.1464
41610,경기도 광주시,41610,경기도 광주시,,2024,경기,광주시,2106,25,3059,380,2454,225,448,3,627,76,504,47,68,176,249,361,506,282,16,2090,0.2127,0.2144,0.12,0.205
41630,경기도 양주시,41630,경기도 양주시,,2024,경기,양주시,1270,7,1825,307,1369,149,248,1,347,46,274,27,29,140,163,235,271,171,13,1257,0.1953,0.1973,0.1429,0.1901
41650,경기도 포천시,41650,경기도 포천시,,2024,경기,포천시,617,11,964,206,748,10,135,3,214,51,158,5,8,71,74,88,144,97,0,617,0.2188,0.2188,0.2727,0.222
41670,경기도 여주시,41670,경기도 여주시,,2024,경기,여주시,548,12,863,125,704,34,143,6,216,30,178,8,12,53,59,84,116,77,4,544,0.2609,0.2629,0.5,0.2503
41800,경기도 연천군,41800,경기도 연천군,,2024,경기,연천군,180,4,301,66,217,18,65,2,98,20,69,9,6,18,21,17,41,12,0,180,0.3611,0.3611,0.5,0.3256
41820,경기도 가평군,41820,경기도 가평군,,2024,경기,가평군,311,5,518,110,372,36,80,0,125,30,87,8,3,38,26,46,62,49,7,304,0.2572,0.2632,0.0,0.2413
41830,경기도 양평군,41830,경기도 양평군,,2024,경기,양평군,610,14,1039,180,768,91,200,5,337,41,274,22,10,37,57,97,132,70,7,603,0.3279,0.3317,0.3571,0.3244
43110,충청북도 청주시,43110,충청북도 청주시,parent_si_of_ilbangu_2026,2024,충북,청주시,4162,45,6156,979,4952,225,844,10,1265,190,1031,44,122,547,589,651,869,487,53,4109,0.2028,0.2054,0.2222,0.2055
43130,충청북도 충주시,43130,충청북도 충주시,,2024,충북,충주시,1105,15,1667,289,1360,18,288,5,459,87,368,4,27,129,114,152,248,138,9,1096,0.2606,0.2628,0.3333,0.2753
43150,충청북도 제천시,43150,충청북도 제천시,,2024,충북,제천시,807,11,1261,205,942,114,225,2,360,57,277,26,24,84,91,106,175,102,0,807,0.2788,0.2788,0.1818,0.2855
43720,충청북도 보은군,43720,충청북도 보은군,,2024,충북,보은군,136,8,203,81,122,0,48,4,70,32,38,0,4,8,10,21,28,17,0,136,0.3529,0.3529,0.5,0.3448
43730,충청북도 옥천군,43730,충청북도 옥천군,,2024,충북,옥천군,183,9,272,85,178,9,66,2,83,30,53,0,5,12,12,22,42,23,1,182,0.3607,0.3626,0.2222,0.3051
43740,충청북도 영동군,43740,충청북도 영동군,,2024,충북,영동군,149,6,180,80,99,1,49,3,47,22,24,1,3,6,10,15,37,28,1,148,0.3289,0.3311,0.5,0.2611
43745,충청북도 증평군,43745,충청북도 증평군,,2024,충북,증평군,156,5,210,43,162,5,45,2,65,8,56,1,3,15,21,22,33,16,1,155,0.2885,0.2903,0.4,0.3095
43750,충청북도 진천군,43750,충청북도 진천군,,2024,충북,진천군,525,15,712,140,563,9,99,0,147,28,116,3,15,61,73,96,103,72,6,519,0.1886,0.1908,0.0,0.2065
43760,충청북도 괴산군,43760,충청북도 괴산군,,2024,충북,괴산군,140,8,248,60,175,13,44,2,75,20,51,4,0,10,9,24,27,26,0,140,0.3143,0.3143,0.25,0.3024
43770,충청북도 음성군,43770,충청북도 음성군,,2024,충북,음성군,492,15,734,183,499,52,105,5,152,38,105,9,5,41,61,70,130,74,6,486,0.2134,0.216,0.3333,0.2071
43800,충청북도 단양군,43800,충청북도 단양군,,2024,충북,단양군,134,7,205,53,148,4,45,1,65,19,43,3,2,10,12,17,28,20,0,134,0.3358,0.3358,0.1429,0.3171
44130,충청남도 천안시,44130,충청남도 천안시,parent_si_of_ilbangu_2026,2024,충남,천안시,3368,41,4755,747,3529,479,528,8,749,102,598,49,99,477,552,577,736,351,48,3320,0.1568,0.159,0.1951,0.1575
44150,충청남도 공주시,44150,충청남도 공주시,,2024,충남,공주시,378,22,631,151,457,23,96,8,148,40,98,10,2,39,49,56,87,47,2,376,0.254,0.2553,0.3636,0.2345
44180,충청남도 보령시,44180,충청남도 보령시,,2024,충남,보령시,290,9,408,133,272,3,94,4,139,47,91,1,7,27,28,47,56,31,0,290,0.3241,0.3241,0.4444,0.3407
44200,충청남도 아산시,44200,충청남도 아산시,,2024,충남,아산시,1405,31,1939,377,1524,38,227,11,303,72,225,6,37,162,235,278,302,150,14,1391,0.1616,0.1632,0.3548,0.1563
44210,충청남도 서산시,44210,충청남도 서산시,,2024,충남,서산시,725,22,1089,310,746,33,160,2,247,88,153,6,25,70,93,104,176,97,0,725,0.2207,0.2207,0.0909,0.2268
44230,충청남도 논산시,44230,충청남도 논산시,,2024,충남,논산시,354,7,579,194,331,54,107,4,172,69,91,12,13,27,36,46,77,42,6,348,0.3023,0.3075,0.5714,0.2971
44250,충청남도 계룡시,44250,충청남도 계룡시,,2024,충남,계룡시,78,0,129,22,98,9,15,0,25,3,18,4,1,11,13,9,24,5,0,78,0.1923,0.1923,,0.1938
44270,충청남도 당진시,44270,충청남도 당진시,,2024,충남,당진시,654,22,992,135,843,14,129,10,171,32,135,4,4,72,106,108,158,73,4,650,0.1972,0.1985,0.4545,0.1724
44710,충청남도 금산군,44710,충청남도 금산군,,2024,충남,금산군,179,10,242,67,172,3,53,4,69,16,53,0,6,10,12,28,41,29,0,179,0.2961,0.2961,0.4,0.2851
44760,충청남도 부여군,44760,충청남도 부여군,,2024,충남,부여군,226,11,285,165,119,1,85,5,107,59,47,1,3,11,22,26,53,26,0,226,0.3761,0.3761,0.4545,0.3754
44770,충청남도 서천군,44770,충청남도 서천군,,2024,충남,서천군,210,11,342,105,228,9,86,6,130,41,85,4,2,15,14,20,44,29,0,210,0.4095,0.4095,0.5455,0.3801
44790,충청남도 청양군,44790,충청남도 청양군,,2024,충남,청양군,142,8,189,71,112,6,56,3,69,26,41,2,3,11,10,11,34,17,0,142,0.3944,0.3944,0.375,0.3651
44800,충청남도 홍성군,44800,충청남도 홍성군,,2024,충남,홍성군,317,16,376,105,262,9,81,7,99,27,68,4,7,27,29,54,71,46,2,315,0.2555,0.2571,0.4375,0.2633
44810,충청남도 예산군,44810,충청남도 예산군,,2024,충남,예산군,322,17,477,140,316,21,109,7,173,41,129,3,6,21,27,39,71,48,1,321,0.3385,0.3396,0.4118,0.3627
44825,충청남도 태안군,44825,충청남도 태안군,,2024,충남,태안군,248,6,373,135,224,14,93,1,152,57,89,6,5,23,24,26,47,30,0,248,0.375,0.375,0.1667,0.4075
12110,전남광주통합특별시 목포시,46110,전라남도 목포시,recoded 46110->12110,2024,전남,목포시,1196,9,1854,196,1590,68,295,1,457,54,391,12,28,145,128,191,252,147,10,1186,0.2467,0.2487,0.1111,0.2465
12130,전남광주통합특별시 여수시,46130,전라남도 여수시,recoded 46130->12130,2024,전남,여수시,1417,16,1973,312,1590,71,317,5,442,64,364,14,24,150,193,251,299,175,8,1409,0.2237,0.225,0.3125,0.224
12150,전남광주통합특별시 순천시,46150,전라남도 순천시,recoded 46150->12150,2024,전남,순천시,1082,24,1606,277,1273,56,248,10,356,70,277,9,25,123,135,144,263,143,1,1081,0.2292,0.2294,0.4167,0.2217
12170,전남광주통합특별시 나주시,46170,전라남도 나주시,recoded 46170->12170,2024,전남,나주시,634,16,1019,146,850,23,156,8,256,42,213,1,14,72,76,105,122,84,5,629,0.2461,0.248,0.5,0.2512
12190,전남광주통합특별시 광양시,46230,전라남도 광양시,recoded 46230->12190,2024,전남,광양시,617,8,904,148,668,88,102,2,136,21,102,13,17,68,78,108,160,84,0,617,0.1653,0.1653,0.25,0.1504
12710,전남광주통합특별시 담양군,46710,전라남도 담양군,recoded 46710->12710,2024,전남,담양군,270,14,475,82,383,10,83,7,149,25,120,4,1,29,22,27,62,44,2,268,0.3074,0.3097,0.5,0.3137
12720,전남광주통합특별시 곡성군,46720,전라남도 곡성군,recoded 46720->12720,2024,전남,곡성군,90,4,149,47,99,3,34,3,61,13,48,0,2,10,5,11,17,11,0,90,0.3778,0.3778,0.75,0.4094
12730,전남광주통합특별시 구례군,46730,전라남도 구례군,recoded 46730->12730,2024,전남,구례군,112,3,176,35,137,4,40,2,70,15,53,2,1,8,9,9,24,21,0,112,0.3571,0.3571,0.6667,0.3977
12740,전남광주통합특별시 고흥군,46770,전라남도 고흥군,recoded 46770->12740,2024,전남,고흥군,142,11,172,79,92,1,52,6,59,33,26,0,3,5,12,15,36,19,0,142,0.3662,0.3662,0.5455,0.343
12750,전남광주통합특별시 보성군,46780,전라남도 보성군,recoded 46780->12750,2024,전남,보성군,157,5,246,67,178,1,57,1,84,28,55,1,1,10,8,14,35,30,2,155,0.3631,0.3677,0.2,0.3415
12760,전남광주통합특별시 화순군,46790,전라남도 화순군,recoded 46790->12760,2024,전남,화순군,236,9,361,73,267,21,78,4,118,28,88,2,8,15,23,35,42,34,1,235,0.3305,0.3319,0.4444,0.3269
12770,전남광주통합특별시 장흥군,46800,전라남도 장흥군,recoded 46800->12770,2024,전남,장흥군,220,6,331,86,228,17,78,3,104,29,66,9,0,21,14,35,35,37,0,220,0.3545,0.3545,0.5,0.3142
12780,전남광주통합특별시 강진군,46810,전라남도 강진군,recoded 46810->12780,2024,전남,강진군,277,7,436,93,304,39,105,5,146,32,100,14,3,19,32,22,62,34,0,277,0.3791,0.3791,0.7143,0.3349
12790,전남광주통합특별시 해남군,46820,전라남도 해남군,recoded 46820->12790,2024,전남,해남군,272,10,401,117,269,15,95,2,157,48,107,2,4,21,23,30,65,33,1,271,0.3493,0.3506,0.2,0.3915
12800,전남광주통합특별시 영암군,46830,전라남도 영암군,recoded 46830->12800,2024,전남,영암군,397,13,630,119,468,43,109,4,177,33,126,18,6,35,38,50,101,55,3,394,0.2746,0.2766,0.3077,0.281
12810,전남광주통합특별시 무안군,46840,전라남도 무안군,recoded 46840->12810,2024,전남,무안군,331,10,474,92,375,7,81,3,114,17,95,2,8,34,51,54,61,42,0,331,0.2447,0.2447,0.3,0.2405
12820,전남광주통합특별시 함평군,46860,전라남도 함평군,recoded 46860->12820,2024,전남,함평군,129,4,226,47,154,25,50,1,84,16,53,15,1,5,13,14,22,24,0,129,0.3876,0.3876,0.25,0.3717
12830,전남광주통합특별시 영광군,46870,전라남도 영광군,recoded 46870->12830,2024,전남,영광군,135,3,194,58,126,10,46,1,71,25,39,7,4,8,6,13,28,29,1,134,0.3407,0.3433,0.3333,0.366
12840,전남광주통합특별시 장성군,46880,전라남도 장성군,recoded 46880->12840,2024,전남,장성군,193,13,307,73,215,19,59,4,88,35,49,4,1,21,18,20,45,27,2,191,0.3057,0.3089,0.3077,0.2866
12850,전남광주통합특별시 완도군,46890,전라남도 완도군,recoded 46890->12850,2024,전남,완도군,121,3,185,27,156,2,41,2,62,13,48,1,0,7,11,16,25,21,0,121,0.3388,0.3388,0.6667,0.3351
12860,전남광주통합특별시 진도군,46900,전라남도 진도군,recoded 46900->12860,2024,전남,진도군,99,6,144,49,95,0,33,5,45,19,26,0,2,5,6,8,33,12,0,99,0.3333,0.3333,0.8333,0.3125
12870,전남광주통합특별시 신안군,46910,전라남도 신안군,recoded 46910->12870,2024,전남,신안군,86,7,143,34,107,2,38,4,60,18,42,0,0,5,1,9,19,14,0,86,0.4419,0.4419,0.5714,0.4196
47110,경상북도 포항시,47110,경상북도 포항시,parent_si_of_ilbangu_2026,2024,경북,포항시,2501,20,3680,625,2817,238,647,6,916,160,711,45,60,246,299,394,519,313,23,2478,0.2587,0.2611,0.3,0.2489
47130,경상북도 경주시,47130,경상북도 경주시,,2024,경북,경주시,882,36,1274,437,787,50,214,15,315,118,183,14,16,98,88,139,192,123,12,870,0.2426,0.246,0.4167,0.2473
47150,경상북도 김천시,47150,경상북도 김천시,,2024,경북,김천시,455,12,632,229,395,8,151,3,211,73,135,3,11,29,43,56,97,67,1,454,0.3319,0.3326,0.25,0.3339
47170,경상북도 안동시,47170,경상북도 안동시,,2024,경북,안동시,798,13,1220,264,801,155,240,4,377,94,236,47,24,57,97,102,171,103,4,794,0.3008,0.3023,0.3077,0.309
47190,경상북도 구미시,47190,경상북도 구미시,,2024,경북,구미시,1451,26,1948,466,1365,117,237,7,309,93,198,18,29,166,221,284,307,200,7,1444,0.1633,0.1641,0.2692,0.1586
47210,경상북도 영주시,47210,경상북도 영주시,,2024,경북,영주시,249,14,303,103,172,28,77,7,90,34,46,10,7,17,17,39,61,31,0,249,0.3092,0.3092,0.5,0.297
47230,경상북도 영천시,47230,경상북도 영천시,,2024,경북,영천시,453,16,627,164,447,16,159,6,207,66,137,4,9,25,50,58,93,57,2,451,0.351,0.3525,0.375,0.3301
47250,경상북도 상주시,47250,경상북도 상주시,,2024,경북,상주시,375,25,508,170,324,14,122,11,161,48,111,2,9,19,22,47,83,72,1,374,0.3253,0.3262,0.44,0.3169
47280,경상북도 문경시,47280,경상북도 문경시,,2024,경북,문경시,243,8,349,87,244,18,88,3,107,31,69,7,2,21,24,31,50,27,0,243,0.3621,0.3621,0.375,0.3066
47290,경상북도 경산시,47290,경상북도 경산시,,2024,경북,경산시,925,15,1243,284,936,23,185,5,241,45,192,4,25,138,130,137,194,113,3,922,0.2,0.2007,0.3333,0.1939
47730,경상북도 의성군,47730,경상북도 의성군,,2024,경북,의성군,215,22,293,128,163,2,88,7,115,52,63,0,1,6,17,28,37,38,0,215,0.4093,0.4093,0.3182,0.3925
47750,경상북도 청송군,47750,경상북도 청송군,,2024,경북,청송군,149,5,200,50,110,40,59,2,76,19,43,14,1,7,16,14,22,30,0,149,0.396,0.396,0.4,0.38
47760,경상북도 영양군,47760,경상북도 영양군,,2024,경북,영양군,75,3,86,13,65,8,23,0,27,3,21,3,1,7,2,5,15,20,2,73,0.3067,0.3151,0.0,0.314
47770,경상북도 영덕군,47770,경상북도 영덕군,,2024,경북,영덕군,205,5,339,99,233,7,65,2,91,20,69,2,1,12,16,32,46,32,1,204,0.3171,0.3186,0.4,0.2684
47820,경상북도 청도군,47820,경상북도 청도군,,2024,경북,청도군,184,7,246,93,149,4,69,4,96,38,57,1,2,20,15,21,34,21,2,182,0.375,0.3791,0.5714,0.3902
47830,경상북도 고령군,47830,경상북도 고령군,,2024,경북,고령군,60,5,86,27,50,9,21,2,25,5,16,4,0,4,7,7,14,7,0,60,0.35,0.35,0.4,0.2907
47840,경상북도 성주군,47840,경상북도 성주군,,2024,경북,성주군,202,9,322,65,237,20,66,4,101,25,70,6,0,15,10,22,49,40,0,202,0.3267,0.3267,0.4444,0.3137
47850,경상북도 칠곡군,47850,경상북도 칠곡군,,2024,경북,칠곡군,553,8,829,171,599,59,98,2,139,44,88,7,11,60,74,105,135,70,0,553,0.1772,0.1772,0.25,0.1677
47900,경상북도 예천군,47900,경상북도 예천군,,2024,경북,예천군,182,8,249,105,137,7,64,4,88,44,42,2,1,13,23,21,31,27,2,180,0.3516,0.3556,0.5,0.3534
47920,경상북도 봉화군,47920,경상북도 봉화군,,2024,경북,봉화군,109,3,158,82,67,9,35,1,43,19,18,6,2,9,9,11,19,20,4,105,0.3211,0.3333,0.3333,0.2722
47930,경상북도 울진군,47930,경상북도 울진군,,2024,경북,울진군,131,4,202,68,97,37,43,3,56,20,27,9,1,8,12,16,31,18,2,129,0.3282,0.3333,0.75,0.2772
47940,경상북도 울릉군,47940,경상북도 울릉군,,2024,경북,울릉군,6,0,7,2,5,0,1,0,1,0,1,0,0,0,0,1,2,2,0,6,0.1667,0.1667,,0.1429
48120,경상남도 창원시,48120,경상남도 창원시,parent_si_of_ilbangu_2026,2024,경남,창원시,2757,36,3641,883,2493,265,578,12,735,179,507,49,46,270,351,451,655,382,24,2733,0.2096,0.2115,0.3333,0.2019
48170,경상남도 진주시,48170,경상남도 진주시,,2024,경남,진주시,617,22,758,303,423,32,138,6,172,74,89,9,12,68,73,100,148,76,2,615,0.2237,0.2244,0.2727,0.2269
48220,경상남도 통영시,48220,경상남도 통영시,,2024,경남,통영시,689,10,1021,209,761,51,170,3,226,42,172,12,22,45,61,130,154,102,5,684,0.2467,0.2485,0.3,0.2214
48240,경상남도 사천시,48240,경상남도 사천시,,2024,경남,사천시,504,8,714,192,479,43,123,2,183,60,114,9,15,39,33,91,128,68,7,497,0.244,0.2475,0.25,0.2563
48250,경상남도 김해시,48250,경상남도 김해시,,2024,경남,김해시,1777,27,2475,673,1645,157,321,5,469,133,305,31,52,215,229,314,397,231,18,1759,0.1806,0.1825,0.1852,0.1895
48270,경상남도 밀양시,48270,경상남도 밀양시,,2024,경남,밀양시,485,22,657,264,335,58,130,8,173,78,81,14,4,44,55,57,121,71,3,482,0.268,0.2697,0.3636,0.2633
48310,경상남도 거제시,48310,경상남도 거제시,,2024,경남,거제시,820,7,1138,333,749,56,125,2,231,68,159,4,30,79,116,182,176,104,8,812,0.1524,0.1539,0.2857,0.203
48330,경상남도 양산시,48330,경상남도 양산시,,2024,경남,양산시,1205,23,1588,390,1055,143,240,6,311,85,204,22,34,113,153,224,250,178,13,1192,0.1992,0.2013,0.2609,0.1958
48720,경상남도 의령군,48720,경상남도 의령군,,2024,경남,의령군,104,6,134,44,86,4,37,2,44,17,27,0,0,10,4,12,17,24,0,104,0.3558,0.3558,0.3333,0.3284
48730,경상남도 함안군,48730,경상남도 함안군,,2024,경남,함안군,315,9,434,144,256,34,90,6,132,47,71,14,2,26,23,46,81,45,2,313,0.2857,0.2875,0.6667,0.3041
48740,경상남도 창녕군,48740,경상남도 창녕군,,2024,경남,창녕군,284,13,407,192,204,11,89,5,118,56,58,4,2,14,26,37,69,46,1,283,0.3134,0.3145,0.3846,0.2899
48820,경상남도 고성군,48820,경상남도 고성군,,2024,경남,고성군,178,4,251,87,158,6,55,1,70,24,46,0,3,5,15,21,44,34,1,177,0.309,0.3107,0.25,0.2789
48840,경상남도 남해군,48840,경상남도 남해군,,2024,경남,남해군,156,8,229,110,87,32,62,5,87,48,29,10,2,11,8,23,29,21,0,156,0.3974,0.3974,0.625,0.3799
48850,경상남도 하동군,48850,경상남도 하동군,,2024,경남,하동군,169,4,251,99,135,17,74,3,99,42,43,14,2,8,16,11,36,21,1,168,0.4379,0.4405,0.75,0.3944
48860,경상남도 산청군,48860,경상남도 산청군,,2024,경남,산청군,135,9,223,81,124,18,53,4,78,31,42,5,2,11,7,16,32,14,0,135,0.3926,0.3926,0.4444,0.3498
48870,경상남도 함양군,48870,경상남도 함양군,,2024,경남,함양군,186,11,229,69,123,37,67,7,68,25,28,15,7,9,14,20,37,31,1,185,0.3602,0.3622,0.6364,0.2969
48880,경상남도 거창군,48880,경상남도 거창군,,2024,경남,거창군,162,6,196,94,95,7,43,0,55,31,21,3,10,11,6,27,38,27,0,162,0.2654,0.2654,0.0,0.2806
48890,경상남도 합천군,48890,경상남도 합천군,,2024,경남,합천군,160,8,211,87,101,23,50,1,65,21,37,7,2,10,11,26,34,27,0,160,0.3125,0.3125,0.125,0.3081
50110,제주특별자치도 제주시,50110,제주특별자치도 제주시,,2024,제주,제주시,2853,25,4060,715,2929,416,507,4,724,118,553,53,45,396,410,526,642,307,20,2833,0.1777,0.179,0.16,0.1783
50130,제주특별자치도 서귀포시,50130,제주특별자치도 서귀포시,,2024,제주,서귀포시,1110,23,1684,333,1133,218,257,4,367,80,251,36,27,120,142,197,245,112,10,1100,0.2315,0.2336,0.1739,0.2179
51110,강원특별자치도 춘천시,51110,강원특별자치도 춘천시,,2024,강원,춘천시,1394,18,2144,373,1231,540,327,4,520,83,306,131,28,178,155,183,315,172,36,1358,0.2346,0.2408,0.2222,0.2425
51130,강원특별자치도 원주시,51130,강원특별자치도 원주시,,2024,강원,원주시,1345,15,2043,379,1520,144,286,3,436,80,306,50,29,162,177,200,297,180,14,1331,0.2126,0.2149,0.2,0.2134
51150,강원특별자치도 강릉시,51150,강원특별자치도 강릉시,,2024,강원,강릉시,666,13,985,203,771,11,170,1,286,65,218,3,7,93,78,106,127,84,1,665,0.2553,0.2556,0.0769,0.2904
51170,강원특별자치도 동해시,51170,강원특별자치도 동해시,,2024,강원,동해시,266,4,365,89,261,15,79,2,104,29,73,2,2,18,19,46,66,36,0,266,0.297,0.297,0.5,0.2849
51190,강원특별자치도 태백시,51190,강원특별자치도 태백시,,2024,강원,태백시,230,3,348,48,284,16,83,3,118,15,102,1,0,10,28,32,47,30,0,230,0.3609,0.3609,1.0,0.3391
51210,강원특별자치도 속초시,51210,강원특별자치도 속초시,,2024,강원,속초시,338,5,514,156,356,2,91,1,135,39,96,0,5,44,38,46,71,43,0,338,0.2692,0.2692,0.2,0.2626
51230,강원특별자치도 삼척시,51230,강원특별자치도 삼척시,,2024,강원,삼척시,201,6,312,80,232,0,61,2,95,25,70,0,0,17,14,39,43,27,0,201,0.3035,0.3035,0.3333,0.3045
51720,강원특별자치도 홍천군,51720,강원특별자치도 홍천군,,2024,강원,홍천군,199,7,315,79,218,18,62,2,101,29,62,10,2,20,20,25,40,28,2,197,0.3116,0.3147,0.2857,0.3206
51730,강원특별자치도 횡성군,51730,강원특별자치도 횡성군,,2024,강원,횡성군,163,7,276,80,180,16,51,5,84,30,51,3,0,13,12,23,44,20,0,163,0.3129,0.3129,0.7143,0.3043
51750,강원특별자치도 영월군,51750,강원특별자치도 영월군,,2024,강원,영월군,174,6,241,66,152,23,75,1,94,26,57,11,1,10,12,20,34,22,0,174,0.431,0.431,0.1667,0.39
51760,강원특별자치도 평창군,51760,강원특별자치도 평창군,,2024,강원,평창군,194,5,381,67,290,24,67,0,125,31,89,5,1,18,19,29,35,25,0,194,0.3454,0.3454,0.0,0.3281
51770,강원특별자치도 정선군,51770,강원특별자치도 정선군,,2024,강원,정선군,172,7,280,54,223,3,54,2,82,16,65,1,2,5,21,24,37,29,0,172,0.314,0.314,0.2857,0.2929
51780,강원특별자치도 철원군,51780,강원특별자치도 철원군,,2024,강원,철원군,94,7,150,32,109,9,28,5,36,7,27,2,1,6,15,9,25,10,0,94,0.2979,0.2979,0.7143,0.24
51790,강원특별자치도 화천군,51790,강원특별자치도 화천군,,2024,강원,화천군,109,3,215,52,126,37,23,2,38,10,22,6,3,17,15,14,17,20,0,109,0.211,0.211,0.6667,0.1767
51800,강원특별자치도 양구군,51800,강원특별자치도 양구군,,2024,강원,양구군,58,1,95,13,54,28,17,0,22,3,14,5,0,4,9,8,11,9,0,58,0.2931,0.2931,0.0,0.2316
51810,강원특별자치도 인제군,51810,강원특별자치도 인제군,,2024,강원,인제군,83,4,157,32,110,15,15,2,24,8,14,2,0,11,7,11,16,23,0,83,0.1807,0.1807,0.5,0.1529
51820,강원특별자치도 고성군,51820,강원특별자치도 고성군,,2024,강원,고성군,96,5,158,27,126,5,27,2,48,7,39,2,0,16,7,16,18,12,0,96,0.2812,0.2812,0.4,0.3038
51830,강원특별자치도 양양군,51830,강원특별자치도 양양군,,2024,강원,양양군,148,5,267,70,195,2,32,0,49,15,34,0,3,22,16,20,32,23,0,148,0.2162,0.2162,0.0,0.1835
52110,전북특별자치도 전주시,52110,전북특별자치도 전주시,parent_si_of_ilbangu_2026,2024,전북,전주시,2178,23,3171,562,2560,49,520,6,774,141,607,26,42,269,263,339,459,272,14,2164,0.2388,0.2403,0.2609,0.2441
52130,전북특별자치도 군산시,52130,전북특별자치도 군산시,,2024,전북,군산시,1103,25,1590,233,1212,145,287,12,404,61,306,37,23,119,128,168,229,141,8,1095,0.2602,0.2621,0.48,0.2541
52140,전북특별자치도 익산시,52140,전북특별자치도 익산시,,2024,전북,익산시,723,22,1034,209,809,16,198,6,284,50,233,1,17,84,83,81,146,103,11,712,0.2739,0.2781,0.2727,0.2747
52180,전북특별자치도 정읍시,52180,전북특별자치도 정읍시,,2024,전북,정읍시,351,15,516,136,373,7,103,6,152,44,105,3,9,32,31,50,75,51,0,351,0.2934,0.2934,0.4,0.2946
52190,전북특별자치도 남원시,52190,전북특별자치도 남원시,,2024,전북,남원시,197,7,239,102,132,5,73,6,86,38,48,0,1,19,20,22,39,23,0,197,0.3706,0.3706,0.8571,0.3598
52210,전북특별자치도 김제시,52210,전북특별자치도 김제시,,2024,전북,김제시,258,10,386,104,279,3,71,6,103,24,79,0,3,27,26,40,53,38,0,258,0.2752,0.2752,0.6,0.2668
52710,전북특별자치도 완주군,52710,전북특별자치도 완주군,,2024,전북,완주군,316,21,467,100,357,10,84,6,118,24,91,3,7,29,27,53,73,40,3,313,0.2658,0.2684,0.2857,0.2527
52720,전북특별자치도 진안군,52720,전북특별자치도 진안군,,2024,전북,진안군,75,4,119,37,78,4,20,2,29,8,21,0,3,3,8,6,11,24,0,75,0.2667,0.2667,0.5,0.2437
52730,전북특별자치도 무주군,52730,전북특별자치도 무주군,,2024,전북,무주군,76,4,113,37,76,0,19,1,29,14,15,0,0,7,10,8,17,15,0,76,0.25,0.25,0.25,0.2566
52740,전북특별자치도 장수군,52740,전북특별자치도 장수군,,2024,전북,장수군,47,7,65,30,35,0,17,2,23,9,14,0,1,3,6,4,11,5,0,47,0.3617,0.3617,0.2857,0.3538
52750,전북특별자치도 임실군,52750,전북특별자치도 임실군,,2024,전북,임실군,103,5,175,47,122,6,41,1,57,25,31,1,2,5,5,13,26,11,0,103,0.3981,0.3981,0.2,0.3257
52770,전북특별자치도 순창군,52770,전북특별자치도 순창군,,2024,전북,순창군,117,7,188,39,117,32,52,4,76,19,41,16,1,3,8,10,28,15,0,117,0.4444,0.4444,0.5714,0.4043
52790,전북특별자치도 고창군,52790,전북특별자치도 고창군,,2024,전북,고창군,120,14,166,43,123,0,40,5,58,23,35,0,0,4,23,20,22,11,0,120,0.3333,0.3333,0.3571,0.3494
52800,전북특별자치도 부안군,52800,전북특별자치도 부안군,,2024,전북,부안군,177,10,258,105,153,0,63,3,93,44,49,0,1,11,18,24,32,28,0,177,0.3559,0.3559,0.3,0.3605
