sgg_cd,sgg_nm,sgg_cd_ref,sgg_nm_ref,map_note,ref_date,src_name,area_m2,area_km2,parcels,area_km2_전,area_km2_답,area_km2_과수원,area_km2_목장용지,area_km2_임야,area_km2_광천지,area_km2_염전,area_km2_대,area_km2_공장용지,area_km2_학교용지,area_km2_주차장,area_km2_주유소용지,area_km2_창고용지,area_km2_도로,area_km2_철도용지,area_km2_제방,area_km2_하천,area_km2_구거,area_km2_유지,area_km2_양어장,area_km2_수도용지,area_km2_공원,area_km2_체육용지,area_km2_유원지,area_km2_종교용지,area_km2_사적지,area_km2_묘지,area_km2_잡종지,area_km2_public_owned
11110,서울특별시 종로구,11110,서울특별시 종로구,,2025-12-31,서울특별시 종로구,23913516.3,23.913516,49130,0.796998,0.0,0.0,0.0,9.359193,0.0,0.0,8.197069,0.0,0.906667,0.02326,0.005975,0.0,2.385703,0.000933,0.010947,0.275951,0.163734,0.0,0.0,8.5e-05,0.320402,0.0,0.0,0.107295,1.244517,0.011001,0.103785,14.346435
11140,서울특별시 중구,11140,서울특별시 중구,,2025-12-31,서울특별시 중구,9962456.1,9.962456,34344,0.0,0.0,0.0,0.0,1.273149,0.0,0.0,5.198377,0.006991,0.406537,0.037821,0.004759,0.0,2.139864,0.122766,0.0,0.029443,0.014582,0.0,0.0,0.028261,0.464063,0.012104,0.0,0.114362,0.10321,0.0,0.006166,4.743367
11170,서울특별시 용산구,11170,서울특별시 용산구,,2025-12-31,서울특별시 용산구,21868358.0,21.868358,44451,0.03627,0.0,0.0,0.0,1.601714,0.0,0.0,10.063748,0.0,0.527853,0.018724,0.006436,0.001975,2.510691,1.205368,0.155422,4.760507,0.086931,0.044896,0.0,0.000402,0.198788,0.001299,0.0,0.083917,0.001548,0.043594,0.518276,14.478067
11200,서울특별시 성동구,11200,서울특별시 성동구,,2025-12-31,서울특별시 성동구,16820506.0,16.820506,26346,0.157751,0.012994,0.0,0.0,0.256496,0.0,0.0,6.252136,0.475821,0.954166,0.012141,0.003671,0.009331,2.281235,0.29019,0.357584,3.745137,0.079605,0.101107,0.0,0.259636,0.722743,0.022068,0.000121,0.075654,0.0,0.011996,0.738924,9.410812
11215,서울특별시 광진구,11215,서울특별시 광진구,,2025-12-31,서울특별시 광진구,17062900.1,17.0629,32579,0.026051,0.010935,0.0,0.0,2.472843,0.0,0.0,6.993048,9.1e-05,1.059171,0.019074,0.019599,0.0,2.520477,0.003221,0.172645,2.524435,0.068,0.037065,0.0,0.28962,0.726981,0.036739,0.0,0.05446,0.0,0.008367,0.020077,7.345826
11230,서울특별시 동대문구,11230,서울특별시 동대문구,,2025-12-31,서울특별시 동대문구,14215798.8,14.215799,40338,0.039567,0.014885,0.0,0.0,0.721524,0.0,0.0,7.80176,0.00391,1.312898,0.01096,0.018676,0.0,2.633548,0.422795,0.138435,0.573932,0.07405,0.004324,0.0,0.000724,0.325496,0.005826,0.0,0.087927,0.0,0.008054,0.016509,5.490453
11260,서울특별시 중랑구,11260,서울특별시 중랑구,,2025-12-31,서울특별시 중랑구,18498272.1,18.498272,38653,0.252936,0.108122,0.133836,0.0,2.487046,0.0,0.0,7.267374,0.004235,0.660204,0.096502,0.016431,0.007142,2.878987,0.413199,0.170787,0.908518,0.16371,0.085389,0.0,0.003958,1.159848,0.0,0.0,0.076956,0.0,1.411724,0.191367,8.468609
11290,서울특별시 성북구,11290,서울특별시 성북구,,2025-12-31,서울특별시 성북구,24590216.3,24.590216,53117,0.039793,0.017168,0.0,0.0,8.052272,0.0,0.0,10.216904,0.0,1.630388,0.0134,0.024457,0.001443,2.753139,0.12341,0.036688,0.559472,0.142436,0.00081,0.0,0.006103,0.588564,0.0,0.0,0.212254,0.10263,0.000364,0.06852,11.832214
11305,서울특별시 강북구,11305,서울특별시 강북구,,2025-12-31,서울특별시 강북구,23605640.5,23.60564,40343,0.063374,0.030067,0.0,0.0,12.515152,0.0,0.0,6.677223,0.00429,0.551611,0.02821,0.016211,0.000192,2.005407,0.004323,6.5e-05,0.33659,0.08729,0.002092,0.0,0.022944,0.923074,0.0,0.009554,0.158618,0.0,0.073975,0.095377,13.806717
11320,서울특별시 도봉구,11320,서울특별시 도봉구,,2025-12-31,서울특별시 도봉구,20650994.0,20.650994,22540,0.224845,0.093101,0.025546,0.0,9.571039,0.0,0.0,6.193783,0.016417,0.742113,0.079142,0.018246,0.005115,2.08623,0.178637,0.015288,0.473463,0.178455,2.1e-05,0.0,0.000403,0.539458,0.069235,0.001736,0.057798,0.0,0.004224,0.0767,7.694556
11350,서울특별시 노원구,11350,서울특별시 노원구,,2025-12-31,서울특별시 노원구,35457139.8,35.45714,20538,0.182504,0.157232,0.017574,0.0,15.380215,0.0,0.0,9.370801,0.003088,2.48984,0.026334,0.023371,0.005414,2.890144,0.648049,0.126642,1.094866,0.095717,0.039168,0.0,0.09272,0.791589,0.650239,0.0,0.146971,0.0,0.017393,1.207269,17.299288
11380,서울특별시 은평구,11380,서울특별시 은평구,,2025-12-31,서울특별시 은평구,29710736.0,29.710736,47020,0.340748,0.14719,0.0,0.0,12.988901,0.0,0.0,10.013775,0.0,0.750828,0.098223,0.01973,0.0,2.988969,0.168305,0.000737,0.520742,0.246171,0.015428,0.0,0.04255,0.982136,0.005104,0.00852,0.139309,0.00699,0.022593,0.203786,14.510698
11410,서울특별시 서대문구,11410,서울특별시 서대문구,,2025-12-31,서울특별시 서대문구,17628926.1,17.628926,38659,0.057846,0.003885,0.0,0.0,4.42795,0.0,0.0,7.132991,0.0,2.21564,0.020595,0.009439,0.0,2.175495,0.211655,0.0,0.439421,0.065848,0.0,0.0,0.022777,0.691186,0.0,0.0,0.082972,2.3e-05,0.053139,0.018064,7.398047
11440,서울특별시 마포구,11440,서울특별시 마포구,,2025-12-31,서울특별시 마포구,23854436.1,23.854436,39819,0.274246,0.100666,0.0,0.0,0.315774,0.0,0.0,8.549842,0.017025,0.710302,0.040146,0.009976,0.000835,3.524153,0.564153,0.209271,5.765469,0.087017,0.094721,0.0,0.01015,2.833495,0.0,0.0,0.085191,0.000263,0.010052,0.651689,14.775974
11470,서울특별시 양천구,11470,서울특별시 양천구,,2025-12-31,서울특별시 양천구,17407258.6,17.407259,21565,0.100625,0.011998,0.0,0.0,1.06362,0.0,0.0,8.670729,0.008899,0.806457,0.180307,0.038164,0.0,3.094475,0.23551,0.21026,0.446846,0.198861,0.149046,0.0,0.03605,1.75224,0.1467,0.0,0.080519,0.0,0.000974,0.174978,7.496305
11500,서울특별시 강서구,11500,서울특별시 강서구,,2025-12-31,서울특별시 강서구,41452073.1,41.452073,43982,1.436239,2.801265,0.066601,0.0,2.743331,0.0,0.0,11.96035,0.171314,0.967738,0.142777,0.057958,0.01571,4.39679,0.415653,0.60838,3.652123,0.547271,0.18689,0.0,0.001421,1.820301,0.037301,0.0,0.097411,0.003719,0.012608,9.308923,20.71234
11530,서울특별시 구로구,11530,서울특별시 구로구,,2025-12-31,서울특별시 구로구,20120849.7,20.12085,36198,0.338582,0.23557,0.0,0.0,2.870419,0.0,0.0,8.563718,0.571774,0.83945,0.037259,0.024279,0.004178,2.918299,0.902032,0.065791,0.967846,0.266571,0.100582,0.0,0.027009,1.019099,0.001125,0.0,0.109542,0.0,0.008458,0.249267,7.718171
11545,서울특별시 금천구,11545,서울특별시 금천구,,2025-12-31,서울특별시 금천구,13018923.5,13.018924,19863,0.027888,0.020545,0.0,0.0,2.714157,0.0,0.0,5.073504,1.256773,0.366675,0.018107,0.014767,0.016326,2.034173,0.213644,0.116769,0.620445,0.04373,0.044541,0.0,0.053818,0.240537,0.021949,0.0,0.029973,0.0,0.000559,0.090043,4.927472
11560,서울특별시 영등포구,11560,서울특별시 영등포구,,2025-12-31,서울특별시 영등포구,24553694.9,24.553695,37000,0.028499,0.036295,0.0,0.0,0.061578,0.0,0.0,9.503166,0.297756,0.557447,0.043338,0.011496,0.000558,4.266324,0.255409,0.313133,8.077847,0.025058,0.109821,0.0,0.092857,0.668349,0.016498,0.0,0.148256,0.0,0.000131,0.03988,15.262702
11590,서울특별시 동작구,11590,서울특별시 동작구,,2025-12-31,서울특별시 동작구,16356517.9,16.356518,37557,0.028188,0.028869,0.0,0.0,2.32112,0.0,0.0,7.865895,0.000782,0.97834,0.014596,0.009458,0.0,2.377251,0.144739,0.009368,0.636943,0.068611,0.000713,0.0,0.140085,1.022455,0.002355,0.0,0.126031,0.0,0.513741,0.066978,7.407375
11620,서울특별시 관악구,11620,서울특별시 관악구,,2025-12-31,서울특별시 관악구,29568411.9,29.568412,45321,0.123782,0.055333,0.0,0.0,15.938663,0.0,0.0,8.209194,0.0,0.960702,0.017841,0.012394,0.0,2.611659,0.0,0.01564,0.545163,0.112479,0.0,0.0,0.037545,0.745879,0.010486,0.0,0.079763,0.0,2.6e-05,0.091863,12.371846
11650,서울특별시 서초구,11650,서울특별시 서초구,,2025-12-31,서울특별시 서초구,46966111.1,46.966111,35307,2.173211,1.543056,0.008018,0.000388,17.815092,0.0,0.0,13.133238,0.0,0.909822,0.035698,0.052726,0.00754,6.314643,0.002338,0.206282,2.491118,0.27029,0.085537,0.0,0.073672,1.059197,0.004065,0.006336,0.036846,0.0,0.016854,0.720143,21.024333
11680,서울특별시 강남구,11680,서울특별시 강남구,,2025-12-31,서울특별시 강남구,39497639.3,39.497639,34586,0.629555,0.703793,0.00424,0.0,6.022886,0.0,0.0,16.306465,0.008331,1.489685,0.064706,0.061285,0.000685,6.783248,0.218796,0.11458,4.008404,0.031187,0.104311,0.0,0.022898,1.72423,0.0,0.0,0.160416,0.0,0.030558,1.00738,16.364406
11710,서울특별시 송파구,11710,서울특별시 송파구,,2025-12-31,서울특별시 송파구,33876004.3,33.876004,31299,0.45116,0.553853,0.0,0.0,0.649054,0.0,0.0,14.952644,0.0,1.393137,0.115708,0.037655,0.003157,6.247454,0.064648,0.425614,5.33533,0.041051,0.264642,0.0,0.007001,2.405762,0.42587,0.017799,0.031232,0.225729,0.000524,0.22698,17.291917
11740,서울특별시 강동구,11740,서울특별시 강동구,,2025-12-31,서울특별시 강동구,24589601.2,24.589601,30964,1.180895,0.858098,0.003264,0.0,2.798521,0.0,0.0,9.021504,0.003514,0.767599,0.074025,0.026338,0.002269,3.885439,0.258637,0.338617,3.305355,0.039058,0.043102,0.0,0.311388,1.187403,0.00348,0.0,0.033817,0.09944,0.002537,0.345301,10.8773
12110,전남광주통합특별시 목포시,12110,전남광주통합특별시 목포시,,2025-12-31,전남광주통합특별시 목포시,52207725.1,52.207725,71441,6.363457,1.772811,0.0091,0.007744,10.836652,0.0,0.559682,12.224286,1.737557,1.498841,0.31538,0.089719,0.08828,7.076186,0.392978,0.165834,1.40037,0.631045,0.170047,0.006206,0.229711,1.581622,0.662251,0.02879,0.279585,0.0,0.149306,3.930286,22.889046
12130,전남광주통합특별시 여수시,12130,전남광주통합특별시 여수시,,2025-12-31,전남광주통합특별시 여수시,512463977.7,512.463978,302203,62.187162,37.453004,0.591813,1.877586,298.251526,0.0,0.002828,26.226122,21.339688,2.075905,0.636114,0.899427,0.419597,24.233483,1.624279,0.694619,2.679546,4.511557,2.784465,0.259991,0.607526,3.831248,3.559074,0.441752,0.481414,0.084641,1.757893,12.951717,85.208098
12150,전남광주통합특별시 순천시,12150,전남광주통합특별시 순천시,,2025-12-31,전남광주통합특별시 순천시,910955869.1,910.955869,389462,54.047268,100.753353,2.388098,4.057972,613.794107,2.5e-05,1.009189,25.330782,4.797693,2.426445,0.505918,0.128933,0.851729,30.05021,2.054581,0.692969,13.002637,14.160795,24.423918,0.071965,0.503337,2.480379,3.717364,0.119901,0.505773,0.071809,1.788366,7.220354,238.932932
12170,전남광주통합특별시 나주시,12170,전남광주통합특별시 나주시,,2025-12-31,전남광주통합특별시 나주시,608537089.5,608.53709,393416,60.549763,145.297891,13.851877,4.12213,230.713122,0.0,0.0,24.165218,4.714708,2.114977,0.286238,0.08584,0.785591,28.15573,0.83618,1.813606,33.471894,22.173001,17.608158,0.150824,0.19196,2.311491,4.180576,0.186543,0.292622,0.0177,1.755442,8.704008,125.881711
12190,전남광주통합특별시 광양시,12190,전남광주통합특별시 광양시,,2025-12-31,전남광주통합특별시 광양시,464806904.0,464.806904,201379,18.453625,44.3083,0.353127,0.891436,296.197884,0.0,0.050762,14.785785,24.659696,1.381448,0.411546,0.128848,1.173036,21.826825,1.822464,0.862422,12.530744,4.911893,3.600622,0.02562,0.898938,2.131513,0.552278,0.231681,0.199676,0.0,1.273744,11.14299,165.205029
12210,전남광주통합특별시 동구,12210,전남광주통합특별시 동구,,2025-12-31,전남광주통합특별시 동구,49320036.0,49.320036,36937,1.811495,1.05809,0.012047,0.0248,34.540895,0.0,0.0,5.59699,0.004788,1.123399,0.149582,0.017594,0.015891,2.789139,0.183729,0.0,0.570731,0.422049,0.161496,0.0,0.216062,0.183639,0.036316,0.0,0.1218,0.000416,0.086248,0.19284,13.267699
12240,전남광주통합특별시 서구,12240,전남광주통합특별시 서구,,2025-12-31,전남광주통합특별시 서구,47732584.4,47.732584,50618,2.945724,6.926812,0.04107,0.27955,7.762663,0.0,0.0,11.96066,1.326669,0.845295,0.144847,0.046878,0.242466,6.356713,0.161321,0.224378,4.247349,0.863606,0.3254,0.0,0.003874,0.990865,0.627349,0.0,0.216412,0.0,0.062375,1.130309,20.42244
12270,전남광주통합특별시 남구,12270,전남광주통합특별시 남구,,2025-12-31,전남광주통합특별시 남구,60953637.0,60.953637,59488,4.936671,14.363374,0.083304,0.104374,17.496414,0.0,0.0,8.878181,0.971479,1.221613,0.084428,0.051622,0.030178,5.396935,0.164152,0.156969,2.672534,1.474805,0.337134,0.000589,0.16825,1.093338,0.283527,0.0,0.246611,0.068706,0.257049,0.411402,16.165781
12300,전남광주통합특별시 북구,12300,전남광주통합특별시 북구,,2025-12-31,전남광주통합특별시 북구,120263220.3,120.26322,86578,5.431947,13.397704,0.067181,0.112733,50.422296,0.0,0.0,17.200619,3.643176,3.917068,0.196087,0.092542,0.145935,10.34177,0.411817,0.322439,4.05636,1.888383,1.210418,0.00226,0.331513,2.585414,0.145459,0.0,0.2447,0.0,2.005721,2.089677,42.069531
12330,전남광주통합특별시 광산구,12330,전남광주통합특별시 광산구,,2025-12-31,전남광주통합특별시 광산구,222680513.3,222.680513,153917,15.658529,44.053069,0.33064,1.161266,74.342909,0.0,0.0,20.007454,13.0251,1.789351,0.316509,0.211125,0.441229,16.862998,1.529802,0.671904,10.13306,6.131992,2.400779,0.011624,0.095122,3.111157,1.436803,0.00928,0.238948,0.021078,0.473746,8.215038,66.385291
12710,전남광주통합특별시 담양군,12710,전남광주통합특별시 담양군,,2025-12-31,전남광주통합특별시 담양군,455074631.2,455.074631,235660,25.306666,77.987511,0.979246,2.099626,272.513476,0.0,0.0,13.780698,2.147159,0.872263,0.240996,0.047952,0.461095,19.10256,0.10311,1.482668,9.757533,11.645274,8.264167,0.048337,0.077661,0.549589,1.140144,0.189141,0.197973,0.06562,1.281875,4.732292,83.891771
12720,전남광주통합특별시 곡성군,12720,전남광주통합특별시 곡성군,,2025-12-31,전남광주통합특별시 곡성군,547336269.1,547.336269,200832,28.560695,62.454906,1.083399,1.63985,392.349661,0.0,0.0,8.697876,1.453909,0.653336,0.078394,0.036244,0.319246,13.368252,0.594655,1.229382,13.885625,11.782701,3.260635,0.116192,0.052528,0.085919,1.788806,0.263514,0.2125,0.002034,1.277285,2.088726,121.078137
12730,전남광주통합특별시 구례군,12730,전남광주통합특별시 구례군,,2025-12-31,전남광주통합특별시 구례군,442960259.5,442.96026,150872,18.823516,40.71516,0.713578,0.810088,339.701971,2e-05,0.0,7.732321,0.353354,0.520307,0.089522,0.010448,0.189553,10.462816,0.0,0.56632,11.68765,6.375363,1.947861,0.006294,0.027269,0.177012,0.217697,0.118068,0.231861,0.014649,0.596864,0.870696,174.520223
12740,전남광주통합특별시 고흥군,12740,전남광주통합특별시 고흥군,,2025-12-31,전남광주통합특별시 고흥군,807189075.8,807.189076,411454,79.910123,155.296966,2.503554,2.764996,449.664534,0.0,0.231158,17.533618,0.899631,1.406005,0.119494,0.058368,1.250009,28.611917,0.0,2.112389,7.595222,17.984064,27.750545,0.630197,0.196962,0.123972,0.202848,0.046781,0.314723,0.021647,1.873854,8.085497,198.614361
12750,전남광주통합특별시 보성군,12750,전남광주통합특별시 보성군,,2025-12-31,전남광주통합특별시 보성군,664696188.8,664.696189,290723,48.562208,109.198994,2.365096,1.783354,409.639088,0.0,0.156358,14.687339,0.680715,0.937059,0.10823,0.054691,0.568077,24.208667,0.912571,1.492361,8.96159,14.479084,18.004772,0.231553,0.089765,0.08118,1.086051,0.054427,0.238415,0.0,1.178709,4.935836,155.048748
12760,전남광주통합특별시 화순군,12760,전남광주통합특별시 화순군,,2025-12-31,전남광주통합특별시 화순군,787205494.7,787.205495,268201,47.443881,69.872352,1.683847,1.892974,574.440697,0.000363,0.0,13.505614,1.768721,0.920537,0.13289,0.05288,0.558687,19.167649,0.834179,1.288734,15.610349,14.238899,14.211288,0.110277,0.679479,0.347573,2.084776,0.098102,0.271829,0.00092,2.61175,3.376249,178.754136
12770,전남광주통합특별시 장흥군,12770,전남광주통합특별시 장흥군,,2025-12-31,전남광주통합특별시 장흥군,622399202.1,622.399202,248195,33.213492,95.372939,0.911744,3.342707,400.709369,0.0,9.3e-05,11.944522,1.873823,0.611509,0.104212,0.030888,0.660257,21.134577,0.005875,2.416902,14.04663,10.86536,18.018346,0.283461,0.353904,0.58563,1.110078,0.16356,0.205554,0.005863,1.659326,2.768582,185.071704
12780,전남광주통합특별시 강진군,12780,전남광주통합특별시 강진군,,2025-12-31,전남광주통합특별시 강진군,500875247.8,500.875248,225097,30.107561,107.415332,0.759095,3.109014,286.554838,0.0,0.000425,11.398991,1.247238,0.844164,0.071684,0.036153,0.539345,17.996724,0.0,1.587295,10.3551,12.451766,9.612046,0.416033,0.376508,0.152079,0.200945,0.05777,0.184879,0.014817,1.261319,4.124127,115.909929
12790,전남광주통합특별시 해남군,12790,전남광주통합특별시 해남군,,2025-12-31,전남광주통합특별시 해남군,1045151770.8,1045.151771,445562,122.729045,233.174164,1.207574,7.387064,442.425511,0.0,1.522224,20.767966,1.3581,1.297242,0.296064,0.088406,1.626036,41.617891,0.0,1.87292,11.230868,33.151497,81.83686,1.02745,0.629952,3.137497,1.679876,0.658739,0.380753,0.822751,3.584367,29.640954,254.571582
12800,전남광주통합특별시 영암군,12800,전남광주통합특별시 영암군,,2025-12-31,전남광주통합특별시 영암군,612400967.4,612.400967,298165,60.085572,157.82654,4.270803,7.7597,224.330481,0.0,0.635448,15.092876,9.27731,0.981933,0.676404,0.108432,1.123201,29.306406,0.002424,1.106751,26.026688,23.781948,20.700018,0.323666,0.835146,2.632288,2.683913,0.231165,0.287952,2.381118,1.14518,18.787604,155.27056
12810,전남광주통합특별시 무안군,12810,전남광주통합특별시 무안군,,2025-12-31,전남광주통합특별시 무안군,451777131.9,451.777132,295786,92.394874,86.093444,0.320349,10.107994,147.54106,0.0,1.279694,16.386099,1.874239,1.47239,0.267347,0.053148,0.892609,24.48933,0.99541,1.272632,17.860854,11.321681,13.06877,0.273679,1.035913,1.516774,2.007155,0.178845,0.234902,0.0,0.911693,17.926247,91.354406
12820,전남광주통합특별시 함평군,12820,전남광주통합특별시 함평군,,2025-12-31,전남광주통합특별시 함평군,392072296.0,392.072296,240215,47.471264,87.773456,0.622946,3.18476,180.847934,0.0,0.0,12.68438,1.952694,0.829873,0.083494,0.032502,0.648733,19.138503,0.607112,1.605422,10.608319,10.770699,5.521699,0.274489,1.162101,0.587551,1.874097,0.409093,0.165844,0.0,0.380289,2.835043,79.350842
12830,전남광주통합특별시 영광군,12830,전남광주통합특별시 영광군,,2025-12-31,전남광주통합특별시 영광군,474589004.6,474.589005,256800,59.601843,112.344492,0.604583,3.134544,206.26635,0.0,4.517686,14.667428,5.148601,0.988895,0.122564,0.048863,0.541427,21.223819,0.0,1.654791,10.580141,12.977996,8.250838,1.962924,0.642848,0.397666,1.295854,0.014434,0.182096,0.003065,0.578564,6.836693,87.706531
12840,전남광주통합특별시 장성군,12840,전남광주통합특별시 장성군,,2025-12-31,전남광주통합특별시 장성군,518287236.0,518.287236,260474,34.211057,77.298134,2.859313,1.388237,315.700418,0.0,0.0,12.337522,3.189885,0.686242,0.204088,0.047408,0.739206,20.584498,1.11936,1.025173,10.904826,12.044946,11.301226,0.045466,0.177184,0.300023,0.855039,0.25927,0.199197,0.062583,1.324908,9.422026,134.740573
12850,전남광주통합특별시 완도군,12850,전남광주통합특별시 완도군,,2025-12-31,전남광주통합특별시 완도군,396876371.6,396.876372,227858,52.757718,34.780737,1.109202,1.777407,257.958482,0.0,0.580731,10.75608,0.567623,1.027925,0.067769,0.016478,0.391774,13.931118,0.0,0.68731,1.090796,4.2264,4.991934,2.246166,0.666646,0.100193,0.217626,0.011994,0.136322,0.016108,1.362935,5.398897,86.6074
12860,전남광주통합특별시 진도군,12860,전남광주통합특별시 진도군,,2025-12-31,전남광주통합특별시 진도군,440099285.9,440.099286,191317,54.697423,71.859568,0.638683,0.485915,251.9934,0.0,0.26638,8.257362,0.547815,0.688298,0.08502,0.020153,0.480676,16.140761,0.0,0.913916,3.856919,8.71379,13.313774,0.888852,0.082193,0.149846,0.212352,0.066216,0.127925,0.007365,1.67139,3.933293,117.365615
12870,전남광주통합특별시 신안군,12870,전남광주통합특별시 신안군,,2025-12-31,전남광주통합특별시 신안군,656294892.5,656.294892,327821,107.431358,102.132596,0.152723,5.3252,325.237222,0.0,35.147192,11.704411,0.527676,1.053763,0.209121,0.010425,0.663049,15.426186,0.0,2.187881,0.014141,18.424874,12.760002,1.668625,0.21766,0.057387,0.22767,0.067572,0.15193,0.0,1.983391,13.512839,111.576153
26110,부산광역시 중구,26110,부산광역시 중구,,2025-12-31,부산광역시 중구,3045596.8,3.045597,16582,0.002213,0.0,0.0,0.0,0.109268,0.0,0.0,1.530054,0.0,0.085066,0.029442,0.001242,0.00197,0.779649,0.066656,0.001939,0.014124,0.015683,0.0,0.0,0.040182,0.25949,0.0,0.0,0.022911,0.0,0.0,0.08571,1.414149
26140,부산광역시 서구,26140,부산광역시 서구,,2025-12-31,부산광역시 서구,13976739.7,13.97674,38634,0.400396,0.043593,0.0,0.0,6.712662,0.0,0.0,3.863384,0.125545,0.426067,0.025752,0.007951,0.107152,1.374868,0.0,0.025974,0.022461,0.104447,0.001815,0.0,0.018353,0.036767,0.075491,0.018335,0.08621,0.0,0.132836,0.36668,7.581494
26170,부산광역시 동구,26170,부산광역시 동구,,2025-12-31,부산광역시 동구,10120580.8,10.120581,39734,0.050985,0.01887,0.0,0.0,2.731392,0.00049,0.0,3.758195,0.008784,0.209834,0.032996,0.012552,0.016711,1.567768,0.575919,0.0,0.054175,0.132402,0.0,0.0,0.045628,0.10849,0.0,0.0,0.052089,0.000516,0.018514,0.724271,4.598724
26200,부산광역시 영도구,26200,부산광역시 영도구,,2025-12-31,부산광역시 영도구,14199760.3,14.19976,36959,0.324111,0.106094,0.0,0.0,3.868774,4e-06,0.0,4.164022,0.736734,1.01673,0.081798,0.045609,0.113975,1.381107,0.0,0.049873,0.0,0.139859,0.000176,0.0,0.024691,0.117282,0.012877,1.542761,0.122034,0.008625,0.054849,0.287775,6.395694
26230,부산광역시 부산진구,26230,부산광역시 부산진구,,2025-12-31,부산광역시 부산진구,29666937.0,29.666937,59829,0.067743,0.201559,0.0,0.0,9.479034,3e-06,0.0,9.239205,0.002082,1.233127,0.055736,0.020007,0.009408,3.204149,1.06601,0.0,0.252423,0.322378,0.000956,0.0,0.070063,3.955777,0.017478,0.006487,0.154332,0.0,0.061142,0.247837,11.268356
26260,부산광역시 동래구,26260,부산광역시 동래구,,2025-12-31,부산광역시 동래구,16631952.3,16.631952,31002,0.170676,0.099552,0.0,0.0,4.323412,0.000203,0.0,7.190561,0.010254,0.686225,0.034189,0.017286,0.016519,2.377034,0.088043,0.014021,0.544308,0.20017,0.000123,0.0,0.103022,0.111651,0.194469,0.031352,0.125646,0.176808,0.024649,0.091779,6.079734
26290,부산광역시 남구,26290,부산광역시 남구,,2025-12-31,부산광역시 남구,26819975.7,26.819976,44660,0.237697,0.103299,0.0,0.0,8.214335,0.0,0.0,8.480378,0.68939,1.72184,0.094864,0.06774,0.101888,2.788699,0.048319,0.044736,0.112723,0.146914,3.9e-05,0.0,0.03637,0.14807,0.234289,0.00095,0.092524,9.3e-05,0.192387,3.262432,9.189759
26320,부산광역시 북구,26320,부산광역시 북구,,2025-12-31,부산광역시 북구,39373956.7,39.373957,21800,0.200361,0.629283,0.002622,0.0,21.860308,2e-06,0.0,6.487051,0.008601,0.920892,0.043666,0.034942,0.013249,2.435238,0.370977,0.069832,4.714744,0.356078,0.006885,0.0,0.224822,0.491088,0.010767,0.0,0.088306,0.004873,0.165567,0.233803,12.737573
26350,부산광역시 해운대구,26350,부산광역시 해운대구,,2025-12-31,부산광역시 해운대구,51556135.0,51.556135,39571,0.789256,0.919545,0.021155,0.000593,27.6046,0.00016,0.0,9.837807,0.36102,1.19378,0.196577,0.042133,0.077064,4.035639,0.351076,0.026514,1.103158,0.613748,0.025459,0.0,0.028788,0.777092,0.173598,0.004307,0.158563,0.002078,0.033776,3.178651,26.309804
26380,부산광역시 사하구,26380,부산광역시 사하구,,2025-12-31,부산광역시 사하구,41785312.1,41.785312,41816,0.462293,0.143328,0.0,0.000836,13.254776,1e-06,0.0,8.441662,4.598652,0.903478,0.07602,0.10025,0.34332,3.918688,0.002211,0.110141,4.539991,0.29317,0.000613,0.0,0.058476,0.348024,0.013129,0.0,0.102345,0.000126,0.125828,3.947955,15.165863
26410,부산광역시 금정구,26410,부산광역시 금정구,,2025-12-31,부산광역시 금정구,65279097.1,65.279097,46419,0.935877,2.948822,0.008261,0.001689,40.57375,0.0,0.0,7.107148,0.578492,1.369073,0.073474,0.032512,0.045874,4.137696,0.342493,0.025225,1.693672,0.710917,0.047372,0.0,2.05852,0.102903,1.633826,0.229787,0.247155,0.001987,0.118026,0.254549,20.203358
26440,부산광역시 강서구,26440,부산광역시 강서구,,2025-12-31,부산광역시 강서구,182422168.1,182.422168,106416,8.798842,39.28897,0.074991,0.344734,40.257836,0.0,0.006769,13.175714,14.177958,0.797291,0.368403,0.102537,0.569637,14.169118,0.7328,1.645971,20.87253,5.952257,0.614967,0.011548,0.16527,3.59838,0.264924,0.618669,0.098001,0.01788,0.33054,15.365632,77.330972
26470,부산광역시 연제구,26470,부산광역시 연제구,,2025-12-31,부산광역시 연제구,12105193.5,12.105194,22706,0.025278,0.014354,0.0,0.0,2.800727,6e-06,0.0,5.650358,0.012709,0.57042,0.067728,0.031371,0.005484,1.860525,0.08017,0.003473,0.115362,0.14112,3e-05,0.0,0.014884,0.087118,0.368408,0.0,0.092433,0.0,0.080911,0.082324,4.365018
26500,부산광역시 수영구,26500,부산광역시 수영구,,2025-12-31,부산광역시 수영구,10216862.9,10.216863,21024,0.016663,0.003341,0.0,0.0,2.315226,0.0,0.0,5.253284,0.003706,0.325018,0.038977,0.017611,0.008616,1.620026,6.9e-05,0.025584,0.142437,0.0907,0.0,0.0,0.002367,0.096663,0.012066,0.0,0.163105,0.001104,0.002719,0.077581,2.78553
26530,부산광역시 사상구,26530,부산광역시 사상구,,2025-12-31,부산광역시 사상구,36104080.5,36.10408,25829,0.113873,0.397638,0.0,0.0,12.135845,0.0,0.0,6.689441,3.407646,0.587475,0.04273,0.0746,0.128698,3.24687,0.214813,0.253678,7.721409,0.449312,0.150811,0.0,0.042083,0.108226,0.009889,0.0,0.081906,0.0,0.043909,0.203227,16.395528
26710,부산광역시 기장군,26710,부산광역시 기장군,,2025-12-31,부산광역시 기장군,218361909.7,218.36191,112577,6.413712,19.081896,1.913655,1.459907,142.449004,0.0,0.0,12.54087,6.086237,0.689419,0.281069,0.08663,0.287507,12.059245,0.646666,0.151457,3.082423,2.301825,0.584534,0.024994,0.112967,2.441728,2.569964,0.02379,0.175924,0.0,1.443159,1.453329,59.56613
27110,대구광역시 중구,27110,대구광역시 중구,,2025-12-31,대구광역시 중구,7055281.6,7.055282,27235,0.0,0.0,0.0,0.0,0.0,0.0,0.0,4.212415,0.0,0.332629,0.04096,0.008229,0.002827,1.706957,0.042952,0.022868,0.246392,0.047195,0.0,0.0,0.008486,0.227826,0.0,0.0,0.149436,0.004346,0.0,0.001764,2.759012
27140,대구광역시 동구,27140,대구광역시 동구,,2025-12-31,대구광역시 동구,182110268.5,182.110268,95388,8.217841,12.431716,0.827519,0.057743,109.535498,0.0,0.0,15.648773,0.958202,1.102937,0.172485,0.167998,0.227441,10.774015,0.862173,0.670966,6.894977,1.534003,1.289776,0.0,0.063607,2.043904,0.655534,0.028956,0.343095,0.047439,0.622804,6.930868,43.018791
27170,대구광역시 서구,27170,대구광역시 서구,,2025-12-31,대구광역시 서구,17310847.1,17.310847,45998,0.367833,0.162366,0.0,0.0,1.836019,0.0,0.0,6.048333,2.692391,0.630851,0.048127,0.049568,0.124002,3.397351,0.171999,0.029625,0.696731,0.140649,0.016478,0.0,0.042319,0.103545,0.006687,0.0,0.079611,0.0,0.041663,0.624698,6.130854
27200,대구광역시 남구,27200,대구광역시 남구,,2025-12-31,대구광역시 남구,17429355.8,17.429356,33781,0.042542,0.00045,0.0,0.0,4.091575,0.0,0.0,6.130264,0.0,0.849009,0.037925,0.019114,0.001714,2.270367,0.000292,0.00488,0.36848,0.136396,0.000215,0.0,0.068672,2.684619,0.003491,0.0,0.091541,0.0,0.004285,0.623523,7.586642
27230,대구광역시 북구,27230,대구광역시 북구,,2025-12-31,대구광역시 북구,93956801.0,93.956801,71998,3.119524,2.761609,0.295245,0.112374,45.635457,0.0,0.0,14.972422,3.027677,2.145275,0.1708,0.100406,0.196036,9.405538,0.147394,0.428107,5.885915,1.356124,0.42215,0.005417,0.172591,1.277136,0.341,0.0,0.20221,0.014681,0.365288,1.396424,27.7506
27260,대구광역시 수성구,27260,대구광역시 수성구,,2025-12-31,대구광역시 수성구,76535773.0,76.535773,60574,3.075224,3.433232,0.379095,0.020232,37.082582,1e-06,0.0,14.174005,0.092038,1.35935,0.083539,0.040588,0.037168,7.579496,0.990379,0.21515,2.587846,0.706886,0.622236,0.001373,0.32374,0.782556,1.19758,0.029677,0.141998,0.0,0.337352,1.242452,23.287977
27290,대구광역시 달서구,27290,대구광역시 달서구,,2025-12-31,대구광역시 달서구,62368884.7,62.368885,51505,0.660759,1.14769,0.036507,0.004232,19.19171,0.0,0.0,14.760078,7.358884,2.854695,0.161024,0.083177,0.07414,8.580319,0.155629,0.175678,2.030371,0.294115,0.560632,0.0,0.29675,2.341648,0.176749,0.0,0.145508,0.003946,0.161441,1.113201,21.516318
27710,대구광역시 달성군,27710,대구광역시 달성군,,2025-12-31,대구광역시 달성군,428538589.2,428.538589,203342,21.192908,49.357248,0.631046,1.100203,252.792672,6e-06,0.0,16.642166,14.698927,1.746208,0.396608,0.10881,0.525645,18.046775,0.330729,2.441503,27.019159,7.075731,3.063523,0.025512,1.357863,3.296362,0.373301,0.409938,0.265275,0.002133,2.553534,3.084805,113.640911
27720,대구광역시 군위군,27720,대구광역시 군위군,,2025-12-31,대구광역시 군위군,614372571.5,614.372572,195529,35.034524,40.521258,10.300083,1.466668,458.994756,9e-06,0.0,7.31373,0.825575,0.387377,0.085038,0.031372,0.657996,14.408294,0.447976,2.196792,16.944261,13.73128,4.852469,0.005131,0.059568,0.779984,0.696398,0.056376,0.190251,0.009883,1.668162,2.707361,117.236458
28125,인천광역시 제물포구,28125,인천광역시 제물포구,"source_reaggregated: 2025-12-31 지적 data published in 2026-07-01 units (제물포+영종 = old 중구+동구; 서해+검단 = old 서구, verified vs 통계누리)",2025-12-31,인천광역시 제물포구,21803894.0,21.803894,34347,7.6e-05,0.0,0.0,0.0,0.072426,0.0,0.0,4.41005,3.859507,0.653148,0.064788,0.058334,1.380782,3.720351,0.219207,0.040629,5.3e-05,0.167792,0.189988,0.0,0.050529,0.895516,0.070669,0.0,0.096785,0.0,0.0,5.853263,7.212777
28155,인천광역시 영종구,28155,인천광역시 영종구,"source_reaggregated: 2025-12-31 지적 data published in 2026-07-01 units (제물포+영종 = old 중구+동구; 서해+검단 = old 서구, verified vs 통계누리)",2025-12-31,인천광역시 영종구,125915749.8,125.91575,43869,4.345362,4.662894,0.151506,0.003135,29.356793,0.0,1.320637,12.361226,0.41177,0.698676,0.829629,0.041971,0.727361,12.402413,0.70347,0.666282,0.044517,2.187576,3.684349,0.0,0.06772,6.662488,6.418563,1.179779,0.055144,0.0,0.094047,36.838443,27.398528
28177,인천광역시 미추홀구,28177,인천광역시 미추홀구,,2025-12-31,인천광역시 미추홀구,24851627.7,24.851628,52467,0.189838,0.04044,0.0,0.0,1.689486,0.0,0.0,11.028545,1.111038,1.57807,0.083416,0.061529,0.074647,5.101186,0.221426,0.05408,0.00987,0.078605,0.941305,0.0,0.109348,0.759329,0.42429,0.0,0.140197,0.026076,0.008283,1.120625,9.924624
28185,인천광역시 연수구,28185,인천광역시 연수구,,2025-12-31,인천광역시 연수구,58595425.2,58.595425,15098,0.704223,0.250376,0.0,0.0,3.800893,0.0,0.0,17.472181,2.15851,2.632076,0.286865,0.047889,0.989412,9.80162,0.127443,0.074308,0.045582,0.072085,0.570895,0.0,0.0209,9.721677,2.502279,0.017305,0.089483,0.002646,0.054009,7.152769,33.326493
28200,인천광역시 남동구,28200,인천광역시 남동구,,2025-12-31,인천광역시 남동구,57451366.0,57.451366,43353,5.424606,0.78365,0.261926,0.010005,10.13532,0.0,0.12363,12.173827,6.437082,0.999305,0.20128,0.091317,0.118051,9.282014,0.282751,0.21766,1.573503,0.278702,0.93828,0.006633,0.40277,5.906641,0.190426,0.014889,0.150186,0.0,0.089243,1.357669,25.720113
28237,인천광역시 부평구,28237,인천광역시 부평구,,2025-12-31,인천광역시 부평구,32005453.2,32.005453,39888,0.491022,0.599618,0.0,0.0,7.082382,0.0,0.0,10.510247,2.186333,1.100708,0.061298,0.084972,0.045698,4.575025,0.284928,0.029383,0.078778,0.676741,0.059716,0.0,0.250572,0.96477,0.118985,0.0,0.173042,0.0,0.029272,2.601961,16.465862
28245,인천광역시 계양구,28245,인천광역시 계양구,,2025-12-31,인천광역시 계양구,45562739.8,45.56274,36890,5.348397,8.442982,0.102742,0.041823,10.721196,0.0,0.0,7.256704,0.423459,0.914609,0.094782,0.057838,0.076976,5.352733,0.499724,0.016024,0.687647,1.565923,0.011757,0.0058,0.047853,1.015065,0.276484,0.00029,0.079703,0.0,0.079211,2.443019,17.057064
28275,인천광역시 서해구,28275,인천광역시 서해구,"source_reaggregated: 2025-12-31 지적 data published in 2026-07-01 units (제물포+영종 = old 중구+동구; 서해+검단 = old 서구, verified vs 통계누리)",2025-12-31,인천광역시 서해구,67600472.2,67.600472,37999,3.14521,2.737925,0.069899,0.002045,11.153288,0.0,0.318257,11.747107,7.128087,1.00181,0.177402,0.136089,0.912398,9.990187,0.311173,0.233079,1.113022,0.421542,0.629145,0.0,0.258914,4.322755,3.179704,0.00322,0.085502,0.0,0.019808,8.502901,25.387282
28290,인천광역시 검단구,28290,인천광역시 검단구,"source_reaggregated: 2025-12-31 지적 data published in 2026-07-01 units (제물포+영종 = old 중구+동구; 서해+검단 = old 서구, verified vs 통계누리)",2025-12-31,인천광역시 검단구,51418828.5,51.418828,33156,3.367876,4.450248,0.217034,0.073331,12.451096,0.0,0.155445,10.44901,3.381344,0.593572,0.145113,0.06068,0.691448,5.568131,0.07008,0.475142,1.748075,0.726625,0.511631,0.001671,0.014724,2.088914,0.017679,0.0,0.109115,0.0,0.336784,3.71406,15.419919
28710,인천광역시 강화군,28710,인천광역시 강화군,,2025-12-31,인천광역시 강화군,411385219.5,411.38522,258049,38.363393,118.045811,0.365737,1.713667,175.532998,0.0,0.416438,19.283041,1.093863,1.101591,0.28913,0.041933,0.780505,18.187869,0.0,1.952817,2.87928,13.039407,10.447602,0.338208,0.005083,0.078221,1.000618,0.46035,0.516927,0.307678,1.735332,3.407722,67.910309
28720,인천광역시 옹진군,28720,인천광역시 옹진군,,2025-12-31,인천광역시 옹진군,172964104.9,172.964105,73770,15.467995,12.54081,0.550157,0.779366,120.771329,0.0,1.112098,4.67477,0.047146,0.30533,0.055373,0.017518,0.119964,4.079361,0.0,0.313251,0.091274,1.732197,3.202931,0.129708,0.097736,0.008929,0.313362,0.204589,0.068109,0.0,0.326791,5.954009,39.188327
30110,대전광역시 동구,30110,대전광역시 동구,,2025-12-31,대전광역시 동구,136708635.8,136.708636,70864,7.19487,4.15016,0.422829,0.008542,81.747727,0.0,0.0,10.605978,0.299426,1.402914,0.107125,0.050937,0.216143,8.000375,0.910416,0.195354,1.49489,1.07636,16.14569,0.0,0.026168,2.072447,0.096075,0.01107,0.099502,0.029311,0.062403,0.281924,54.483099
30140,대전광역시 중구,30140,대전광역시 중구,,2025-12-31,대전광역시 중구,62207004.3,62.207004,50288,2.798909,2.45377,0.24828,0.022482,35.670174,0.0,0.0,9.715043,0.113226,1.19196,0.065688,0.047812,0.025349,4.763449,0.202297,0.11656,2.418653,0.643747,0.034807,0.0,0.033912,1.105353,0.171551,0.0,0.132584,0.0,0.010779,0.220619,22.713357
30170,대전광역시 서구,30170,대전광역시 서구,,2025-12-31,대전광역시 서구,95530777.3,95.530777,56974,4.064424,5.98386,0.122375,0.073703,47.069818,0.0,0.0,15.721748,0.223299,2.372634,0.179002,0.063854,0.04849,8.189467,0.535575,0.333208,5.002219,1.406945,0.144208,0.000959,0.330004,2.797778,0.067041,0.003646,0.268069,0.019479,0.050418,0.458553,28.104137
30200,대전광역시 유성구,30200,대전광역시 유성구,,2025-12-31,대전광역시 유성구,176653746.9,176.653747,71833,9.242357,12.593674,1.268038,0.11575,83.819992,6.8e-05,0.0,24.707022,3.290966,3.653838,0.346263,0.098031,0.128814,13.340502,0.158934,0.238335,7.194613,2.989104,0.565643,0.004153,0.127892,3.688084,1.670308,0.013902,0.176703,0.031795,1.228692,5.960274,66.428289
30230,대전광역시 대덕구,30230,대전광역시 대덕구,,2025-12-31,대전광역시 대덕구,68729832.0,68.729832,43393,3.088146,2.046851,0.112287,0.066943,27.330078,0.0,0.0,8.22427,5.316581,0.942742,0.14452,0.08997,0.059598,6.501914,1.958083,0.202748,3.314373,0.59299,5.602372,0.0,0.555327,0.737589,0.146953,0.017074,0.075212,0.0,0.099138,1.504068,29.73902
31110,울산광역시 중구,31110,울산광역시 중구,,2025-12-31,울산광역시 중구,37009559.5,37.00956,42565,1.649987,1.905902,0.743752,0.415719,13.609177,0.0,0.0,8.16092,0.007293,0.705742,0.095308,0.033033,0.023145,4.334046,0.0,0.149168,2.964396,0.475063,0.106295,0.0,0.038113,0.985028,0.227745,0.0,0.113939,0.002587,0.179529,0.083672,12.460691
31140,울산광역시 남구,31140,울산광역시 남구,,2025-12-31,울산광역시 남구,74079963.1,74.079963,53406,1.498649,1.849856,0.259447,0.007866,17.241844,0.0,0.0,10.518309,22.703103,1.330223,0.167021,0.477819,0.269598,8.049872,0.727789,0.244377,2.519614,0.650832,0.362073,0.0,0.49748,1.118434,0.206188,0.0,0.088484,0.0,0.277326,3.013758,23.765469
31170,울산광역시 동구,31170,울산광역시 동구,,2025-12-31,울산광역시 동구,36075702.1,36.075702,21547,0.765724,0.940155,0.082367,0.0,18.033632,0.0,0.0,4.772913,6.18172,0.61449,0.063355,0.01709,0.022509,2.851996,0.0,0.11166,0.309725,0.341128,0.02497,0.0,0.041204,0.188755,0.153983,0.0,0.076281,0.003108,0.045096,0.433842,7.234562
31200,울산광역시 북구,31200,울산광역시 북구,,2025-12-31,울산광역시 북구,157361530.4,157.36153,74325,6.04532,14.520736,1.084864,0.119675,96.874698,0.0,0.0,8.799459,7.456458,0.79455,0.225649,0.059511,0.155162,7.457586,0.39925,0.684217,5.301498,2.011091,0.337315,0.007872,0.101242,1.596007,0.755798,0.067362,0.096768,0.080713,0.609337,1.719395,36.72195
31710,울산광역시 울주군,31710,울산광역시 울주군,,2025-12-31,울산광역시 울주군,758379256.8,758.379257,319438,21.663328,68.597073,9.84946,5.977554,514.673627,6e-06,0.0,22.662703,27.735309,1.083007,0.672937,0.157634,0.766943,27.241282,1.922199,0.953822,18.784056,7.822168,11.601464,0.126104,1.164433,2.515072,3.60316,0.220487,0.367883,0.027931,2.539594,5.650022,155.242698
36110,세종특별자치시,36110,세종특별자치시,,2025-12-31,세종특별자치시,464993840.4,464.99384,207140,35.349257,57.658442,6.504085,2.805439,235.963718,3e-06,0.0,26.851516,11.121004,2.991398,0.321345,0.117389,1.256026,21.713283,2.513599,1.613466,24.70102,9.310548,1.182732,0.076002,0.594613,7.695553,3.13434,0.619922,0.417672,0.000872,1.750155,8.730442,112.897755
41111,경기도 수원시 장안구,41111,경기도 수원시 장안구,,2025-12-31,경기도 수원시 장안구,33342850.6,33.342851,30390,1.598434,0.975764,0.038979,0.0,15.506692,0.0,0.0,7.067232,0.230949,1.325673,0.054755,0.041857,0.010935,3.618969,0.140514,0.009592,0.511524,0.334921,0.524903,0.003078,0.127113,0.651943,0.207509,0.009229,0.141231,0.002228,0.038513,0.170312,12.392924
41113,경기도 수원시 권선구,41113,경기도 수원시 권선구,,2025-12-31,경기도 수원시 권선구,47187260.0,47.18726,47382,5.147497,6.613395,0.038472,0.492548,4.951956,0.0,0.0,11.312056,0.949326,1.064966,0.293203,0.096597,0.044426,5.782604,0.298781,0.015606,1.5222,0.658164,0.048983,0.0,0.036275,1.849828,0.023137,0.006593,0.114042,0.0,0.023534,5.803074,21.822259
41115,경기도 수원시 팔달구,41115,경기도 수원시 팔달구,,2025-12-31,경기도 수원시 팔달구,12866369.1,12.866369,29183,0.314239,0.21638,0.0,0.0,1.161132,0.0,0.0,6.53605,0.0,0.598154,0.064406,0.015818,0.002079,2.427286,0.21611,8.3e-05,0.126885,0.070164,0.347298,0.0,0.011129,0.463946,0.003768,0.0,0.116896,0.029118,0.014676,0.130751,6.293401
41117,경기도 수원시 영통구,41117,경기도 수원시 영통구,,2025-12-31,경기도 수원시 영통구,27714958.7,27.714959,15479,0.495528,0.400066,0.003266,0.0,3.621573,0.0,0.0,8.724722,2.07797,1.598807,0.130849,0.037118,0.045836,4.221072,0.138912,0.01603,0.481989,0.086469,0.712349,0.0,0.144798,3.886757,0.285112,0.0,0.08068,0.0,0.005873,0.519183,12.23424
41131,경기도 성남시 수정구,41131,경기도 성남시 수정구,,2025-12-31,경기도 성남시 수정구,45452197.6,45.452198,41659,2.459135,1.69265,0.100441,0.001579,20.694071,0.0,0.0,6.291798,0.105171,0.981238,0.211252,0.028878,0.008644,4.453364,0.025215,0.049085,1.163775,0.420005,0.201584,0.001959,0.519115,1.432653,0.039838,0.01407,0.059175,0.016221,0.035213,4.44607,19.888572
41133,경기도 성남시 중원구,41133,경기도 성남시 중원구,,2025-12-31,경기도 성남시 중원구,26415654.3,26.415654,24025,0.584826,0.896263,0.005533,0.002075,12.896688,0.0,0.0,4.17866,1.064701,0.55756,0.188799,0.029653,0.00522,3.688028,0.133305,0.001697,0.208775,0.256382,0.018716,0.00132,0.001238,1.055601,0.115327,0.001384,0.044941,0.003129,0.045403,0.430432,10.778068
41135,경기도 성남시 분당구,41135,경기도 성남시 분당구,,2025-12-31,경기도 성남시 분당구,69757189.0,69.757189,21846,1.56663,1.279901,0.001872,0.032252,27.951892,0.0,0.0,14.449543,0.049528,1.288459,0.139302,0.081366,0.019631,8.560749,0.00102,0.022823,2.134127,0.275057,0.203553,0.0,0.351323,6.275325,0.806262,0.306981,0.17406,0.0,0.64838,3.137152,26.595507
41150,경기도 의정부시,41150,경기도 의정부시,,2025-12-31,경기도 의정부시,81552723.4,81.552723,53427,3.631304,2.247364,0.195537,0.01041,45.898742,0.0,0.0,11.934705,0.226325,1.202336,0.140216,0.075437,0.047556,7.494291,0.725771,0.044013,1.997274,0.829301,0.050521,0.002239,0.141518,1.628366,0.336839,0.028212,0.147056,0.013007,0.051125,2.453256,32.266667
41171,경기도 안양시 만안구,41171,경기도 안양시 만안구,,2025-12-31,경기도 안양시 만안구,36562698.8,36.562699,24524,0.617578,0.245252,0.0,0.003547,21.796952,0.0,0.0,5.332205,0.48595,1.059724,0.065921,0.025226,0.042271,2.797527,0.29666,0.01636,1.273938,0.100714,2e-05,0.0,0.054914,0.271576,0.077786,0.0,0.091277,0.0,0.025452,1.881847,23.19425
41173,경기도 안양시 동안구,41173,경기도 안양시 동안구,,2025-12-31,경기도 안양시 동안구,21937708.2,21.937708,12765,0.269234,0.214255,0.024333,0.0,7.356396,0.0,0.0,6.65323,0.909958,0.793021,0.068171,0.021808,0.043034,3.208684,0.005276,0.000505,0.474076,0.088887,8.3e-05,0.0,0.076722,0.996743,0.139463,0.009876,0.078798,0.0,0.000287,0.504868,10.791068
41192,경기도 부천시 원미구,41192,경기도 부천시 원미구,,2025-12-31,경기도 부천시 원미구,20583959.6,20.58396,24335,0.388431,0.110998,0.000147,0.000268,3.022325,0.0,0.0,8.412798,1.100904,0.955873,0.102658,0.033158,0.004635,4.35785,0.084768,0.0,0.062902,0.084804,0.03451,0.0,0.011738,1.034333,0.380718,0.180448,0.084743,0.0,0.000415,0.134535,8.58655
41194,경기도 부천시 소사구,41194,경기도 부천시 소사구,,2025-12-31,경기도 부천시 소사구,12830206.0,12.830206,15852,0.522495,0.067236,0.021377,0.021073,2.684681,0.0,0.0,5.045622,0.163157,0.792096,0.03906,0.015036,0.002789,2.06186,0.230458,0.0,0.081324,0.019984,0.007608,0.0,0.038642,0.811165,0.028224,0.0,0.054386,0.0,0.025021,0.096912,4.891245
41196,경기도 부천시 오정구,41196,경기도 부천시 오정구,,2025-12-31,경기도 부천시 오정구,20049585.3,20.049585,21109,2.065596,3.06703,0.039897,0.001581,2.278974,0.0,0.0,4.328797,1.495414,0.288842,0.091107,0.041251,0.212455,3.066282,0.000463,0.003345,0.267202,0.617392,0.009253,0.001367,0.143154,0.493613,0.026941,0.0,0.045981,0.0,0.031083,1.432565,7.248704
41210,경기도 광명시,41210,경기도 광명시,,2025-12-31,경기도 광명시,38521465.4,38.521465,32537,4.725261,2.247099,9e-05,0.065383,13.783771,0.0,0.0,7.120981,0.6148,0.635116,0.090464,0.04636,0.081756,4.60394,0.49423,0.191508,1.01285,0.308847,0.158298,0.00583,0.533434,0.758529,0.2637,0.0,0.079777,0.000343,0.082941,0.616158,14.077412
41220,경기도 평택시,41220,경기도 평택시,,2025-12-31,경기도 평택시,458578211.5,458.578212,380522,36.441843,146.178376,2.019666,3.318986,72.111009,0.0,0.059215,39.739398,24.613466,2.428399,0.5935,0.301987,4.536418,32.802422,1.377987,1.7257,17.127997,17.186573,18.343227,0.108905,0.266624,7.751171,1.601854,0.370533,0.642568,0.0,0.670527,26.259862,149.650897
41250,경기도 동두천시,41250,경기도 동두천시,,2025-12-31,경기도 동두천시,95680806.3,95.680806,43402,6.301958,2.31745,0.046797,0.261115,63.230288,0.0,0.0,5.594908,1.087172,0.498328,0.149866,0.05017,0.121563,3.503762,0.355244,0.061423,2.189219,1.344359,0.024884,0.0,0.054334,0.394224,1.444952,0.160433,0.197266,0.0,0.336875,5.954217,35.640781
41271,경기도 안산시 상록구,41271,경기도 안산시 상록구,,2025-12-31,경기도 안산시 상록구,57988244.7,57.988245,40662,5.416153,3.575579,0.053019,0.228017,21.206924,0.0,0.0,8.517402,0.608262,2.208092,0.12203,0.074583,0.093573,7.798067,0.647348,0.076519,0.862412,0.576241,0.034415,0.014281,0.103592,2.508125,1.215701,0.055716,0.110852,0.0,0.187521,1.69382,20.893046
41273,경기도 안산시 단원구,41273,경기도 안산시 단원구,,2025-12-31,경기도 안산시 단원구,98474274.1,98.474274,62133,6.829803,6.409624,0.562904,0.140143,29.978958,0.0,1.722611,12.01132,12.204878,1.437064,0.378536,0.07008,0.186027,10.359683,0.372386,0.993074,0.989638,0.760891,3.909997,0.03743,0.348466,3.519315,1.547921,1.012209,0.089768,0.0,0.390368,2.21118,32.727976
41281,경기도 고양시 덕양구,41281,경기도 고양시 덕양구,,2025-12-31,경기도 고양시 덕양구,165630261.7,165.630262,101352,16.242764,13.9313,0.505267,1.132225,69.350958,0.0,0.0,16.300878,0.568753,1.268449,0.170616,0.189831,0.259035,9.32687,2.987312,0.464133,13.726917,2.681211,0.243689,0.02795,0.234539,3.318854,3.315434,0.02042,0.231333,2.150138,1.571638,5.40975,73.030371
41285,경기도 고양시 일산동구,41285,경기도 고양시 일산동구,,2025-12-31,경기도 고양시 일산동구,59963635.5,59.963636,49813,5.960582,5.83516,0.112324,0.262488,11.370489,0.0,0.0,12.868084,2.060762,0.671638,0.116338,0.074353,1.233053,6.368852,0.208516,0.081614,3.360107,2.139372,0.041804,0.013164,0.205601,3.289556,0.389984,0.35879,0.143524,0.012336,0.273363,2.511783,20.947566
41287,경기도 고양시 일산서구,41287,경기도 고양시 일산서구,,2025-12-31,경기도 고양시 일산서구,42561836.4,42.561836,28027,3.736488,8.880651,0.145059,0.089516,1.484726,0.0,0.0,8.884566,0.527402,0.615788,0.074578,0.040627,0.661974,5.330275,0.167716,0.058445,7.28742,1.718368,0.019773,0.024166,0.005043,1.223127,0.230931,0.0,0.105174,0.0,0.021946,1.228078,18.61859
41290,경기도 과천시,41290,경기도 과천시,,2025-12-31,경기도 과천시,35871766.6,35.871767,17728,2.535102,1.882544,0.023297,0.019493,22.509083,0.0,0.0,3.425987,0.0,0.189328,0.075998,0.011586,0.018963,2.389152,0.020462,0.031537,0.562809,0.289655,0.225372,0.0,0.158652,0.302839,0.01582,0.786841,0.022281,0.000787,0.037019,0.33716,21.512611
41310,경기도 구리시,41310,경기도 구리시,,2025-12-31,경기도 구리시,33340733.9,33.340734,25450,3.277545,0.707902,0.315289,0.08308,11.363612,0.0,0.0,5.037445,0.061278,0.511003,0.050654,0.031602,0.099079,4.010026,0.12788,0.250064,4.563124,0.336259,0.248578,0.00694,0.0841,0.736041,0.094627,0.002829,0.070629,0.0,0.232935,1.038214,16.872207
41360,경기도 남양주시,41360,경기도 남양주시,,2025-12-31,경기도 남양주시,458117893.7,458.117894,226969,27.381286,23.949151,1.746211,2.523137,291.937386,0.0,0.0,30.466614,5.725107,1.986415,0.325724,0.150832,1.281707,18.317764,1.717884,0.28177,21.815207,5.268979,0.611775,0.020966,1.253879,3.695139,5.07044,0.198432,0.737396,3.074357,2.488449,6.091888,136.347663
41370,경기도 오산시,41370,경기도 오산시,,2025-12-31,경기도 오산시,42684313.5,42.684314,39416,2.831456,4.06708,0.174357,0.075547,8.775435,0.0,0.0,10.300069,2.367425,1.010701,0.234718,0.078627,0.444587,6.167003,0.545379,0.160058,0.882548,0.602982,0.310743,0.0,0.032971,2.270502,0.109996,0.305776,0.140622,0.0,0.083688,0.712043,13.284255
41390,경기도 시흥시,41390,경기도 시흥시,,2025-12-31,경기도 시흥시,139952684.7,139.952685,94694,18.754225,12.885136,0.275009,1.464748,36.169576,0.0,3.243884,17.831102,8.867099,1.894508,0.387284,0.16113,0.419217,19.717799,0.732572,0.782853,2.071474,1.974808,1.736032,0.085198,0.573782,6.34516,0.935918,0.04024,0.115665,0.004646,0.269347,2.214269,42.929421
41410,경기도 군포시,41410,경기도 군포시,,2025-12-31,경기도 군포시,36418603.6,36.418604,22524,2.503554,1.056648,0.022941,0.033637,15.393178,0.0,0.0,5.732032,1.564155,0.673088,0.09036,0.023447,0.673357,4.175589,0.506246,0.029079,0.573936,0.131516,0.375126,0.017874,0.146438,1.265028,0.976002,0.0,0.062752,0.005834,0.011559,0.37523,14.888531
41430,경기도 의왕시,41430,경기도 의왕시,,2025-12-31,경기도 의왕시,54021045.9,54.021046,32463,4.401319,1.392704,0.064386,0.100311,30.108792,0.0,0.0,5.169884,0.536149,0.421397,0.132875,0.044231,0.082915,5.516353,1.830939,0.055901,0.748281,0.404413,1.204749,0.006904,0.250373,0.889831,0.032598,0.008956,0.137858,0.0,0.175884,0.303043,19.013929
41450,경기도 하남시,41450,경기도 하남시,,2025-12-31,경기도 하남시,92985609.9,92.98561,58488,5.540198,3.804371,0.244171,1.96284,47.190742,0.0,0.0,9.260111,0.330085,0.650254,0.143537,0.055094,0.393296,6.088545,0.0,0.023713,10.35057,0.741516,0.140512,0.0,1.078096,2.244469,0.786232,0.017138,0.128004,0.004116,0.167566,1.640433,31.219993
41461,경기도 용인시 처인구,41461,경기도 용인시 처인구,,2025-12-31,경기도 용인시 처인구,467477806.5,467.477806,267675,34.584253,59.657688,0.195241,2.688731,254.509072,0.0,0.0,27.108028,9.758926,1.693088,0.235553,0.214509,3.988671,15.297136,0.164176,0.623034,10.537382,8.215712,4.057925,0.02287,0.08939,0.780029,20.157624,2.221237,0.600083,0.017657,2.240744,7.819049,81.108484
41463,경기도 용인시 기흥구,41463,경기도 용인시 기흥구,,2025-12-31,경기도 용인시 기흥구,81638201.3,81.638201,53976,2.338617,2.828656,0.00463,0.039846,29.104884,0.0,0.0,17.722901,1.735435,2.636044,0.202814,0.111958,0.502453,7.867469,0.314087,0.044423,1.090807,0.573542,2.272103,0.0,0.128073,3.800562,6.148288,0.306329,0.270338,0.0,0.057477,1.536466,19.591306
41465,경기도 용인시 수지구,41465,경기도 용인시 수지구,,2025-12-31,경기도 용인시 수지구,42106423.6,42.106424,27019,1.118951,0.833581,0.025315,0.04053,20.603751,0.0,0.0,10.902682,0.126012,0.9917,0.052827,0.018246,0.200562,2.983958,0.019196,0.004397,0.715359,0.267911,0.119562,0.0,0.489194,1.67489,0.071287,0.002401,0.195238,0.000189,0.024197,0.624487,9.841546
41480,경기도 파주시,41480,경기도 파주시,,2025-12-31,경기도 파주시,674494066.5,674.494066,324202,69.307458,102.712157,0.637956,1.97436,299.403601,0.0,0.0,38.205588,19.89307,1.924812,0.591501,0.215713,2.014835,26.941361,1.803649,2.048374,47.994176,13.224944,1.5432,0.117419,0.306203,6.380004,5.464741,1.217018,0.54009,0.026766,6.696079,23.308994,220.668731
41500,경기도 이천시,41500,경기도 이천시,,2025-12-31,경기도 이천시,461608397.8,461.608398,278324,65.840667,99.772121,2.317652,6.307921,158.303363,8e-06,0.0,24.521599,10.838902,1.41275,0.759231,0.16986,7.690081,25.991973,0.740862,1.682741,15.412497,11.022526,1.330954,0.027994,0.195402,1.084886,10.56514,0.210373,0.566433,0.0,1.609056,13.233407,93.345937
41550,경기도 안성시,41550,경기도 안성시,,2025-12-31,경기도 안성시,553485020.6,553.485021,289277,48.060252,105.745661,2.574712,11.399692,255.560839,0.0,0.0,24.959021,14.61597,2.44914,0.480774,0.291665,6.081568,24.221434,0.348024,1.622142,12.872165,13.325552,7.525612,0.065612,0.093881,1.653581,9.748468,0.43717,0.714401,0.0,2.38764,6.250044,94.649733
41570,경기도 김포시,41570,경기도 김포시,,2025-12-31,경기도 김포시,276613906.9,276.613907,187824,22.438539,54.840984,1.703543,0.687771,62.029478,0.0,0.0,28.463748,20.644188,1.494373,0.417589,0.202198,1.087368,19.033834,0.061329,1.120607,36.29212,8.396699,0.976674,0.08978,0.145274,5.42308,1.182412,0.18824,0.301158,0.536738,1.165127,7.691056,94.0252
41590,경기도 화성시,41590,경기도 화성시,parent_si: 화성시 has 일반구 since 2026-02-01 (41591/41593/41595/41597); 화성 일반구 not available in source (area for whole 화성시),2025-12-31,경기도 화성시,706499829.4,706.499829,508885,72.223694,136.8906,1.775854,8.925277,210.389302,0.0,7.224208,58.103469,57.334741,3.909141,1.242036,0.506104,2.707401,48.684877,1.58757,3.145622,10.291034,15.66092,18.331528,0.197006,0.476154,15.300129,7.461358,0.244017,0.953779,0.858674,1.509755,20.565582,161.311494
41610,경기도 광주시,41610,경기도 광주시,,2025-12-31,경기도 광주시,430992231.4,430.992231,226768,24.60222,21.438703,0.54146,1.032678,280.11362,0.0,0.0,25.12333,11.43603,1.032831,0.168482,0.092274,4.392926,15.813571,0.119734,0.11313,14.350409,4.500905,8.133164,0.010904,0.085012,0.898426,8.938673,0.032964,0.796578,0.272483,2.505264,4.44646,106.764208
41630,경기도 양주시,41630,경기도 양주시,,2025-12-31,경기도 양주시,310508175.3,310.508175,160502,27.363135,25.465344,0.468816,2.040567,172.013963,0.0,0.0,21.163967,11.551553,1.220493,0.309397,0.18905,1.4068,13.763842,0.809454,0.798902,6.550388,4.409322,1.455857,0.02522,0.266235,2.877197,3.044545,0.379487,0.449721,0.210635,0.955033,11.319254,88.953906
41650,경기도 포천시,41650,경기도 포천시,,2025-12-31,경기도 포천시,827233819.6,827.23382,273507,72.096736,54.599016,0.438508,3.65304,546.349484,0.000172,0.0,22.887705,21.554575,2.000372,0.274847,0.245369,1.212188,17.61448,0.0,0.618748,22.709498,11.157348,9.93023,0.052008,0.058874,0.325078,11.264071,1.594362,0.550612,0.001881,1.965428,24.079191,243.838458
41670,경기도 여주시,41670,경기도 여주시,,2025-12-31,경기도 여주시,608179472.0,608.179472,269647,67.713555,94.827089,1.415812,4.154937,289.565924,0.0,0.0,21.368983,6.740514,1.116551,0.516085,0.073719,3.605526,27.004735,0.230918,1.871989,42.639592,13.955778,0.578162,0.066518,0.116728,0.748137,17.802101,0.497998,0.852004,2.123062,1.807883,6.785174,131.403562
41800,경기도 연천군,41800,경기도 연천군,,2025-12-31,경기도 연천군,678380725.6,678.380726,179290,75.957502,51.789686,0.107951,1.902044,406.40339,0.0,0.0,9.853241,2.181214,0.508881,0.582889,0.043829,0.505904,13.222962,1.082826,0.506896,25.306049,10.572546,10.749207,0.031682,0.109268,0.648966,1.510667,0.444337,0.212208,0.800899,1.785589,61.560093,273.353272
41820,경기도 가평군,41820,경기도 가평군,,2025-12-31,경기도 가평군,843417937.5,843.417938,197019,41.643191,24.332968,2.06203,1.099073,687.09715,0.0,0.0,17.850482,0.649841,0.533453,0.256063,0.070499,0.50966,11.494465,0.77827,0.332034,26.045476,9.96252,2.486749,0.063815,0.007013,0.164343,5.346098,1.251071,0.536198,0.0,0.792026,8.053451,389.422166
41830,경기도 양평군,41830,경기도 양평군,,2025-12-31,경기도 양평군,878024774.9,878.024775,342167,55.0895,63.377211,0.718165,3.184333,631.984629,0.0,0.0,30.098884,0.58225,0.81071,0.183003,0.056518,1.381806,22.262597,2.177769,0.57501,35.974348,12.559419,0.925913,0.044974,0.091481,0.069386,2.093266,0.641344,0.753725,0.002873,2.490264,9.895395,367.109791
43111,충청북도 청주시 상당구,43111,충청북도 청주시 상당구,,2025-12-31,충청북도 청주시 상당구,404348845.7,404.348846,144381,31.559734,33.42396,0.692672,1.496478,266.945157,7e-06,0.0,15.158464,0.960224,3.082437,0.187275,0.085387,0.388424,12.746301,1.3e-05,0.563245,7.603225,7.061908,16.28092,0.04257,0.110215,0.900309,0.597706,0.185435,0.362522,0.042954,1.285702,2.585601,115.416415
43112,충청북도 청주시 서원구,43112,충청북도 청주시 서원구,,2025-12-31,충청북도 청주시 서원구,122599550.2,122.59955,81480,10.893462,14.933461,0.212481,0.296658,58.734917,0.0,0.0,11.916547,3.174948,1.752432,0.13566,0.10572,0.790222,8.359879,0.572787,0.09042,3.867326,2.87162,0.149441,0.007179,0.791923,0.940051,0.349409,0.023874,0.247437,0.0,0.328802,1.052895,23.540142
43113,충청북도 청주시 흥덕구,43113,충청북도 청주시 흥덕구,,2025-12-31,충청북도 청주시 흥덕구,199090727.9,199.090728,124682,19.294168,35.367987,0.745394,0.700761,66.475212,0.0,0.0,18.367731,12.976577,1.892967,0.252056,0.130579,0.709849,14.778493,1.668791,1.096729,11.744106,5.895767,0.876935,0.046358,0.355366,2.598909,0.187463,0.008931,0.181876,0.059867,0.398885,2.278972,53.696114
43114,충청북도 청주시 청원구,43114,충청북도 청주시 청원구,,2025-12-31,충청북도 청주시 청원구,214876199.4,214.876199,129378,23.724567,39.771133,0.772565,1.375186,71.526682,4.2e-05,0.0,15.30534,9.638586,2.145841,0.273592,0.122914,0.81642,15.498004,0.576776,0.986838,10.701869,6.588415,1.296524,0.015809,0.070135,2.643931,1.080796,0.087009,0.266379,0.002425,0.336396,9.252026,62.26412
43130,충청북도 충주시,43130,충청북도 충주시,,2025-12-31,충청북도 충주시,983161376.9,983.161377,329311,77.695436,75.972381,15.923575,3.248122,610.481756,3e-06,0.0,28.113358,11.819414,2.881682,0.383663,0.219843,1.213011,39.908872,1.385407,2.115161,37.923727,14.398093,32.182233,0.250225,0.707699,1.724757,4.376474,0.658279,0.581293,0.039587,2.596328,16.360998,393.49569
43150,충청북도 제천시,43150,충청북도 제천시,,2025-12-31,충청북도 제천시,882398051.4,882.398051,219318,74.373405,32.127036,4.084921,3.463365,639.92761,0.0,0.0,17.503231,4.365922,2.188949,0.527498,0.264774,1.271744,24.497102,2.488646,1.000637,21.264352,6.537653,35.437681,0.028235,0.144046,1.048792,1.024191,0.745852,0.509996,0.007892,1.997289,5.567233,458.745728
43720,충청북도 보은군,43720,충청북도 보은군,,2025-12-31,충청북도 보은군,584329073.8,584.329074,167548,51.283212,57.829704,2.310956,2.016687,398.242791,0.0,0.0,9.744356,2.224835,0.741481,0.067278,0.050553,0.487266,16.027399,0.0,1.85532,12.405091,11.087043,13.1918,0.042339,0.067171,0.248146,0.849564,0.132582,0.237596,0.187909,1.459127,1.538868,194.491702
43730,충청북도 옥천군,43730,충청북도 옥천군,,2025-12-31,충청북도 옥천군,537392326.6,537.392327,182052,55.096947,42.108558,3.535452,1.306945,344.299044,0.0,0.0,11.425531,2.915489,0.663455,0.211359,0.056134,0.800086,16.935452,1.631547,0.516122,13.936549,10.246112,26.735911,0.051133,0.065556,0.261069,0.197344,0.170145,0.247719,0.003697,1.675061,2.299908,162.519583
43740,충청북도 영동군,43740,충청북도 영동군,,2025-12-31,충청북도 영동군,847051795.6,847.051796,228851,50.670016,51.374542,7.626326,1.953566,651.344221,0.0,0.0,10.699782,2.099616,0.805407,0.154311,0.062735,0.878405,18.985555,2.66132,0.713922,24.797641,11.788466,1.450047,0.026481,0.09691,0.441141,0.159832,0.29598,0.249264,0.030864,1.628312,6.057134,271.858467
43745,충청북도 증평군,43745,충청북도 증평군,,2025-12-31,충청북도 증평군,81798046.2,81.798046,44120,9.346062,12.748246,0.337557,0.296086,39.617213,0.0,0.0,4.648591,2.124425,0.480433,0.059139,0.035346,0.202674,4.093234,0.409796,0.198898,2.175275,2.24446,0.762644,0.007985,0.051435,0.446627,0.131236,0.011638,0.080354,0.0,0.146856,1.141836,24.810321
43750,충청북도 진천군,43750,충청북도 진천군,,2025-12-31,충청북도 진천군,407381721.6,407.381722,171251,32.69678,57.051033,1.648879,2.330922,225.111746,0.0,0.0,12.455546,14.922271,0.938941,0.325349,0.099645,0.817564,16.882886,0.0,1.391709,10.883104,10.745742,6.378102,0.150571,0.108477,2.047186,5.734854,0.16896,0.389513,0.028099,0.932851,3.140989,109.405043
43760,충청북도 괴산군,43760,충청북도 괴산군,,2025-12-31,충청북도 괴산군,842185954.8,842.185955,206857,75.726951,55.868582,2.877981,3.435033,620.057412,0.0,0.0,14.143504,3.850013,1.10166,0.125937,0.091625,0.711769,21.203113,0.0,1.071713,17.977324,13.669599,2.876917,0.099824,0.048226,0.462998,0.210247,0.36166,0.264353,0.034651,1.54597,4.368892,348.395324
43770,충청북도 음성군,43770,충청북도 음성군,,2025-12-31,충청북도 음성군,520080752.7,520.080753,240289,58.603368,70.775136,8.317913,3.531305,262.443583,0.0,0.0,17.923592,25.286615,1.153914,0.475814,0.213869,1.337807,24.030412,0.842175,1.187786,11.181152,11.075697,6.40454,0.059937,0.351018,1.863993,5.598316,0.184825,0.478356,0.000357,2.098811,4.660461,124.657155
43800,충청북도 단양군,43800,충청북도 단양군,,2025-12-31,충청북도 단양군,779998040.2,779.99804,139803,59.948123,12.385231,1.062204,2.01272,640.082191,0.0,0.0,7.101718,2.305227,0.538156,0.100215,0.03309,0.282717,14.577999,1.889255,0.270458,20.422657,4.908856,3.937682,0.007942,0.021349,0.213959,0.925206,0.26359,0.275382,0.004772,3.017134,3.410205,456.617006
44131,충청남도 천안시 동남구,44131,충청남도 천안시 동남구,,2025-12-31,충청남도 천안시 동남구,438360536.5,438.360536,185128,33.864129,52.913339,0.998684,2.230348,257.878419,9.8e-05,0.0,22.604704,10.553659,3.410837,0.289753,0.12926,1.208196,14.993854,0.533589,0.586571,10.665231,7.601619,1.390188,0.028702,0.635658,1.762063,3.902859,0.543754,0.47892,3.398681,2.191368,3.566054,72.69351
44133,충청남도 천안시 서북구,44133,충청남도 천안시 서북구,,2025-12-31,충청남도 천안시 서북구,197768026.2,197.768026,127793,16.47099,37.156202,14.003098,5.449161,47.805106,0.0,0.0,19.663872,16.041872,1.96807,0.295266,0.126772,1.710789,13.517546,0.988082,0.690889,4.806172,3.653109,2.875865,0.008044,0.050185,2.387496,1.092351,0.013835,0.324223,0.006152,0.613196,6.049683,48.999923
44150,충청남도 공주시,44150,충청남도 공주시,,2025-12-31,충청남도 공주시,864152020.0,864.15202,289895,53.855838,99.061807,1.65609,2.9343,597.306156,0.000233,0.0,22.13055,4.749277,1.719453,0.36157,0.116044,0.9132,20.989278,0.181852,1.745959,31.491311,13.2432,2.36959,0.057078,0.275784,0.787599,1.219609,0.498535,0.642676,0.069559,2.743637,3.031836,197.692034
44180,충청남도 보령시,44180,충청남도 보령시,,2025-12-31,충청남도 보령시,586927722.4,586.927722,245962,41.094849,101.143827,1.203643,3.997482,321.754399,0.0,0.601578,18.524341,5.489073,0.980801,0.298166,0.107755,0.561162,22.972902,1.427168,1.823718,7.663244,12.711996,28.640099,0.157003,0.516736,1.147574,0.78887,0.460214,0.322424,0.231325,1.758757,10.548615,171.018819
44200,충청남도 아산시,44200,충청남도 아산시,,2025-12-31,충청남도 아산시,542830484.2,542.830484,298066,53.038828,119.412926,8.028045,2.631466,203.733257,0.001224,0.0,32.26146,26.026462,3.518698,0.695426,0.174997,2.095593,23.0544,1.643866,1.593999,15.596942,13.556546,22.500401,0.106601,0.796319,3.021973,2.599023,0.213755,0.41021,0.421146,1.413422,4.2835,119.062613
44210,충청남도 서산시,44210,충청남도 서산시,,2025-12-31,충청남도 서산시,742314387.8,742.314388,339120,78.069816,190.002982,0.531373,3.996589,284.633945,0.0,3.793161,24.729039,19.141055,1.345916,0.453365,0.819274,1.405865,27.46021,0.0,2.898732,9.264299,19.682956,42.524525,0.669427,0.403093,2.195174,1.208282,0.338452,0.517012,0.140471,2.656985,23.43239,156.855025
44230,충청남도 논산시,44230,충청남도 논산시,,2025-12-31,충청남도 논산시,556195742.7,556.195743,308098,52.221413,145.576234,2.964852,1.881786,232.6443,0.0,0.0,24.342322,5.727296,2.505305,0.19554,0.134471,1.395832,22.489251,1.091831,0.687369,22.83206,19.311354,7.048325,0.161549,0.46305,0.333378,0.96802,0.131762,0.576105,0.055635,1.711291,8.74541,115.480107
44250,충청남도 계룡시,44250,충청남도 계룡시,,2025-12-31,충청남도 계룡시,60697293.3,60.697293,19406,2.53631,3.405976,0.094836,0.017494,39.117467,0.0,0.0,2.98503,0.346918,0.209867,0.051515,0.035346,0.097082,2.386699,0.338928,0.098248,1.108727,0.634431,0.216736,0.000175,0.014758,0.411437,1.369212,0.00707,0.047663,0.0,0.113637,5.05173,32.338881
44270,충청남도 당진시,44270,충청남도 당진시,,2025-12-31,충청남도 당진시,705632780.8,705.632781,358994,69.264546,208.007531,1.75206,4.216814,223.886868,0.0,3.315034,25.846918,24.776057,1.755136,0.655208,0.232624,1.486077,37.711708,0.0,2.56175,9.417628,28.789607,39.97234,0.265911,0.471825,3.656928,2.241304,0.187545,0.435628,0.003466,1.908009,12.814262,130.53896
44710,충청남도 금산군,44710,충청남도 금산군,,2025-12-31,충청남도 금산군,577329623.9,577.329624,193861,50.165522,53.452971,1.806146,0.953648,402.526317,0.0,0.0,11.941259,5.21783,0.725694,0.395627,0.073135,0.868784,14.522195,0.0,0.285382,17.404824,9.092886,1.352709,0.031805,0.053354,0.071394,1.233895,0.28487,0.448414,0.099996,1.277894,3.043072,133.409884
44760,충청남도 부여군,44760,충청남도 부여군,,2025-12-31,충청남도 부여군,624536490.0,624.53649,275222,43.365003,145.563468,0.917088,2.859633,314.198732,0.0,0.0,18.334598,2.813052,1.183832,0.287606,0.068325,1.014449,20.344774,0.0,2.39311,34.684412,21.364528,4.449601,0.158713,0.208731,0.171087,1.949089,0.424476,0.353738,0.258035,2.757032,4.413378,139.141009
44770,충청남도 서천군,44770,충청남도 서천군,,2025-12-31,충청남도 서천군,366466179.3,366.466179,209431,31.185248,106.065122,0.245363,0.898763,144.47588,0.0,0.473711,15.254435,3.054326,0.732213,0.250091,0.065994,0.905501,18.638476,1.444175,1.302221,11.343879,13.022907,7.774973,0.143398,0.138143,0.913646,0.211598,0.542046,0.179889,0.005415,1.821526,5.37724,72.572189
44790,충청남도 청양군,44790,충청남도 청양군,,2025-12-31,충청남도 청양군,479286645.0,479.286645,170567,34.640362,68.886302,0.580348,2.20081,314.677944,0.0,0.0,10.668879,1.291919,0.626656,0.15624,0.041911,0.343286,15.789696,0.0,1.456852,12.36577,10.419268,1.43619,0.028638,0.06659,0.207172,0.291275,0.121511,0.16237,0.0,1.42782,1.398837,78.398195
44800,충청남도 홍성군,44800,충청남도 홍성군,,2025-12-31,충청남도 홍성군,446848382.6,446.848383,250981,59.69664,96.214878,2.410252,5.342098,191.118048,0.0,0.120322,19.47871,3.890891,1.76715,0.269244,0.085873,0.651214,19.439223,0.967437,1.702306,8.542912,13.17125,12.881154,0.045964,0.237879,1.888426,0.390879,0.143704,0.205886,0.01063,2.065516,4.109895,74.321488
44810,충청남도 예산군,44810,충청남도 예산군,,2025-12-31,충청남도 예산군,542731068.5,542.731068,268908,56.750514,117.058614,12.421006,3.250769,240.93381,0.000171,0.0,19.658288,5.450144,1.473021,0.192191,0.117957,0.778039,23.519189,0.913931,2.120566,19.414662,18.648325,11.825177,0.104104,0.033009,1.541608,0.597792,0.217357,0.370137,0.088626,1.794302,3.457759,102.8871
44825,충청남도 태안군,44825,충청남도 태안군,,2025-12-31,충청남도 태안군,516064681.4,516.064681,226392,64.521707,107.205888,0.249199,6.154666,230.211686,0.0,5.582926,16.185315,3.049525,0.885218,0.217101,0.068674,0.551,17.611372,0.0,1.721594,1.615124,12.665038,23.622489,0.649343,0.026572,0.352675,4.084933,0.46351,0.266691,0.907112,0.807197,16.388124,111.785966
47111,경상북도 포항시 남구,47111,경상북도 포항시 남구,,2025-12-31,경상북도 포항시 남구,394064182.2,394.064182,177301,21.629712,30.20221,0.39379,0.671557,250.227868,0.0,0.0,18.122722,20.596239,1.833466,0.333239,0.11788,0.449268,15.02505,0.406334,0.320298,10.547512,6.064657,2.059683,0.189352,0.124629,1.371243,0.320677,0.145705,0.195824,0.005029,1.574202,11.136036,119.873687
47113,경상북도 포항시 북구,47113,경상북도 포항시 북구,,2025-12-31,경상북도 포항시 북구,736685695.4,736.685695,247167,37.641603,70.227871,5.19668,1.049421,528.411178,3e-06,0.0,20.436243,5.170464,2.358962,0.229407,0.111773,0.648891,17.886624,0.347238,0.440182,17.992067,12.16406,4.742325,0.023169,0.356415,1.611679,2.309329,0.115921,0.346366,0.003376,2.379054,4.485396,218.382768
47130,경상북도 경주시,47130,경상북도 경주시,,2025-12-31,경상북도 경주시,1324985267.2,1324.985267,536835,70.254316,155.386091,4.016633,7.288739,881.57767,8.6e-05,0.0,36.370041,17.695934,3.040747,0.46255,0.33701,1.353999,39.21166,2.765953,3.819837,34.934368,25.678998,13.428363,0.082954,0.247412,1.774948,8.44032,2.136171,0.673381,1.148675,6.405624,6.452788,297.816288
47150,경상북도 김천시,47150,경상북도 김천시,,2025-12-31,경상북도 김천시,1010049113.0,1010.049113,357821,65.109247,110.666564,13.326438,3.769411,692.458146,0.0,0.0,20.415442,7.129591,1.639711,0.150662,0.077421,1.133647,24.196638,2.336993,1.474991,26.303964,23.354763,5.238472,0.022271,0.075635,1.627526,1.13913,0.053942,0.418508,0.035018,2.644874,5.250108,258.493998
47170,경상북도 안동시,47170,경상북도 안동시,,2025-12-31,경상북도 안동시,1522329764.1,1522.329764,392781,123.758605,87.53623,13.42278,3.612705,1059.417267,1.3e-05,0.0,23.993987,2.314287,2.501309,0.258012,0.102733,1.525643,35.939148,1.367802,2.652879,60.913389,27.596006,62.379368,0.071281,0.308124,1.316248,2.955928,0.22226,0.371023,0.02737,3.461962,4.303404,377.406036
47190,경상북도 구미시,47190,경상북도 구미시,,2025-12-31,경상북도 구미시,615627361.4,615.627361,257349,35.13313,87.605335,3.149516,1.730871,336.576333,0.0,0.0,25.174125,19.15894,2.75166,0.299881,0.169496,0.654766,25.228291,0.446349,2.858717,42.477028,16.749921,3.617605,0.031286,0.498224,2.814207,2.814533,0.183369,0.391435,0.0,1.421075,3.691268,158.311822
47210,경상북도 영주시,47210,경상북도 영주시,,2025-12-31,경상북도 영주시,670154789.0,670.154789,230752,69.288292,65.615594,14.667362,2.329264,429.788566,0.0,0.0,15.0702,2.557146,1.250036,0.241642,0.083261,1.290158,19.153633,1.836625,0.477825,13.205008,14.766807,10.971745,0.009886,0.037874,0.712673,0.410212,0.223262,0.32075,0.035642,1.46967,4.341655,231.323839
47230,경상북도 영천시,47230,경상북도 영천시,,2025-12-31,경상북도 영천시,919235909.8,919.23591,356528,53.367755,89.934981,19.339741,2.52279,622.408677,0.0,0.0,17.018388,8.497058,1.320277,0.203001,0.109308,1.247903,26.975173,1.501705,2.432448,21.791838,15.794768,20.589728,0.022766,0.149469,0.309429,2.696195,0.049565,0.435436,0.00539,4.328007,6.184116,211.971892
47250,경상북도 상주시,47250,경상북도 상주시,,2025-12-31,경상북도 상주시,1254694706.4,1254.694706,401442,84.456838,176.371987,8.75785,5.251339,826.46194,0.0,0.0,23.035475,2.599418,1.79858,0.178151,0.08593,1.589032,30.738011,0.688063,1.566427,42.447984,27.335862,6.668071,0.068109,0.122979,0.634183,1.755098,0.097394,0.403114,0.028849,4.924382,6.629639,301.288032
47280,경상북도 문경시,47280,경상북도 문경시,,2025-12-31,경상북도 문경시,912092902.0,912.092902,201380,56.009455,64.561563,5.898661,2.04973,700.286544,5e-06,0.0,14.940662,2.253405,1.133879,0.275077,0.041719,0.678678,20.444648,0.88605,0.815785,17.326379,14.06118,3.197208,0.072706,0.097725,0.377776,0.813977,0.088505,0.360515,0.020914,1.738058,3.6621,274.0922
47290,경상북도 경산시,47290,경상북도 경산시,,2025-12-31,경상북도 경산시,411875409.9,411.87541,238769,27.23558,52.858992,8.589245,1.608322,223.457215,3e-05,0.0,19.240215,11.928602,5.803621,0.355516,0.152558,1.428779,17.499048,1.502938,1.079471,11.812577,7.139948,7.546219,0.003124,0.300006,2.18578,2.239196,0.026873,0.380254,0.024937,2.220285,5.256079,73.408501
47730,경상북도 의성군,47730,경상북도 의성군,,2025-12-31,경상북도 의성군,1174574203.1,1174.574203,380156,77.105521,131.840377,13.944151,2.54142,824.563382,2.8e-05,0.0,15.079713,1.482871,1.119059,0.145775,0.055997,1.088895,23.464837,0.805046,1.978673,31.903314,29.251085,9.050436,0.080251,0.030892,0.134024,0.788686,0.042782,0.264616,0.00902,3.101264,4.702089,235.992266
47750,경상북도 청송군,47750,경상북도 청송군,,2025-12-31,경상북도 청송군,846240882.6,846.240883,156164,53.442607,26.854613,13.298602,1.708711,686.702055,0.0,0.0,7.456837,0.132943,0.534396,0.0322,0.030059,0.857188,10.008167,0.0,0.408629,17.336269,11.408872,12.902572,0.01917,0.044434,0.015813,0.101522,0.044047,0.132178,0.0,1.714007,1.054992,337.21094
47760,경상북도 영양군,47760,경상북도 영양군,,2025-12-31,경상북도 영양군,815857483.0,815.857483,120625,52.961225,19.844504,1.606678,1.180256,696.215319,4e-06,0.0,4.922134,0.165401,0.334775,0.016101,0.016197,0.39959,10.227581,0.0,0.094699,14.489971,8.937456,1.369209,0.0,0.041368,0.02728,0.08605,0.009219,0.074884,0.009843,0.927242,1.900497,480.136007
47770,경상북도 영덕군,47770,경상북도 영덕군,,2025-12-31,경상북도 영덕군,741295837.9,741.295838,176494,31.843603,43.570346,3.458611,0.718602,599.12642,0.0,0.0,8.355176,0.899154,0.639619,0.096158,0.05468,0.571247,11.328316,0.0,0.798284,19.461558,12.21466,1.86751,0.145339,0.040721,0.129668,1.187922,0.049106,0.176069,0.0,1.75277,2.8103,338.719237
47820,경상북도 청도군,47820,경상북도 청도군,,2025-12-31,경상북도 청도군,698425973.7,698.425974,264890,37.305184,62.676411,7.841605,1.249526,512.001934,1.2e-05,0.0,12.432904,1.03603,0.48174,0.115349,0.026358,0.687997,14.999899,0.955216,0.493345,21.992797,6.794304,11.9973,0.032949,0.078273,0.105501,0.203482,0.41699,0.234782,0.00367,3.111596,1.15082,134.236971
47830,경상북도 고령군,47830,경상북도 고령군,,2025-12-31,경상북도 고령군,384253136.5,384.253136,161654,18.977501,49.856517,0.465243,1.339063,243.421471,0.0,0.0,6.829547,4.210092,0.420692,0.078516,0.014594,0.356259,10.699466,0.0,2.495603,30.751976,6.782467,1.780952,0.014416,0.149807,0.275401,1.415725,0.3317,0.068303,0.004673,1.757532,1.755622,75.123854
47840,경상북도 성주군,47840,경상북도 성주군,,2025-12-31,경상북도 성주군,616877531.4,616.877531,233356,36.188968,86.316704,2.068956,1.495262,411.481142,0.0,0.0,11.164499,6.555907,0.511494,0.174962,0.028243,0.727235,14.677115,0.0,1.477591,21.811265,12.249348,2.903901,0.020085,0.077283,0.389463,0.415444,0.124845,0.223632,0.000767,3.457803,2.335617,132.476561
47850,경상북도 칠곡군,47850,경상북도 칠곡군,,2025-12-31,경상북도 칠곡군,451030135.3,451.030135,196973,22.845046,44.963832,2.674377,0.917239,295.293533,2.2e-05,0.0,12.77726,7.761965,1.163181,0.113579,0.139906,1.870556,13.41943,1.49506,0.700727,20.953261,8.220513,2.555428,0.008245,0.045845,0.320158,3.642597,0.195493,0.31859,0.000149,4.450401,4.183742,96.26802
47900,경상북도 예천군,47900,경상북도 예천군,,2025-12-31,경상북도 예천군,661581542.7,661.581543,252720,78.660355,108.098362,3.132996,2.927125,359.475883,0.0,0.0,14.488784,0.771791,0.767935,0.099225,0.023854,0.519892,22.528953,0.954545,2.005227,30.088473,21.728973,3.944384,0.025122,0.027942,0.764276,0.856326,0.280718,0.203948,0.005923,2.241767,6.958764,129.041772
47920,경상북도 봉화군,47920,경상북도 봉화군,,2025-12-31,경상북도 봉화군,1202509782.8,1202.509783,177803,87.760941,41.684186,7.301434,2.385176,989.509288,0.0,0.0,9.40113,0.97902,0.563605,0.042567,0.028635,0.570476,19.781082,2.247872,0.599783,15.866668,17.181504,0.973253,0.02471,0.024042,0.211829,0.137856,0.768454,0.207736,0.00209,1.349921,2.906526,633.866919
47930,경상북도 울진군,47930,경상북도 울진군,,2025-12-31,경상북도 울진군,990696368.3,990.696368,184296,34.500976,42.59344,0.157235,0.875376,845.50351,0.000304,0.0,9.073606,2.17443,0.696527,0.066185,0.057524,0.336942,13.613883,0.003164,0.697778,22.419411,11.026636,1.1701,0.126945,0.054702,0.160422,0.308721,0.057479,0.15537,0.059504,0.781356,4.024843,597.664322
47940,경상북도 울릉군,47940,경상북도 울릉군,,2025-12-31,경상북도 울릉군,73055401.2,73.055401,19190,12.196357,0.340886,0.007367,0.006903,55.176122,0.0,0.0,1.109379,0.086145,0.133833,0.027255,0.00501,0.040468,1.265267,0.0,0.071078,0.654333,0.882311,0.0,0.000992,0.018704,0.0,0.07239,0.00881,0.062424,0.005699,0.113823,0.769845,45.395537
48121,경상남도 창원시 의창구,48121,경상남도 창원시 의창구,,2025-12-31,경상남도 창원시 의창구,204262737.8,204.262738,134004,11.420363,42.538413,11.516077,0.311164,75.033657,0.0,0.0,12.618603,3.118128,1.332841,0.141606,0.06975,0.578666,12.706241,0.64476,1.439318,9.127197,6.980096,7.688946,0.026176,0.328888,1.281111,0.846442,0.0,0.121584,0.003627,1.158155,3.230929,53.099419
48123,경상남도 창원시 성산구,48123,경상남도 창원시 성산구,,2025-12-31,경상남도 창원시 성산구,89109298.1,89.109298,25844,0.957301,2.002428,0.588134,0.001286,45.418289,0.0,0.0,8.777733,15.326406,1.140647,0.137423,0.035891,0.0221,7.257253,0.309449,0.085298,1.663244,1.043191,0.227271,0.0,0.338621,1.563995,0.591717,0.0,0.069319,0.05431,0.245542,1.25245,26.40619
48125,경상남도 창원시 마산합포구,48125,경상남도 창원시 마산합포구,,2025-12-31,경상남도 창원시 마산합포구,241223451.4,241.223451,140199,9.395456,24.130386,1.472209,0.461639,168.952624,0.0,0.0,10.568608,2.509817,1.191334,0.144778,0.061541,0.117796,9.768939,0.108702,0.303124,3.329944,3.037838,1.04,0.006457,0.065919,0.622322,0.077845,0.20812,0.185243,0.000165,1.089312,2.373335,44.909207
48127,경상남도 창원시 마산회원구,48127,경상남도 창원시 마산회원구,,2025-12-31,경상남도 창원시 마산회원구,90613168.1,90.613168,50856,2.04273,5.1847,0.727126,0.065098,63.309224,1e-05,0.0,6.549118,2.099826,0.899272,0.051124,0.059265,0.037898,4.777202,0.443586,0.053057,1.329498,1.522697,0.155563,0.006101,0.127663,0.278552,0.255947,0.000492,0.069601,0.002989,0.258601,0.306229,27.021243
48129,경상남도 창원시 진해구,48129,경상남도 창원시 진해구,,2025-12-31,경상남도 창원시 진해구,124063079.9,124.06308,62217,3.570918,4.666657,0.455444,0.018701,70.533368,0.0,0.0,11.361572,2.744962,0.701046,0.199182,0.041806,0.404209,7.910964,0.331453,0.262059,0.605519,0.856478,0.232684,0.0,0.464917,1.580028,2.102405,0.058469,0.107138,0.010574,0.417254,14.42527,77.370579
48170,경상남도 진주시,48170,경상남도 진주시,,2025-12-31,경상남도 진주시,712944718.4,712.944718,365804,47.470321,85.173011,11.628684,0.951488,413.343641,3e-06,0.0,26.311471,4.605475,3.277753,0.397127,0.117627,1.116262,32.121306,1.591269,3.640796,26.623949,17.203282,24.000051,0.011066,0.357686,2.559266,1.676842,0.15134,0.424404,0.000334,2.872222,5.318042,159.706097
48220,경상남도 통영시,48220,경상남도 통영시,,2025-12-31,경상남도 통영시,239895219.6,239.89522,171922,31.099622,15.263872,1.073106,0.185291,154.376608,0.0,0.029539,10.30022,3.744927,0.897954,0.100982,0.07752,0.407622,11.466095,0.0,0.248576,0.59302,2.122371,0.544977,0.291875,0.314203,0.579346,0.706683,0.287007,0.234171,0.583193,1.692004,2.674439,35.806464
48240,경상남도 사천시,48240,경상남도 사천시,,2025-12-31,경상남도 사천시,398848818.3,398.848818,227810,23.761726,57.397817,3.359542,1.832578,227.383454,0.0,0.011504,14.407153,6.765245,0.882496,0.267858,0.08276,0.627178,19.126642,0.351834,1.149093,7.967531,7.167143,9.963063,0.072342,0.669923,1.203054,2.867689,0.305264,0.33755,0.081138,1.66222,9.145023,78.091479
48250,경상남도 김해시,48250,경상남도 김해시,,2025-12-31,경상남도 김해시,463620775.3,463.620775,270928,16.596412,63.425308,4.474132,1.38255,229.851444,0.0,0.0,28.86764,25.165877,2.599363,0.655882,0.276654,1.093164,31.66019,1.579036,1.932781,25.593031,9.732619,1.6246,0.026164,1.144586,3.889713,2.739654,1.055204,0.43217,0.187691,2.576526,5.058384,131.975941
48270,경상남도 밀양시,48270,경상남도 밀양시,,2025-12-31,경상남도 밀양시,798710639.9,798.71064,347261,45.997017,112.220661,5.062762,1.110853,513.789716,3e-06,0.0,20.494706,4.999557,1.285213,0.289988,0.061869,1.402545,21.540543,1.694666,4.265671,32.499837,13.710862,6.677444,0.049593,0.189491,0.814029,2.537103,0.245562,0.480916,0.090834,4.267666,2.931533,170.092557
48310,경상남도 거제시,48310,경상남도 거제시,,2025-12-31,경상남도 거제시,403867261.9,403.867262,224634,23.251376,38.172912,1.303689,0.273513,279.391646,0.0,0.069259,17.827066,7.249071,1.299263,0.219422,0.081736,0.427504,16.706141,0.0,0.383666,2.659987,3.8396,2.67631,0.245148,0.181694,0.666678,1.133019,0.479178,0.380991,0.043637,1.22032,3.684434,73.287074
48330,경상남도 양산시,48330,경상남도 양산시,,2025-12-31,경상남도 양산시,485702191.3,485.702191,160987,9.482625,25.347651,0.99725,4.126126,354.724854,0.0,0.0,19.019673,10.105891,2.267744,0.491027,0.102224,2.035796,17.062749,1.232445,0.802288,17.63324,3.142583,1.249637,0.04192,1.227928,2.224951,6.895128,0.441092,0.512939,0.000461,1.881621,2.652347,137.788413
48720,경상남도 의령군,48720,경상남도 의령군,,2025-12-31,경상남도 의령군,482924529.0,482.924529,211619,34.413327,53.730743,0.7166,0.759874,328.760577,0.0,0.0,8.342812,1.430462,0.401532,0.095319,0.022869,0.296889,12.723039,0.0,2.430619,18.302094,11.218815,2.867586,0.00793,0.23112,0.132598,1.346647,0.18705,0.138029,0.037226,2.409546,1.921227,84.515885
48730,경상남도 함안군,48730,경상남도 함안군,,2025-12-31,경상남도 함안군,416609844.5,416.609844,244273,37.707647,74.181094,3.500219,1.484184,209.005736,0.0,0.0,11.258622,12.250761,0.627495,0.228363,0.075638,0.66132,18.201368,0.445189,3.609619,17.772852,9.975498,3.421089,0.08726,0.578466,0.602651,1.086421,0.062398,0.219154,0.933807,3.592289,5.040707,80.742649
48740,경상남도 창녕군,48740,경상남도 창녕군,,2025-12-31,경상남도 창녕군,532657034.6,532.657035,285980,52.51025,88.950813,4.123218,1.353989,282.984558,0.000209,0.0,14.401797,4.571109,0.812123,0.168925,0.082481,1.581705,17.867718,0.0,3.930332,26.481539,13.274764,7.957694,0.114467,0.081474,0.272459,2.356968,0.125792,0.164893,0.560735,4.434138,3.492884,102.705334
48820,경상남도 고성군,48820,경상남도 고성군,,2025-12-31,경상남도 고성군,518050649.6,518.05065,274489,29.548149,78.101255,2.049321,2.270206,335.637401,0.0,0.0,12.240944,4.450254,0.780968,0.336188,0.043543,0.612177,17.8927,0.0,1.072603,8.22212,8.881066,5.550479,0.203555,0.35902,0.679457,1.401313,0.494743,0.421222,0.255486,2.125731,4.420748,73.218763
48840,경상남도 남해군,48840,경상남도 남해군,,2025-12-31,경상남도 남해군,357777600.5,357.7776,244582,30.283129,44.762566,0.488656,0.996864,237.579557,0.0,0.112372,11.472814,0.206032,0.657924,0.137702,0.040112,0.766575,11.388712,0.0,0.443519,3.35091,4.250855,2.4072,0.341641,0.267652,0.149635,1.174497,0.09997,0.139728,0.009064,2.748758,3.501155,73.985074
48850,경상남도 하동군,48850,경상남도 하동군,,2025-12-31,경상남도 하동군,675287008.8,675.287009,287981,28.018755,80.489265,1.608877,1.078498,484.710988,0.0,0.0,11.868503,2.350964,0.675579,0.139491,0.045264,0.699745,20.40767,0.703583,1.482205,15.925969,13.782573,4.400784,0.048515,0.074018,0.033478,0.301058,0.147994,0.265598,0.000642,1.91033,4.11666,215.359777
48860,경상남도 산청군,48860,경상남도 산청군,,2025-12-31,경상남도 산청군,794746244.9,794.746245,254642,26.249523,67.327707,3.526673,2.415295,613.072588,0.0,0.0,11.58923,1.34804,0.555549,0.228612,0.043311,1.178674,21.071371,0.0,1.411229,23.641908,10.649557,4.662253,0.080657,0.079306,0.278298,0.484488,1.027162,0.331048,0.052282,1.324818,2.116664,302.205381
48870,경상남도 함양군,48870,경상남도 함양군,,2025-12-31,경상남도 함양군,724723644.6,724.723645,245154,33.834934,63.153347,4.215564,3.651534,555.874597,0.0,0.0,9.935944,1.8289,0.612974,0.178791,0.020138,0.816447,19.573529,0.0,0.259962,14.50071,9.927925,1.863172,0.041534,0.228694,0.313311,0.20641,0.299521,0.266242,0.00308,1.368704,1.74768,269.205039
48880,경상남도 거창군,48880,경상남도 거창군,,2025-12-31,경상남도 거창군,803947477.4,803.947477,266551,40.226843,75.87405,6.341037,2.197782,605.469426,1.3e-05,0.0,10.98599,1.680942,0.91772,0.148663,0.048295,0.777131,19.333205,0.0,0.786884,13.902573,12.429339,6.558226,0.066401,0.040951,0.415657,1.713887,0.189736,0.1739,6.9e-05,1.495052,2.173709,230.457217
48890,경상남도 합천군,48890,경상남도 합천군,,2025-12-31,경상남도 합천군,983947057.9,983.947058,327774,44.393664,101.629897,0.581789,3.311777,707.209196,0.0,0.0,13.012954,0.940168,0.826305,0.118046,0.045861,0.983285,25.131959,0.0,3.085325,28.620231,18.630186,28.734695,0.02047,0.043131,0.078888,0.192031,0.583604,0.266579,0.035984,2.031652,3.43938,191.469021
50110,제주특별자치도 제주시,50110,제주특별자치도 제주시,,2025-12-31,제주특별자치도 제주시,978650448.8,978.650449,526940,199.866452,2.396516,56.280218,96.854743,436.857454,2.4e-05,0.0,51.00262,2.541458,4.053765,1.670504,0.300434,3.528614,51.165581,0.0,0.229169,11.279558,1.420799,2.57857,0.825765,1.030932,1.991382,18.025091,3.164293,0.822225,0.654553,8.720501,21.389229,288.320827
50130,제주특별자치도 서귀포시,50130,제주특별자치도 서귀포시,,2025-12-31,제주특별자치도 서귀포시,871493538.9,871.493539,358788,149.611972,3.705347,102.162224,51.794283,421.648265,0.0,0.0,34.761113,1.292455,2.902046,0.522696,0.125046,1.66502,40.226949,0.0,0.183901,14.286597,2.513804,1.626486,1.739277,0.329191,2.07565,15.333033,1.238171,0.512396,0.01288,7.907335,13.3174,268.079299
51110,강원특별자치도 춘천시,51110,강원특별자치도 춘천시,,2025-12-31,강원특별자치도 춘천시,1116416273.3,1116.416273,254900,64.729704,31.22641,1.926191,2.025236,836.517427,0.0,0.0,23.835041,2.513998,3.073204,0.43488,0.113193,0.559193,23.436965,1.082404,1.250503,38.965547,11.434473,51.706651,0.062932,0.135546,0.964716,8.90139,1.218991,0.500392,0.06146,1.604372,8.135454,639.150433
51130,강원특별자치도 원주시,51130,강원특별자치도 원주시,,2025-12-31,강원특별자치도 원주시,868303824.0,868.303824,276290,59.230054,53.476567,2.526284,2.6251,609.115274,0.000303,0.0,30.649994,5.739986,2.947512,0.357874,0.182714,1.310695,30.218315,2.547427,2.064421,25.777269,8.571067,2.098969,0.020013,0.362561,3.756284,5.682602,0.737346,0.823065,0.173989,0.978361,16.329779,324.593862
51150,강원특별자치도 강릉시,51150,강원특별자치도 강릉시,,2025-12-31,강원특별자치도 강릉시,1040818097.7,1040.818098,238778,53.558578,45.854335,1.614997,1.449649,831.358975,0.00098,0.0,22.219847,3.963379,2.81887,0.262601,0.128146,0.955726,25.885994,1.983506,1.276203,21.497134,6.581121,5.234644,0.027018,0.195033,1.217998,1.867519,0.077847,0.386856,0.026099,1.013523,9.361516,581.674484
51170,강원특별자치도 동해시,51170,강원특별자치도 동해시,,2025-12-31,강원특별자치도 동해시,180343702.0,180.343702,59985,9.263019,3.811439,0.131094,0.035669,133.392096,0.0,0.0,7.395752,4.627201,0.626937,0.161998,0.08586,0.195592,7.618321,1.015107,0.363906,3.994908,0.56722,0.622721,0.0,0.137663,0.29014,0.300158,0.178544,0.136931,0.001192,0.204252,5.185984,78.611147
51190,강원특별자치도 태백시,51190,강원특별자치도 태백시,,2025-12-31,강원특별자치도 태백시,303436355.9,303.436356,34665,13.569309,0.030925,0.005173,1.722853,265.810562,0.0,0.0,4.287065,0.517164,0.464713,0.188697,0.025129,0.059331,4.593674,1.198229,0.026623,4.420736,0.408288,0.310655,0.001392,0.130911,0.156744,2.118312,0.469226,0.115028,0.0,0.199511,2.606104,220.421443
51210,강원특별자치도 속초시,51210,강원특별자치도 속초시,,2025-12-31,강원특별자치도 속초시,105751666.4,105.751666,40757,3.97742,3.822991,0.259391,0.135768,77.308004,3.7e-05,0.0,7.017202,0.360064,0.781445,0.111582,0.071246,0.105568,4.286402,0.096352,0.190021,1.649935,0.91685,1.123966,0.0,0.089538,0.106398,0.83992,0.375336,0.123651,0.016579,0.011889,1.974112,32.784404
51230,강원특별자치도 삼척시,51230,강원특별자치도 삼척시,,2025-12-31,강원특별자치도 삼척시,1187839840.1,1187.83984,153414,55.430237,14.650206,0.379906,0.900768,1042.428688,0.0,0.0,8.879299,2.942153,1.467581,0.144357,0.074684,0.185595,18.948563,2.280508,1.086765,26.401085,2.702216,1.407131,0.018411,0.121798,0.212816,2.168478,0.051446,0.1457,0.02164,0.600547,4.18926,714.95997
51720,강원특별자치도 홍천군,51720,강원특별자치도 홍천군,,2025-12-31,강원특별자치도 홍천군,1820466456.7,1820.466457,267016,105.293588,54.803307,0.85408,12.367346,1520.583585,0.0,0.0,18.280761,1.622842,1.023231,0.172338,0.061325,0.714949,23.035524,0.0,1.055203,40.958614,15.070396,1.591072,0.054529,0.035346,0.314701,9.022108,0.559346,0.483686,0.008449,0.516715,11.983416,1076.633522
51730,강원특별자치도 횡성군,51730,강원특별자치도 횡성군,,2025-12-31,강원특별자치도 횡성군,997991540.4,997.99154,210831,86.871292,44.994888,0.384328,11.966144,760.104815,0.0,0.0,13.454151,3.019669,1.522025,0.133088,0.044927,0.512222,23.092861,0.582134,1.740407,22.000358,9.42908,7.036649,0.041102,0.214389,0.367035,6.39325,0.571721,0.308358,0.000169,0.864336,2.342142,397.040178
51750,강원특별자치도 영월군,51750,강원특별자치도 영월군,,2025-12-31,강원특별자치도 영월군,1127917997.8,1127.917998,148687,80.644772,13.253636,0.384922,1.551304,954.795365,0.0,0.0,10.268446,1.917543,0.682194,0.149619,0.04865,0.322698,14.586851,0.938671,1.426113,31.842704,7.772411,0.21077,0.047468,0.166851,0.1828,0.247506,0.752596,0.240903,0.050115,0.544127,4.888964,699.409237
51760,강원특별자치도 평창군,51760,강원특별자치도 평창군,,2025-12-31,강원특별자치도 평창군,1464193546.1,1464.193546,216303,120.645294,14.886013,0.049761,17.495844,1216.210302,0.0,0.0,14.867615,0.55452,1.018449,0.248444,0.065904,0.619478,21.178775,0.585292,1.01105,31.424996,10.965788,1.060594,0.1117,0.148684,0.073718,6.615057,0.312167,0.384663,0.0,0.426787,3.232652,907.051711
51770,강원특별자치도 정선군,51770,강원특별자치도 정선군,,2025-12-31,강원특별자치도 정선군,1219793411.7,1219.793412,130930,98.04899,7.490321,0.146634,1.48941,1041.381891,0.0,0.0,7.942444,0.672726,0.760139,0.08177,0.036654,0.277414,13.201891,2.801756,1.305455,27.162135,11.895682,0.064106,0.053049,0.110993,0.171413,1.423918,0.194727,0.158868,0.0,0.445951,2.475076,782.455917
51780,강원특별자치도 철원군,51780,강원특별자치도 철원군,,2025-12-31,강원특별자치도 철원군,890129820.0,890.12982,177994,84.025162,121.678282,0.403733,2.644214,597.011734,0.0,0.0,9.053581,0.966038,0.529422,0.111072,0.048474,0.395117,13.848864,0.921961,1.284518,17.699399,12.446988,7.440992,0.031103,0.044408,0.224902,0.673186,0.169155,0.226627,0.043,0.806857,17.401029,425.672622
51790,강원특별자치도 화천군,51790,강원특별자치도 화천군,,2025-12-31,강원특별자치도 화천군,909093030.6,909.093031,90559,41.483895,16.299834,0.447395,0.942468,766.794562,0.0,0.0,5.524055,0.18931,0.413748,0.028107,0.019517,0.255884,10.896433,0.0,0.650986,21.822859,7.651175,17.052845,0.038099,0.015843,0.039849,0.03208,0.123031,0.103333,0.0,0.254835,18.012889,652.314037
51800,강원특별자치도 양구군,51800,강원특별자치도 양구군,,2025-12-31,강원특별자치도 양구군,661976834.1,661.976834,96210,47.2045,24.357542,0.181969,0.491545,529.684498,0.0,0.0,4.420756,0.332993,0.414108,0.041849,0.015005,0.359457,10.133516,0.0,1.133222,10.651377,6.561223,12.756932,0.033041,0.035797,0.08221,0.161775,0.155008,0.079414,0.004727,0.345259,12.339113,500.865718
51810,강원특별자치도 인제군,51810,강원특별자치도 인제군,,2025-12-31,강원특별자치도 인제군,1646198514.9,1646.198515,122981,52.645486,14.357735,0.181911,2.315701,1471.710854,0.0,0.0,7.576538,0.308053,0.553211,0.193604,0.063376,0.402942,16.977419,0.0,1.236784,28.500635,11.107089,19.775167,0.028289,0.058697,0.150435,1.168166,0.285855,0.160037,0.001982,0.149987,16.288561,1390.79284
51820,강원특별자치도 고성군,51820,강원특별자치도 고성군,,2025-12-31,강원특별자치도 고성군,660798653.9,660.798654,109583,17.860228,36.743206,0.203588,2.347352,545.383446,0.0,0.0,7.435954,0.455138,0.554208,0.072349,0.032803,0.398155,11.105081,1.684412,0.936159,10.922303,8.335752,4.648219,0.03664,0.034122,0.104138,2.762219,0.108296,0.278927,0.004724,0.366727,7.984508,422.964404
51830,강원특별자치도 양양군,51830,강원특별자치도 양양군,,2025-12-31,강원특별자치도 양양군,629769567.0,629.769567,123505,23.658639,25.770759,0.419773,0.698194,524.246667,0.0,0.0,7.930815,0.459076,0.331331,0.147054,0.034297,0.299448,15.59885,0.827384,1.138366,13.027136,6.325785,1.179048,0.047211,0.008314,0.107871,1.110874,0.219299,0.24889,0.000671,0.286473,5.647342,425.025762
52111,전북특별자치도 전주시 완산구,52111,전북특별자치도 전주시 완산구,,2025-12-31,전북특별자치도 전주시 완산구,92474604.5,92.474604,92310,4.872613,10.144118,0.253911,0.004226,42.49335,0.0,0.0,16.41725,0.150071,2.317646,0.179726,0.136507,0.152784,7.772425,0.167766,0.415606,2.583465,1.21267,0.276396,0.001976,0.09186,0.993822,0.341571,0.007597,0.492464,0.097963,0.243932,0.652889,25.206795
52113,전북특별자치도 전주시 덕진구,52113,전북특별자치도 전주시 덕진구,,2025-12-31,전북특별자치도 전주시 덕진구,113493475.0,113.493475,105361,9.81294,25.503474,0.312449,0.140031,23.264335,0.0,0.0,17.997298,3.26046,3.188847,0.226966,0.198419,0.588555,11.113158,0.722611,1.114156,6.914558,2.753288,1.234035,0.029026,0.19382,1.419544,0.639169,0.115385,0.320736,0.0,0.122067,2.308148,38.653818
52130,전북특별자치도 군산시,52130,전북특별자치도 군산시,,2025-12-31,전북특별자치도 군산시,400688669.7,400.68867,262787,19.785647,128.974286,0.164471,0.57979,78.655238,0.0,2.5674,26.697535,22.964387,3.049394,0.361371,0.190895,0.949376,25.003411,1.185235,2.021255,36.003622,13.40042,9.18013,0.096722,0.624129,2.480554,2.994489,0.065776,0.420223,0.019697,1.206075,21.04714,123.922862
52140,전북특별자치도 익산시,52140,전북특별자치도 익산시,,2025-12-31,전북특별자치도 익산시,506594724.5,506.594724,392225,51.05372,192.891254,0.559248,2.425909,110.172906,0.0,0.0,29.153826,11.589002,2.844832,0.363185,0.240863,1.479099,33.271039,1.664854,2.033124,22.506253,22.231156,3.946259,0.231245,0.428825,1.589362,1.503617,0.342312,0.758798,0.573,1.498113,11.242924,111.388288
52180,전북특별자치도 정읍시,52180,전북특별자치도 정읍시,,2025-12-31,전북특별자치도 정읍시,693344250.9,693.344251,406788,71.422834,169.755833,0.597648,4.965266,316.917963,0.0,0.0,20.958124,3.934664,1.569085,0.346901,0.094937,1.005405,29.836881,1.584494,2.92355,15.201247,23.352892,13.764578,0.237323,0.325676,1.710254,1.935093,0.184102,0.283183,0.156613,2.004812,8.274892,148.865599
52190,전북특별자치도 남원시,52190,전북특별자치도 남원시,,2025-12-31,전북특별자치도 남원시,752194858.8,752.194859,329445,40.306735,122.596851,2.394137,7.023206,467.21403,0.0,0.0,15.753096,2.972342,1.3522,0.253146,0.078803,0.688552,31.569407,1.3275,2.15977,19.807416,20.109665,3.643838,0.083192,0.07776,0.364095,2.282946,0.712737,0.351377,0.242384,1.378912,7.450761,228.818781
52210,전북특별자치도 김제시,52210,전북특별자치도 김제시,,2025-12-31,전북특별자치도 김제시,547406361.8,547.406362,370676,51.777582,213.728383,1.235001,3.590031,113.974382,0.0,0.5163,20.539139,5.919868,1.464361,0.283644,0.129055,1.71092,30.97385,0.666992,2.403116,53.496759,22.499572,6.740983,0.283386,0.162579,0.407912,1.559359,0.248625,0.487211,0.0,2.918786,9.688567,133.670351
52710,전북특별자치도 완주군,52710,전북특별자치도 완주군,,2025-12-31,전북특별자치도 완주군,821392893.4,821.392893,284601,44.00866,75.660262,1.072336,1.77944,585.860274,0.00025,0.0,20.033265,8.610852,1.701103,0.291956,0.1441,0.903071,26.097998,0.492443,2.031827,22.56031,11.152704,9.412434,0.109322,0.885276,1.472642,0.628182,0.142332,0.513567,0.036033,1.317694,4.474558,278.374502
52720,전북특별자치도 진안군,52720,전북특별자치도 진안군,,2025-12-31,전북특별자치도 진안군,789124097.9,789.124098,252913,40.318675,45.442729,0.430389,3.384782,605.710216,0.0,0.0,8.123475,0.812117,0.49821,0.164077,0.015908,0.327978,18.39035,0.0,0.585152,17.726365,3.930845,38.433693,0.020019,0.054446,0.448772,0.952525,0.180478,0.20189,0.000831,1.025321,1.944856,303.199987
52730,전북특별자치도 무주군,52730,전북특별자치도 무주군,,2025-12-31,전북특별자치도 무주군,632058325.7,632.058326,157806,36.52065,29.911238,0.643755,1.243793,511.46852,0.0,0.0,7.021422,0.48762,0.409955,0.107859,0.031929,0.32576,14.465489,0.0,0.383101,18.17274,4.324959,1.402027,0.010435,0.048616,0.172249,2.537193,0.206582,0.108899,0.00079,0.985948,1.066797,310.226967
52740,전북특별자치도 장수군,52740,전북특별자치도 장수군,,2025-12-31,전북특별자치도 장수군,533129518.3,533.129518,174511,30.900104,46.273147,3.907978,3.35783,397.453681,0.0,0.0,6.266057,0.663623,0.501791,0.031949,0.025353,0.430436,16.705444,0.0,0.424572,11.065385,5.997199,3.716548,0.004807,0.101927,0.292412,1.055316,0.369963,0.112296,0.306214,0.72676,2.438728,209.303773
52750,전북특별자치도 임실군,52750,전북특별자치도 임실군,,2025-12-31,전북특별자치도 임실군,597172902.4,597.172902,247987,41.131163,58.164122,0.531984,2.807885,404.796972,0.0,0.0,8.706397,1.139456,0.678518,0.077871,0.041911,0.287514,20.083275,0.892786,0.778396,12.193175,11.370322,22.457041,0.096134,0.077419,0.166286,1.115654,0.291726,0.107961,0.001062,1.502788,7.675084,153.782427
52770,전북특별자치도 순창군,52770,전북특별자치도 순창군,,2025-12-31,전북특별자치도 순창군,495964763.5,495.964764,206670,36.995663,70.894186,0.409028,1.996134,324.217739,0.0,0.0,8.624955,1.042625,0.509846,0.068557,0.022577,0.30412,17.216716,0.124281,1.203423,12.395676,12.2346,3.898138,0.058464,0.057511,0.150693,0.590495,0.143018,0.104195,0.003333,1.224119,1.474672,114.560222
52790,전북특별자치도 고창군,52790,전북특별자치도 고창군,,2025-12-31,전북특별자치도 고창군,607450936.1,607.450936,337943,92.796859,138.834467,0.49844,4.494427,259.668763,7.2e-05,1.372019,17.55503,1.806916,1.044791,0.166139,0.043815,0.74755,29.86131,0.0,1.264385,8.12797,20.040061,15.780914,0.70606,0.057626,0.234037,2.562201,0.228317,0.21336,0.004874,2.076925,7.263608,105.20997
52800,전북특별자치도 부안군,52800,전북특별자치도 부안군,,2025-12-31,전북특별자치도 부안군,495173985.1,495.173985,259256,51.632208,139.675106,0.123016,2.461111,197.353153,0.0,0.485564,14.421478,1.32154,1.015494,0.227671,0.079518,0.811832,24.31182,0.0,1.687703,17.593818,16.009388,15.596491,0.367014,0.182991,0.302887,0.187741,1.386674,0.229162,0.010553,1.463371,6.23668,183.450473
