sgg_cd,sgg_nm,sgg_cd_ref,sgg_nm_ref,map_note,ref_date,row_type,src_sido,src_name,n_nbls_total_persons,n_nbls_total_hh,n_livelihood_persons,n_livelihood_hh,n_medical_persons,n_medical_hh,n_housing_persons,n_housing_hh,n_education_persons,n_education_hh,n_nearpoor_disabled_persons,n_nearpoor_disabled_hh,n_nearpoor_selfsupport_persons,n_nearpoor_selfsupport_hh,n_nearpoor_copay_reduction_persons,n_nearpoor_copay_reduction_hh,n_basic_pension_persons,n_basic_pension_hh,n_disability_pension_persons,n_disability_pension_hh
11110,서울특별시 종로구,11110,서울특별시 종로구,,2025-12-31,unit,서울특별시,종로구,6387,5477,4872,4365,4049,3655,5779,4889,316,246,190,188,21,21,702,565,15147,12164,854,849
11140,서울특별시 중구,11140,서울특별시 중구,,2025-12-31,unit,서울특별시,중구,6326,5330,4292,3822,3776,3363,6140,5146,344,256,248,242,7,6,638,535,15339,12515,562,547
11170,서울특별시 용산구,11170,서울특별시 용산구,,2025-12-31,unit,서울특별시,용산구,9248,7369,6599,5536,5936,5017,9042,7152,617,457,250,246,17,15,505,406,15571,12574,685,680
11200,서울특별시 성동구,11200,서울특별시 성동구,,2025-12-31,unit,서울특별시,성동구,10865,8575,7407,6110,6247,5164,10572,8273,672,491,557,542,48,46,1114,902,25501,20145,1065,1053
11215,서울특별시 광진구,11215,서울특별시 광진구,,2025-12-31,unit,서울특별시,광진구,16001,12098,9873,8045,7633,6263,15620,11708,1310,928,531,520,41,37,1452,1120,31760,24912,1237,1226
11230,서울특별시 동대문구,11230,서울특별시 동대문구,,2025-12-31,unit,서울특별시,동대문구,17255,13892,12457,10525,10778,9064,16777,13424,1189,848,704,688,14,14,2008,1654,42062,32888,1570,1552
11260,서울특별시 중랑구,11260,서울특별시 중랑구,,2025-12-31,unit,서울특별시,중랑구,32151,24029,20857,17011,16703,13688,31447,23295,2563,1789,1054,1016,14,14,3684,2853,59991,46956,2736,2701
11290,서울특별시 성북구,11290,서울특별시 성북구,,2025-12-31,unit,서울특별시,성북구,19522,14820,13635,10871,11359,9086,18836,14171,1674,1222,779,753,45,41,2414,1903,52110,40178,1867,1841
11305,서울특별시 강북구,11305,서울특별시 강북구,,2025-12-31,unit,서울특별시,강북구,26568,20351,19130,15343,15850,12630,25978,19757,1948,1397,1048,999,36,36,2467,1916,54764,43091,2448,2409
11320,서울특별시 도봉구,11320,서울특별시 도봉구,,2025-12-31,unit,서울특별시,도봉구,19634,14533,13286,10526,10799,8553,19133,14028,1837,1302,771,745,39,37,2635,2026,51758,39672,1860,1838
11350,서울특별시 노원구,11350,서울특별시 노원구,,2025-12-31,unit,서울특별시,노원구,34030,25401,23803,18631,20624,15963,33406,24621,2413,1771,1369,1335,97,93,3664,2963,65747,51580,4662,4552
11380,서울특별시 은평구,11380,서울특별시 은평구,,2025-12-31,unit,서울특별시,은평구,29250,21845,19810,15832,16315,13053,28118,20683,2469,1799,987,946,23,22,3373,2630,65972,51264,2943,2915
11410,서울특별시 서대문구,11410,서울특별시 서대문구,,2025-12-31,unit,서울특별시,서대문구,12930,9998,8198,6797,6595,5515,12474,9542,961,722,518,499,22,21,1688,1357,36206,28160,1311,1300
11440,서울특별시 마포구,11440,서울특별시 마포구,,2025-12-31,unit,서울특별시,마포구,12769,9748,8743,6956,7338,5781,12487,9436,782,572,612,588,7,7,1076,838,30697,24321,1570,1543
11470,서울특별시 양천구,11470,서울특별시 양천구,,2025-12-31,unit,서울특별시,양천구,20616,15490,12728,10340,10639,8600,20036,14907,1802,1265,997,960,32,31,2461,1916,47412,36873,2020,1984
11500,서울특별시 강서구,11500,서울특별시 강서구,,2025-12-31,unit,서울특별시,강서구,35923,27028,24546,19652,21532,17178,35271,26315,2595,1820,1420,1344,26,25,2627,1986,69014,54092,4677,4577
11530,서울특별시 구로구,11530,서울특별시 구로구,,2025-12-31,unit,서울특별시,구로구,17951,13412,11947,9533,10204,8252,17402,12886,1685,1170,806,773,76,74,1675,1242,52243,39715,2090,2055
11545,서울특별시 금천구,11545,서울특별시 금천구,,2025-12-31,unit,서울특별시,금천구,15678,12368,11613,9536,9635,7886,15253,11922,1114,826,559,532,3,3,1965,1583,32395,25227,1373,1354
11560,서울특별시 영등포구,11560,서울특별시 영등포구,,2025-12-31,unit,서울특별시,영등포구,13261,11291,9758,8688,8460,7530,12644,10664,600,446,545,528,35,35,1363,1128,32906,25889,1361,1347
11590,서울특별시 동작구,11590,서울특별시 동작구,,2025-12-31,unit,서울특별시,동작구,14289,11322,8942,7509,7336,6154,13856,10892,1025,765,739,713,14,12,1164,938,36025,28115,1555,1532
11620,서울특별시 관악구,11620,서울특별시 관악구,,2025-12-31,unit,서울특별시,관악구,26914,21667,18639,15489,15304,12758,26475,21204,1665,1220,969,929,22,20,2153,1783,55298,43027,2297,2275
11650,서울특별시 서초구,11650,서울특별시 서초구,,2025-12-31,unit,서울특별시,서초구,8523,6245,5026,3985,4567,3594,8248,5981,699,454,405,395,6,6,854,609,17186,13833,1035,1021
11680,서울특별시 강남구,11680,서울특별시 강남구,,2025-12-31,unit,서울특별시,강남구,17846,13500,12359,9640,10374,8102,17542,13143,1033,720,710,677,39,36,937,752,23178,19157,2317,2264
11710,서울특별시 송파구,11710,서울특별시 송파구,,2025-12-31,unit,서울특별시,송파구,20961,15455,13111,10428,9958,7967,20453,14952,1805,1241,882,863,12,12,2143,1645,42884,33993,2394,2372
11740,서울특별시 강동구,11740,서울특별시 강동구,,2025-12-31,unit,서울특별시,강동구,20669,15984,13621,11241,10913,8997,20198,15527,1669,1210,1178,1139,18,18,2810,2209,47906,37476,2403,2386
26110,부산광역시 중구,26110,부산광역시 중구,,2025-12-31,unit,부산광역시,중구,5121,4221,3895,3304,3386,2877,5004,4106,292,203,157,153,3,3,545,449,9743,7873,348,343
26140,부산광역시 서구,26140,부산광역시 서구,,2025-12-31,unit,부산광역시,서구,11469,9030,7925,6579,6619,5528,10912,8489,896,673,452,436,36,33,1438,1155,23551,18521,1050,1041
26170,부산광역시 동구,26170,부산광역시 동구,,2025-12-31,unit,부산광역시,동구,11049,8594,8095,6504,6898,5516,10830,8373,715,487,418,403,21,20,1132,913,21115,16580,785,775
26200,부산광역시 영도구,26200,부산광역시 영도구,,2025-12-31,unit,부산광역시,영도구,14061,10971,10565,8553,9125,7392,13641,10551,1035,738,558,535,24,22,1755,1371,27447,21153,1510,1488
26230,부산광역시 부산진구,26230,부산광역시 부산진구,,2025-12-31,unit,부산광역시,부산진구,26653,20431,18921,15272,15624,12579,25909,19741,2089,1472,868,836,20,19,2404,1958,64095,49427,2501,2477
26260,부산광역시 동래구,26260,부산광역시 동래구,,2025-12-31,unit,부산광역시,동래구,15670,11832,9756,7961,8106,6630,15012,11180,1492,1032,533,521,6,6,1376,1103,42589,32400,1530,1520
26290,부산광역시 남구,26290,부산광역시 남구,,2025-12-31,unit,부산광역시,남구,14263,10857,9702,7811,8107,6493,13887,10513,1298,939,666,645,38,38,1957,1541,45319,34110,1640,1630
26320,부산광역시 북구,26320,부산광역시 북구,,2025-12-31,unit,부산광역시,북구,25175,19043,18518,14527,15369,12143,24564,18272,2064,1416,676,662,40,37,2315,1840,47620,36766,2460,2422
26350,부산광역시 해운대구,26350,부산광역시 해운대구,,2025-12-31,unit,부산광역시,해운대구,25647,19076,17303,13615,13944,11026,24563,18046,2230,1570,995,957,44,44,2779,2164,54329,42149,2456,2438
26380,부산광역시 사하구,26380,부산광역시 사하구,,2025-12-31,unit,부산광역시,사하구,28755,21488,21232,16604,17337,13696,27770,20549,2834,1967,937,903,82,78,2901,2304,56960,43770,2565,2535
26410,부산광역시 금정구,26410,부산광역시 금정구,,2025-12-31,unit,부산광역시,금정구,15947,12360,10120,8427,9108,7512,15290,11722,1293,928,640,617,14,14,1802,1450,40206,30878,1491,1475
26440,부산광역시 강서구,26440,부산광역시 강서구,,2025-12-31,unit,부산광역시,강서구,5679,3992,3414,2531,2803,2149,5361,3635,932,581,221,215,23,22,561,379,13758,10599,762,761
26470,부산광역시 연제구,26470,부산광역시 연제구,,2025-12-31,unit,부산광역시,연제구,14139,10880,9534,7760,8038,6542,13673,10427,1201,856,467,452,11,11,1113,894,35052,26750,1353,1343
26500,부산광역시 수영구,26500,부산광역시 수영구,,2025-12-31,unit,부산광역시,수영구,11350,8763,7669,6186,6215,5016,11018,8454,924,686,348,338,23,23,1213,979,28849,22213,1051,1041
26530,부산광역시 사상구,26530,부산광역시 사상구,,2025-12-31,unit,부산광역시,사상구,17560,13667,13545,10916,12141,9711,17090,13206,1422,1019,470,451,43,40,1272,1060,39056,30174,2075,2049
26710,부산광역시 기장군,26710,부산광역시 기장군,,2025-12-31,unit,부산광역시,기장군,13855,9517,8136,6106,6581,4935,13422,9082,1728,1113,657,638,2,2,1805,1324,25621,20146,1288,1278
27110,대구광역시 중구,27110,대구광역시 중구,,2025-12-31,unit,대구광역시,중구,5205,3962,3307,2695,2762,2234,5028,3779,452,314,204,198,39,35,656,497,12228,9549,563,557
27140,대구광역시 동구,27140,대구광역시 동구,,2025-12-31,unit,대구광역시,동구,25675,19627,17414,14228,15410,12519,24598,18539,2289,1598,1293,1234,152,146,2882,2180,61798,47775,3095,3063
27170,대구광역시 서구,27170,대구광역시 서구,,2025-12-31,unit,대구광역시,서구,19092,14511,13654,10956,11609,9298,18385,13827,1755,1224,693,665,43,41,2330,1807,38477,29707,1513,1499
27200,대구광역시 남구,27200,대구광역시 남구,,2025-12-31,unit,대구광역시,남구,17157,13150,11827,9631,10480,8481,16501,12513,1554,1137,542,517,16,16,1987,1558,29121,22817,1251,1234
27230,대구광역시 북구,27230,대구광역시 북구,,2025-12-31,unit,대구광역시,북구,25995,19068,16889,13426,14097,11245,24892,18025,2956,2040,1109,1075,36,35,4221,3162,60366,46373,3033,2992
27260,대구광역시 수성구,27260,대구광역시 수성구,,2025-12-31,unit,대구광역시,수성구,23136,16948,15834,12405,14162,11050,21935,15807,2287,1639,743,721,46,37,2332,1750,44689,34639,2413,2383
27290,대구광역시 달서구,27290,대구광역시 달서구,,2025-12-31,unit,대구광역시,달서구,37520,27732,25468,20185,22511,17767,36856,27060,3713,2576,1421,1388,66,64,4431,3293,72473,55901,4067,3998
27710,대구광역시 달성군,27710,대구광역시 달성군,,2025-12-31,unit,대구광역시,달성군,16073,10782,10471,7609,8264,6132,14560,9356,2328,1547,648,624,22,21,1758,1203,32137,24726,1649,1626
27720,대구광역시 군위군,27720,대구광역시 군위군,,2025-12-31,unit,대구광역시,군위군,1387,1101,1031,846,825,665,1145,876,125,86,160,153,21,21,145,118,8360,6218,291,284
28110,인천광역시 중구,28110,인천광역시 중구,split_2026-07-01: 인천 중구+동구 -> 제물포구(28125)+영종구(28155); no 1:1 successor,2025-12-31,unit,인천광역시,중구,9900,7265,6409,5073,5358,4313,9390,6758,1159,762,350,339,13,13,975,720,19788,15693,739,732
28140,인천광역시 동구,28140,인천광역시 동구,split_2026-07-01: 인천 중구+동구 -> 제물포구(28125)+영종구(28155); no 1:1 successor,2025-12-31,unit,인천광역시,동구,3900,3089,2790,2324,2515,2083,3759,2944,370,255,235,221,13,13,338,265,13232,10207,536,529
28177,인천광역시 미추홀구,28177,인천광역시 미추홀구,,2025-12-31,unit,인천광역시,미추홀구,33502,24128,23858,18168,19680,15191,32431,23059,4047,2804,1070,1026,60,57,3726,2790,67315,52499,2679,2653
28185,인천광역시 연수구,28185,인천광역시 연수구,,2025-12-31,unit,인천광역시,연수구,14058,10216,8894,6974,7924,6197,13467,9630,1725,1134,546,532,53,51,1345,988,30991,24078,1712,1695
28200,인천광역시 남동구,28200,인천광역시 남동구,,2025-12-31,unit,인천광역시,남동구,40857,29228,27301,20760,22775,17310,39509,27908,4697,3228,1634,1556,27,27,3577,2679,70381,55290,3605,3547
28237,인천광역시 부평구,28237,인천광역시 부평구,,2025-12-31,unit,인천광역시,부평구,35560,25743,22945,18069,20390,15868,34327,24537,3869,2695,1337,1281,54,50,3255,2435,71426,55592,3590,3540
28245,인천광역시 계양구,28245,인천광역시 계양구,,2025-12-31,unit,인천광역시,계양구,20503,14690,12146,9519,9549,7467,19822,14013,2282,1584,844,815,32,32,2591,2001,41797,32984,1876,1855
28260,인천광역시 서구,28260,인천광역시 서구,split_2026-07-01: 인천 서구 -> 서해구(28275)+검단구(28290); no 1:1 successor,2025-12-31,unit,인천광역시,서구,34159,23551,20957,15843,18005,13656,32375,21860,4819,3204,1325,1274,10,10,3575,2516,65846,51322,3115,3073
28710,인천광역시 강화군,28710,인천광역시 강화군,,2025-12-31,unit,인천광역시,강화군,4952,3912,3468,2839,2888,2379,4301,3282,443,299,318,312,26,25,410,299,18732,14009,879,864
28720,인천광역시 옹진군,28720,인천광역시 옹진군,,2025-12-31,unit,인천광역시,옹진군,745,637,508,458,438,393,577,485,49,32,114,108,0,0,42,36,4862,3711,246,242
12210,전남광주통합특별시 동구,29110,광주광역시 동구,recoded 29110->12210,2025-12-31,unit,광주광역시,동구,7456,5866,5420,4417,4825,3966,7015,5429,732,513,273,266,66,63,654,525,15716,12082,943,940
12240,전남광주통합특별시 서구,29140,광주광역시 서구,recoded 29140->12240,2025-12-31,unit,광주광역시,서구,19729,13914,12472,9457,10776,8175,19155,13392,2400,1639,718,693,39,38,2109,1541,31815,24780,1999,1962
12270,전남광주통합특별시 남구,29155,광주광역시 남구,recoded 29155->12270,2025-12-31,unit,광주광역시,남구,15965,11120,9485,7233,8089,6161,15290,10516,2077,1422,686,655,36,35,1942,1421,30964,23763,1779,1747
12300,전남광주통합특별시 북구,29170,광주광역시 북구,recoded 29170->12300,2025-12-31,unit,광주광역시,북구,36084,25542,24108,18055,20685,15586,35044,24636,4434,2973,1368,1325,93,90,3691,2683,56484,43927,3363,3320
12330,전남광주통합특별시 광산구,29200,광주광역시 광산구,recoded 29200->12330,2025-12-31,unit,광주광역시,광산구,25947,16572,16529,11352,14225,9857,25171,15843,4405,2921,916,884,69,63,2899,1993,34536,27310,2648,2608
30110,대전광역시 동구,30110,대전광역시 동구,,2025-12-31,unit,대전광역시,동구,20460,15415,14302,11456,12256,9888,19466,14442,2169,1504,735,708,109,103,2224,1675,38903,30261,2304,2259
30140,대전광역시 중구,30140,대전광역시 중구,,2025-12-31,unit,대전광역시,중구,15661,11883,11497,9141,9961,7958,15068,11343,1653,1160,597,576,45,42,2138,1635,37228,28916,1989,1964
30170,대전광역시 서구,30170,대전광역시 서구,,2025-12-31,unit,대전광역시,서구,22528,16161,15483,11870,13498,10395,21671,15354,3034,2059,805,777,30,29,2491,1781,48006,37104,2819,2791
30200,대전광역시 유성구,30200,대전광역시 유성구,,2025-12-31,unit,대전광역시,유성구,12861,9178,8151,6295,6821,5334,12274,8633,1638,1103,687,660,57,56,1658,1197,23687,18797,1684,1657
30230,대전광역시 대덕구,30230,대전광역시 대덕구,,2025-12-31,unit,대전광역시,대덕구,13648,9925,9438,7308,7977,6179,12935,9251,1679,1140,541,520,54,53,1414,1042,26494,20507,1737,1712
31110,울산광역시 중구,31110,울산광역시 중구,,2025-12-31,unit,울산광역시,중구,11145,8582,6464,5452,5718,4782,10646,8130,672,446,533,510,29,29,1127,879,29713,23099,1181,1171
31140,울산광역시 남구,31140,울산광역시 남구,,2025-12-31,unit,울산광역시,남구,13510,10489,7816,6624,6897,5857,13095,10079,662,463,533,517,46,44,1057,838,32767,25343,1538,1526
31170,울산광역시 동구,31170,울산광역시 동구,,2025-12-31,unit,울산광역시,동구,7259,5069,4306,3276,3565,2751,7011,4838,629,378,391,377,28,28,675,466,17924,13489,896,888
31200,울산광역시 북구,31200,울산광역시 북구,,2025-12-31,unit,울산광역시,북구,7696,5186,3908,2970,3327,2500,7366,4873,696,425,428,416,55,49,1114,759,17377,13409,1114,1103
31710,울산광역시 울주군,31710,울산광역시 울주군,,2025-12-31,unit,울산광역시,울주군,10092,7564,6030,5051,5022,4220,9195,6693,715,503,499,486,87,81,809,596,29938,23430,1575,1551
36110,세종특별자치시,36110,세종특별자치시,,2025-12-31,unit,세종특별자치시,세종특별자치시,10202,6857,5382,4177,4106,3300,9490,6222,1707,1084,552,532,25,24,1092,769,24997,19546,1461,1442
41110,경기도 수원시,41110,경기도 수원시,parent_si_of_ilbangu_2026,2025-12-31,si_residual,경기도,수원시,224,224,203,203,152,152,77,77,13,13,0,0,0,0,0,0,0,0,0,0
41111,경기도 수원시 장안구,41111,경기도 수원시 장안구,,2025-12-31,unit,경기도,수원시장안구,8947,7033,5788,4831,4623,3868,8580,6657,843,593,535,519,88,84,1312,1039,30771,24358,1418,1403
41113,경기도 수원시 권선구,41113,경기도 수원시 권선구,,2025-12-31,unit,경기도,수원시권선구,12037,9237,7662,6359,6215,5180,11631,8842,1277,886,730,716,79,77,1968,1504,37884,29817,1839,1820
41115,경기도 수원시 팔달구,41115,경기도 수원시 팔달구,,2025-12-31,unit,경기도,수원시팔달구,8510,6959,6226,5323,5330,4580,8259,6698,655,446,363,351,47,46,1051,859,21828,17611,1096,1087
41117,경기도 수원시 영통구,41117,경기도 수원시 영통구,,2025-12-31,unit,경기도,수원시영통구,4453,3504,2579,2196,2078,1771,4307,3363,417,285,347,331,37,36,688,531,17845,14136,952,937
41130,경기도 성남시,41130,경기도 성남시,parent_si_of_ilbangu_2026,2025-12-31,si_residual,경기도,성남시,530,530,503,503,358,358,100,100,0,0,0,0,0,0,0,0,0,0,0,0
41131,경기도 성남시 수정구,41131,경기도 성남시 수정구,,2025-12-31,unit,경기도,성남시수정구,15124,11746,9809,8151,8319,6951,14876,11472,1217,861,453,445,32,31,646,501,30361,24596,1254,1237
41133,경기도 성남시 중원구,41133,경기도 성남시 중원구,,2025-12-31,unit,경기도,성남시중원구,11543,8617,7020,5733,5833,4799,11260,8356,1365,955,491,478,30,30,826,638,29655,23523,1352,1340
41135,경기도 성남시 분당구,41135,경기도 성남시 분당구,,2025-12-31,unit,경기도,성남시분당구,9296,6831,5630,4467,5030,3971,9208,6739,751,501,559,541,8,8,669,488,22118,17700,1737,1712
41150,경기도 의정부시,41150,경기도 의정부시,,2025-12-31,unit,경기도,의정부시,28407,20853,17694,14404,13926,11450,27227,19724,3185,2193,1101,1057,20,20,4736,3560,65244,51010,2857,2830
41170,경기도 안양시,41170,경기도 안양시,parent_si_of_ilbangu_2026,2025-12-31,si_residual,경기도,안양시,435,435,406,406,344,344,42,42,3,3,0,0,0,0,0,0,0,0,0,0
41171,경기도 안양시 만안구,41171,경기도 안양시 만안구,,2025-12-31,unit,경기도,안양시만안구,10259,7957,6207,5204,4880,4061,9994,7710,970,689,470,450,45,42,1309,1042,32851,25420,1265,1250
41173,경기도 안양시 동안구,41173,경기도 안양시 동안구,,2025-12-31,unit,경기도,안양시동안구,6280,4718,3382,2793,2939,2382,6171,4593,648,462,390,386,14,13,727,561,26243,20233,1109,1103
41190,경기도 부천시,41190,경기도 부천시,parent_si: 부천시 has 일반구 since 2024-01-01 (41192/41194/41196),2025-12-31,si_residual,경기도,부천시,113,113,113,113,15,15,0,0,1,1,0,0,0,0,0,0,0,0,0,0
41192,경기도 부천시 원미구,41192,경기도 부천시 원미구,,2025-12-31,unit,경기도,부천시 원미구,15742,12231,10564,8799,8678,7274,15190,11718,1414,960,678,659,43,42,1156,885,46254,36114,2197,2161
41194,경기도 부천시 소사구,41194,경기도 부천시 소사구,,2025-12-31,unit,경기도,부천시 소사구,9777,7590,6529,5414,5403,4493,9413,7250,780,564,516,495,33,33,708,581,33061,25539,1297,1277
41196,경기도 부천시 오정구,41196,경기도 부천시 오정구,,2025-12-31,unit,경기도,부천시 오정구,8726,6307,5604,4403,4521,3521,8374,6003,1026,703,480,459,9,9,929,729,25614,20281,1042,1029
41210,경기도 광명시,41210,경기도 광명시,,2025-12-31,unit,경기도,광명시,10271,7492,5917,4775,4924,3914,9939,7153,1024,723,493,476,24,24,682,537,31268,24245,1491,1470
41220,경기도 평택시,41220,경기도 평택시,,2025-12-31,unit,경기도,평택시,22750,16439,13579,10887,11695,9366,21370,15227,3407,2257,1058,1016,75,69,2696,1951,55538,44526,2817,2779
41250,경기도 동두천시,41250,경기도 동두천시,,2025-12-31,unit,경기도,동두천시,9852,7099,5768,4696,4975,4041,9178,6472,1211,815,523,497,5,5,1248,936,18496,14819,986,976
41270,경기도 안산시,41270,경기도 안산시,parent_si_of_ilbangu_2026,2025-12-31,si_residual,경기도,안산시,936,937,874,873,837,836,82,81,0,0,0,0,0,0,0,0,0,0,0,0
41271,경기도 안산시 상록구,41271,경기도 안산시 상록구,,2025-12-31,unit,경기도,안산시상록구,22327,15593,11791,9332,10603,8164,21862,15220,3217,2180,1070,1024,12,12,2719,2010,37246,29925,2219,2183
41273,경기도 안산시 단원구,41273,경기도 안산시 단원구,,2025-12-31,unit,경기도,안산시단원구,14572,10606,8142,6633,7236,5763,14385,10413,1794,1248,769,737,6,6,1635,1212,29952,23924,1829,1804
41280,경기도 고양시,41280,경기도 고양시,parent_si_of_ilbangu_2026,2025-12-31,si_residual,경기도,고양시,1499,1497,1412,1412,1276,1274,180,178,1,1,0,0,0,0,0,0,0,0,0,0
41281,경기도 고양시 덕양구,41281,경기도 고양시 덕양구,,2025-12-31,unit,경기도,고양시덕양구,23317,17432,13447,11058,11385,9237,23001,17128,2063,1437,1015,984,14,14,2331,1789,60813,47833,2465,2440
41285,경기도 고양시 일산동구,41285,경기도 고양시 일산동구,,2025-12-31,unit,경기도,고양시일산동구,10686,7706,5680,4622,4807,3873,10566,7611,1169,805,531,516,16,15,977,736,28736,22621,1603,1592
41287,경기도 고양시 일산서구,41287,경기도 고양시 일산서구,,2025-12-31,unit,경기도,고양시일산서구,7258,5284,4137,3375,3601,2906,7035,5092,846,581,409,392,9,8,734,548,28656,22070,1496,1480
41290,경기도 과천시,41290,경기도 과천시,,2025-12-31,unit,경기도,과천시,1365,1022,847,673,724,578,1315,972,92,63,116,113,2,2,111,86,3607,2949,237,237
41310,경기도 구리시,41310,경기도 구리시,,2025-12-31,unit,경기도,구리시,8999,6822,5102,4289,4486,3733,8759,6579,811,578,314,307,18,17,894,698,21633,16860,918,911
41360,경기도 남양주시,41360,경기도 남양주시,,2025-12-31,unit,경기도,남양주시,32269,23281,18389,14953,15714,12723,30885,21957,3684,2466,1711,1640,32,30,4664,3384,92434,71260,4010,3975
41370,경기도 오산시,41370,경기도 오산시,,2025-12-31,unit,경기도,오산시,8701,6316,4762,3870,3909,3256,8253,5888,1238,834,452,431,9,8,1110,761,21457,16993,1080,1062
41390,경기도 시흥시,41390,경기도 시흥시,,2025-12-31,unit,경기도,시흥시,21702,15903,12719,10251,11270,9045,20484,14767,2745,1838,875,846,59,58,1430,1056,48856,38777,2378,2357
41410,경기도 군포시,41410,경기도 군포시,,2025-12-31,unit,경기도,군포시,12208,8970,6657,5497,5693,4681,11790,8557,1272,886,555,532,16,16,1187,885,29605,23154,1367,1351
41430,경기도 의왕시,41430,경기도 의왕시,,2025-12-31,unit,경기도,의왕시,4230,3171,1806,1578,1645,1379,3991,2916,329,241,443,422,15,15,469,356,15852,12044,653,647
41450,경기도 하남시,41450,경기도 하남시,,2025-12-31,unit,경기도,하남시,9260,7072,5282,4360,4296,3581,8930,6761,832,561,550,537,21,21,1047,820,28435,21954,1290,1278
41460,경기도 용인시,41460,경기도 용인시,parent_si_of_ilbangu_2026,2025-12-31,si_residual,경기도,용인시,392,388,381,379,362,362,209,208,5,4,0,0,0,0,0,0,0,0,0,0
41461,경기도 용인시 처인구,41461,경기도 용인시 처인구,,2025-12-31,unit,경기도,용인시처인구,8847,6456,4917,4062,4076,3379,8420,6075,1295,820,569,551,2,2,419,287,32685,25470,1640,1626
41463,경기도 용인시 기흥구,41463,경기도 용인시 기흥구,,2025-12-31,unit,경기도,용인시기흥구,12168,8559,5606,4523,4328,3514,11825,8173,1250,833,804,780,7,7,653,447,37634,28413,1638,1620
41465,경기도 용인시 수지구,41465,경기도 용인시 수지구,,2025-12-31,unit,경기도,용인시수지구,3395,2497,1253,1069,1063,910,3284,2388,321,244,313,309,0,0,147,121,20115,15024,720,712
41480,경기도 파주시,41480,경기도 파주시,,2025-12-31,unit,경기도,파주시,29238,20220,15147,12173,13055,10378,27447,18460,3791,2495,1149,1093,44,42,3217,2296,61670,48161,3046,3007
41500,경기도 이천시,41500,경기도 이천시,,2025-12-31,unit,경기도,이천시,8479,6296,5472,4464,4498,3649,7904,5821,1179,772,463,441,17,15,741,583,26753,20689,1462,1441
41550,경기도 안성시,41550,경기도 안성시,,2025-12-31,unit,경기도,안성시,9197,7056,6444,5287,5581,4563,8534,6444,1065,735,433,421,46,43,945,723,27703,21674,1553,1527
41570,경기도 김포시,41570,경기도 김포시,,2025-12-31,unit,경기도,김포시,17719,12781,10459,8177,8410,6666,16866,11943,1991,1306,906,867,41,38,1029,743,49822,38206,2033,2003
41590,경기도 화성시,41590,경기도 화성시,parent_si: 화성시 has 일반구 since 2026-02-01 (41591/41593/41595/41597),2025-12-31,unit,경기도,화성시,22577,16772,12534,10265,9857,8155,21538,15816,2783,1862,1498,1444,71,70,2909,2128,68839,53949,3372,3336
41610,경기도 광주시,41610,경기도 광주시,,2025-12-31,unit,경기도,광주시,13195,9306,7255,5829,5801,4680,11888,8185,2098,1420,688,655,12,12,1185,835,49067,37167,1992,1975
41630,경기도 양주시,41630,경기도 양주시,,2025-12-31,unit,경기도,양주시,18458,12692,10861,8429,8493,6692,17327,11612,2556,1642,822,780,32,30,2824,1920,38934,30430,1845,1826
41650,경기도 포천시,41650,경기도 포천시,,2025-12-31,unit,경기도,포천시,10640,8083,6904,5793,6175,5064,9798,7284,1140,765,475,462,9,9,1432,1085,27234,21664,1461,1447
41670,경기도 여주시,41670,경기도 여주시,,2025-12-31,unit,경기도,여주시,7287,5490,4202,3513,4148,3444,6592,4840,979,693,326,310,31,28,477,361,21324,16361,961,944
41800,경기도 연천군,41800,경기도 연천군,,2025-12-31,unit,경기도,연천군,3230,2593,2084,1808,1853,1575,2945,2341,290,191,247,238,1,1,272,233,10076,7932,452,449
41820,경기도 가평군,41820,경기도 가평군,,2025-12-31,unit,경기도,가평군,4832,3940,3558,3095,2972,2601,4192,3335,362,235,192,187,4,4,465,372,13396,10402,928,924
41830,경기도 양평군,41830,경기도 양평군,,2025-12-31,unit,경기도,양평군,6670,5242,4449,3802,3800,3261,5691,4359,751,503,319,310,13,12,516,418,23366,17889,1262,1247
43110,충청북도 청주시,43110,충청북도 청주시,parent_si_of_ilbangu_2026,2025-12-31,si_residual,충청북도,청주시,1119,1120,1040,1040,1195,1195,259,259,18,18,0,0,0,0,1,1,0,0,253,253
43111,충청북도 청주시 상당구,43111,충청북도 청주시 상당구,,2025-12-31,unit,충청북도,청주시상당구,10732,7873,6563,5257,5392,4351,10276,7466,1602,1075,531,507,25,25,1167,839,26031,20273,1520,1499
43112,충청북도 청주시 서원구,43112,충청북도 청주시 서원구,,2025-12-31,unit,충청북도,청주시서원구,10660,8058,6896,5638,5752,4706,10335,7759,1333,900,500,474,24,24,943,706,23970,18860,1445,1420
43113,충청북도 청주시 흥덕구,43113,충청북도 청주시 흥덕구,,2025-12-31,unit,충청북도,청주시흥덕구,9723,6857,5514,4259,4302,3355,9337,6528,1640,1119,475,454,22,21,1220,879,24856,19531,1364,1348
43114,충청북도 청주시 청원구,43114,충청북도 청주시 청원구,,2025-12-31,unit,충청북도,청주시청원구,7739,5591,4378,3484,3428,2711,7441,5337,1097,715,417,393,12,11,997,694,21081,16514,1087,1072
43130,충청북도 충주시,43130,충청북도 충주시,,2025-12-31,unit,충청북도,충주시,13207,10082,9275,7549,7529,6128,11853,8880,1472,1028,532,512,14,14,856,676,37807,29248,1953,1914
43150,충청북도 제천시,43150,충청북도 제천시,,2025-12-31,unit,충청북도,제천시,9898,7594,6081,5094,4845,4009,9318,7018,1046,689,690,661,22,21,1417,1068,26016,20017,1383,1367
43720,충청북도 보은군,43720,충청북도 보은군,,2025-12-31,unit,충청북도,보은군,2253,1783,1514,1269,1175,967,1958,1521,202,128,195,187,31,27,230,188,9965,7536,373,361
43730,충청북도 옥천군,43730,충청북도 옥천군,,2025-12-31,unit,충청북도,옥천군,3678,2873,2401,2026,1799,1494,3056,2304,364,239,325,309,23,22,302,227,13582,10371,739,724
43740,충청북도 영동군,43740,충청북도 영동군,,2025-12-31,unit,충청북도,영동군,2974,2320,2187,1790,1768,1421,2437,1835,288,195,214,208,16,15,259,200,13319,10168,560,550
43745,충청북도 증평군,43745,충청북도 증평군,,2025-12-31,unit,충청북도,증평군,2490,1884,1598,1299,1305,1064,2323,1751,321,212,116,112,29,28,209,161,6060,4769,380,372
43750,충청북도 진천군,43750,충청북도 진천군,,2025-12-31,unit,충청북도,진천군,3624,2714,2408,1914,1982,1586,3250,2375,494,314,179,173,17,17,290,246,12144,9427,487,477
43760,충청북도 괴산군,43760,충청북도 괴산군,,2025-12-31,unit,충청북도,괴산군,2430,1870,1864,1485,1484,1159,2021,1497,193,120,175,169,20,20,258,187,11821,8854,482,461
43770,충청북도 음성군,43770,충청북도 음성군,,2025-12-31,unit,충청북도,음성군,6282,5027,4636,3958,4084,3500,5611,4390,713,501,251,238,23,18,368,292,18080,14144,1360,1349
43800,충청북도 단양군,43800,충청북도 단양군,,2025-12-31,unit,충청북도,단양군,1716,1388,1244,1054,1038,863,1444,1141,156,96,118,116,20,19,144,110,8151,6212,351,344
44130,충청남도 천안시,44130,충청남도 천안시,parent_si_of_ilbangu_2026,2025-12-31,si_residual,충청남도,천안시,622,622,572,572,875,875,218,218,11,11,0,0,0,0,0,0,1,1,0,0
44131,충청남도 천안시 동남구,44131,충청남도 천안시 동남구,,2025-12-31,unit,충청남도,천안시 동남구,11229,8393,7898,6338,6613,5311,10612,7861,1509,1049,412,399,3,2,825,616,32550,25650,1807,1792
44133,충청남도 천안시 서북구,44133,충청남도 천안시 서북구,,2025-12-31,unit,충청남도,천안시 서북구,12367,8950,8298,6555,6840,5454,11732,8413,1883,1276,484,462,14,13,884,631,31026,24545,1861,1834
44150,충청남도 공주시,44150,충청남도 공주시,,2025-12-31,unit,충청남도,공주시,6743,5221,4882,4076,4184,3460,5649,4270,737,487,317,300,22,22,580,460,23343,18003,1500,1462
44180,충청남도 보령시,44180,충청남도 보령시,,2025-12-31,unit,충청남도,보령시,6742,5231,4616,3858,3696,3044,5861,4458,784,515,400,375,30,28,453,372,22846,17482,1195,1177
44200,충청남도 아산시,44200,충청남도 아산시,,2025-12-31,unit,충청남도,아산시,15711,11524,10281,8197,8291,6678,14627,10563,2191,1457,695,671,28,27,898,671,38139,30126,2074,2045
44210,충청남도 서산시,44210,충청남도 서산시,,2025-12-31,unit,충청남도,서산시,6805,5154,4494,3696,3529,2892,6044,4509,1016,674,430,408,42,38,639,461,28558,21777,1350,1316
44230,충청남도 논산시,44230,충청남도 논산시,,2025-12-31,unit,충청남도,논산시,9675,7410,7333,5884,6042,4845,8347,6192,1172,786,513,494,15,15,571,441,27161,21023,1663,1624
44250,충청남도 계룡시,44250,충청남도 계룡시,,2025-12-31,unit,충청남도,계룡시,1512,1073,684,560,490,399,1419,983,257,170,88,88,8,7,141,103,4064,3190,190,190
44270,충청남도 당진시,44270,충청남도 당진시,,2025-12-31,unit,충청남도,당진시,6791,5105,4052,3348,2964,2467,6215,4595,919,607,364,355,38,35,403,307,26123,20154,1094,1076
44710,충청남도 금산군,44710,충청남도 금산군,,2025-12-31,unit,충청남도,금산군,3525,2715,2219,1891,1659,1364,2920,2160,388,259,302,278,25,24,721,566,14546,11071,581,569
44760,충청남도 부여군,44760,충청남도 부여군,,2025-12-31,unit,충청남도,부여군,4537,3615,3120,2624,2623,2132,3563,2740,528,340,416,402,14,14,543,431,19459,14683,957,937
44770,충청남도 서천군,44770,충청남도 서천군,,2025-12-31,unit,충청남도,서천군,3777,3027,2594,2153,2151,1776,3307,2612,294,190,363,347,10,9,377,285,16187,12258,751,735
44790,충청남도 청양군,44790,충청남도 청양군,,2025-12-31,unit,충청남도,청양군,1553,1209,1150,937,910,730,1204,907,216,138,110,106,12,11,107,84,9664,7301,345,339
44800,충청남도 홍성군,44800,충청남도 홍성군,,2025-12-31,unit,충청남도,홍성군,5530,4207,3625,3003,2995,2450,5020,3743,663,434,279,270,18,16,404,313,20667,15785,842,832
44810,충청남도 예산군,44810,충청남도 예산군,,2025-12-31,unit,충청남도,예산군,4404,3474,3078,2571,2515,2092,3863,2972,489,328,319,309,24,23,477,357,20986,15889,866,848
44825,충청남도 태안군,44825,충청남도 태안군,,2025-12-31,unit,충청남도,태안군,3415,2677,2118,1781,1864,1546,3001,2306,397,258,262,252,33,33,247,197,17287,13002,644,626
12110,전남광주통합특별시 목포시,46110,전라남도 목포시,recoded 46110->12110,2025-12-31,unit,전라남도,목포시,21721,15537,14046,10879,11216,8771,20148,14091,3123,2102,1049,1004,92,88,2118,1570,34854,27543,2314,2281
12130,전남광주통합특별시 여수시,46130,전라남도 여수시,recoded 46130->12130,2025-12-31,unit,전라남도,여수시,14551,11159,9522,7867,7714,6346,13425,10165,1785,1202,1184,1136,170,164,1741,1358,48917,37461,2482,2420
12150,전남광주통합특별시 순천시,46150,전라남도 순천시,recoded 46150->12150,2025-12-31,unit,전라남도,순천시,13064,9827,8037,6654,6437,5226,12033,8906,1642,1100,875,845,52,49,1461,1099,38613,30200,2002,1967
12170,전남광주통합특별시 나주시,46170,전라남도 나주시,recoded 46170->12170,2025-12-31,unit,전라남도,나주시,7133,5297,4614,3695,3818,3076,5931,4224,1096,709,377,370,51,45,1184,904,22922,17884,1239,1211
12190,전남광주통합특별시 광양시,46230,전라남도 광양시,recoded 46230->12190,2025-12-31,unit,전라남도,광양시,6641,4611,3976,3062,3198,2455,6110,4188,1177,749,367,357,30,28,810,578,18393,14403,958,949
12710,전남광주통합특별시 담양군,46710,전라남도 담양군,recoded 46710->12710,2025-12-31,unit,전라남도,담양군,2880,2267,1973,1637,1535,1250,2483,1894,277,189,204,200,21,18,493,385,12046,9258,599,585
12720,전남광주통합특별시 곡성군,46720,전라남도 곡성군,recoded 46720->12720,2025-12-31,unit,전라남도,곡성군,1987,1621,1464,1254,1198,987,1675,1336,141,95,176,169,34,33,152,131,8812,6864,488,473
12730,전남광주통합특별시 구례군,46730,전라남도 구례군,recoded 46730->12730,2025-12-31,unit,전라남도,구례군,1838,1480,1360,1122,1087,868,1517,1208,156,105,179,174,16,16,167,139,7572,5868,343,330
12740,전남광주통합특별시 고흥군,46770,전라남도 고흥군,recoded 46770->12740,2025-12-31,unit,전라남도,고흥군,5491,4492,4109,3464,3009,2487,4223,3391,408,270,644,622,53,51,1024,818,24069,18483,1082,1058
12750,전남광주통합특별시 보성군,46780,전라남도 보성군,recoded 46780->12750,2025-12-31,unit,전라남도,보성군,2920,2322,2167,1789,1736,1391,2389,1855,256,169,322,309,59,56,493,403,13420,10499,635,605
12760,전남광주통합특별시 화순군,46790,전라남도 화순군,recoded 46790->12760,2025-12-31,unit,전라남도,화순군,3861,2976,2429,1993,2015,1637,3564,2703,409,263,380,367,36,35,545,427,14476,11494,726,715
12770,전남광주통합특별시 장흥군,46800,전라남도 장흥군,recoded 46800->12770,2025-12-31,unit,전라남도,장흥군,2951,2249,2099,1705,1702,1309,2190,1596,324,202,306,300,32,31,314,244,11400,8867,599,577
12780,전남광주통합특별시 강진군,46810,전라남도 강진군,recoded 46810->12780,2025-12-31,unit,전라남도,강진군,2714,2061,1977,1554,1605,1195,2043,1469,307,201,166,162,35,32,425,332,10229,7942,421,404
12790,전남광주통합특별시 해남군,46820,전라남도 해남군,recoded 46820->12790,2025-12-31,unit,전라남도,해남군,4801,3826,3539,2933,2699,2174,3711,2891,490,342,393,375,78,73,784,650,19904,15396,1009,975
12800,전남광주통합특별시 영암군,46830,전라남도 영암군,recoded 46830->12800,2025-12-31,unit,전라남도,영암군,2587,1994,1845,1525,1473,1193,1698,1227,403,270,236,229,46,42,325,265,12670,9876,575,558
12810,전남광주통합특별시 무안군,46840,전라남도 무안군,recoded 46840->12810,2025-12-31,unit,전라남도,무안군,4121,2980,2551,2052,1821,1442,3348,2339,682,436,348,329,58,54,777,596,15629,12136,709,689
12820,전남광주통합특별시 함평군,46860,전라남도 함평군,recoded 46860->12820,2025-12-31,unit,전라남도,함평군,2294,1873,1759,1453,1321,1066,1868,1475,206,143,184,177,23,23,290,246,10174,7944,536,514
12830,전남광주통합특별시 영광군,46870,전라남도 영광군,recoded 46870->12830,2025-12-31,unit,전라남도,영광군,3788,2892,2778,2219,2301,1791,3155,2340,430,285,304,289,36,33,788,629,13838,10751,735,705
12840,전남광주통합특별시 장성군,46880,전라남도 장성군,recoded 46880->12840,2025-12-31,unit,전라남도,장성군,2612,2054,1883,1562,1434,1152,2175,1675,322,195,203,196,33,32,468,391,11221,8699,525,515
12850,전남광주통합특별시 완도군,46890,전라남도 완도군,recoded 46890->12850,2025-12-31,unit,전라남도,완도군,3456,2822,2789,2336,1703,1395,1522,1156,303,197,624,590,64,57,523,440,14858,11290,623,593
12860,전남광주통합특별시 진도군,46900,전라남도 진도군,recoded 46900->12860,2025-12-31,unit,전라남도,진도군,2552,2070,1912,1580,1367,1091,1762,1397,222,140,333,324,57,54,510,417,9253,7190,449,434
12870,전남광주통합특별시 신안군,46910,전라남도 신안군,recoded 46910->12870,2025-12-31,unit,전라남도,신안군,2348,1865,1789,1494,1396,1121,1284,991,341,202,286,267,47,46,445,351,13155,9986,495,477
47110,경상북도 포항시,47110,경상북도 포항시,parent_si_of_ilbangu_2026,2025-12-31,si_residual,경상북도,포항시,475,473,442,441,540,539,113,112,2,2,0,0,0,0,0,0,0,0,0,0
47111,경상북도 포항시 남구,47111,경상북도 포항시 남구,,2025-12-31,unit,경상북도,포항시남구,16404,12362,10345,8332,8878,7146,15547,11621,1982,1356,769,739,42,41,1383,1049,37746,28816,1730,1713
47113,경상북도 포항시 북구,47113,경상북도 포항시 북구,,2025-12-31,unit,경상북도,포항시북구,17994,13340,11748,9285,9879,7783,16715,12214,2175,1476,787,763,76,69,1465,1120,43030,32799,2267,2238
47130,경상북도 경주시,47130,경상북도 경주시,,2025-12-31,unit,경상북도,경주시,15494,12031,11297,9211,9035,7423,14373,11007,1570,1097,719,700,11,10,927,761,49139,38260,2142,2118
47150,경상북도 김천시,47150,경상북도 김천시,,2025-12-31,unit,경상북도,김천시,9055,6946,6299,5210,5156,4212,7696,5714,1057,742,560,540,16,16,1232,974,28614,22011,1547,1518
47170,경상북도 안동시,47170,경상북도 안동시,,2025-12-31,unit,경상북도,안동시,12117,9523,8691,7193,7282,5956,11323,8744,1089,739,706,690,14,13,1286,1005,32792,25331,2242,2184
47190,경상북도 구미시,47190,경상북도 구미시,,2025-12-31,unit,경상북도,구미시,17184,12421,11529,8857,9563,7488,16200,11555,2538,1721,787,756,36,35,1836,1356,40070,31416,2199,2172
47210,경상북도 영주시,47210,경상북도 영주시,,2025-12-31,unit,경상북도,영주시,8207,6398,5994,4900,4692,3824,7240,5520,787,514,483,470,16,16,782,581,23688,18110,1309,1276
47230,경상북도 영천시,47230,경상북도 영천시,,2025-12-31,unit,경상북도,영천시,8434,6600,6128,5074,5273,4327,7476,5764,881,597,490,475,49,46,709,566,25847,19815,1170,1145
47250,경상북도 상주시,47250,경상북도 상주시,,2025-12-31,unit,경상북도,상주시,6073,4916,4537,3868,3483,2955,4615,3588,590,408,546,521,37,36,773,627,26457,20310,1180,1148
47280,경상북도 문경시,47280,경상북도 문경시,,2025-12-31,unit,경상북도,문경시,3680,3072,2844,2482,2367,2029,3186,2618,305,210,438,420,40,40,414,345,17825,13777,777,756
47290,경상북도 경산시,47290,경상북도 경산시,,2025-12-31,unit,경상북도,경산시,16304,11964,10515,8408,8693,6940,15367,11124,2082,1422,790,762,17,16,1712,1231,40220,31081,2130,2106
47730,경상북도 의성군,47730,경상북도 의성군,,2025-12-31,unit,경상북도,의성군,3789,3208,2822,2506,2109,1826,2625,2142,280,187,362,346,26,25,411,340,19256,14576,740,723
47750,경상북도 청송군,47750,경상북도 청송군,,2025-12-31,unit,경상북도,청송군,1653,1391,1254,1081,1003,845,1292,1058,93,64,200,193,2,2,194,167,8530,6425,279,272
47760,경상북도 영양군,47760,경상북도 영양군,,2025-12-31,unit,경상북도,영양군,1277,993,944,751,721,560,1030,782,127,80,139,135,4,4,163,126,5561,4293,235,229
47770,경상북도 영덕군,47770,경상북도 영덕군,,2025-12-31,unit,경상북도,영덕군,3283,2697,2378,2073,1762,1526,2220,1760,287,200,304,296,54,52,621,522,11959,9365,468,459
47820,경상북도 청도군,47820,경상북도 청도군,,2025-12-31,unit,경상북도,청도군,2708,2269,2077,1819,1683,1469,2233,1820,201,137,284,280,0,0,350,293,13629,10383,512,499
47830,경상북도 고령군,47830,경상북도 고령군,,2025-12-31,unit,경상북도,고령군,2670,2062,1740,1487,1437,1214,2271,1713,251,163,214,206,47,45,469,368,9381,7245,446,440
47840,경상북도 성주군,47840,경상북도 성주군,,2025-12-31,unit,경상북도,성주군,2725,2199,2099,1786,1732,1452,1637,1228,273,184,180,174,31,31,295,240,12752,9676,456,445
47850,경상북도 칠곡군,47850,경상북도 칠곡군,,2025-12-31,unit,경상북도,칠곡군,7364,5267,4353,3563,3895,3140,6604,4553,1182,772,319,306,12,12,714,511,16731,13081,863,851
47900,경상북도 예천군,47900,경상북도 예천군,,2025-12-31,unit,경상북도,예천군,3206,2518,2251,1903,1804,1474,2556,1945,336,213,297,287,45,42,250,199,14074,10674,717,690
47920,경상북도 봉화군,47920,경상북도 봉화군,,2025-12-31,unit,경상북도,봉화군,1780,1478,1317,1145,1012,850,1321,1051,118,82,251,238,30,28,236,198,10182,7747,383,369
47930,경상북도 울진군,47930,경상북도 울진군,,2025-12-31,unit,경상북도,울진군,3648,3016,2620,2240,1967,1638,2939,2362,245,170,387,370,43,41,620,535,12302,9701,589,579
47940,경상북도 울릉군,47940,경상북도 울릉군,,2025-12-31,unit,경상북도,울릉군,318,256,222,191,164,142,221,173,25,17,63,60,0,0,19,14,1933,1490,35,35
48120,경상남도 창원시,48120,경상남도 창원시,parent_si_of_ilbangu_2026,2025-12-31,si_residual,경상남도,창원시,146,146,119,119,147,147,56,56,3,3,0,0,0,0,0,0,0,0,0,0
48121,경상남도 창원시 의창구,48121,경상남도 창원시 의창구,,2025-12-31,unit,경상남도,창원시의창구,12029,8817,6972,5631,6089,4904,11271,8139,1589,1083,534,512,40,39,1232,923,26910,20983,1395,1378
48123,경상남도 창원시 성산구,48123,경상남도 창원시 성산구,,2025-12-31,unit,경상남도,창원시성산구,6418,4681,3244,2654,2747,2251,6094,4382,987,683,300,289,17,17,642,476,18843,14500,970,963
48125,경상남도 창원시 마산합포구,48125,경상남도 창원시 마산합포구,,2025-12-31,unit,경상남도,창원시마산합포구,12659,9973,7710,6658,6603,5740,11494,8942,1326,915,617,595,92,88,1436,1111,35417,27546,1567,1552
48127,경상남도 창원시 마산회원구,48127,경상남도 창원시 마산회원구,,2025-12-31,unit,경상남도,창원시마산회원구,11596,9023,6984,5958,6036,5139,10855,8397,1297,886,536,521,39,38,1212,934,32333,24814,1238,1225
48129,경상남도 창원시 진해구,48129,경상남도 창원시 진해구,,2025-12-31,unit,경상남도,창원시진해구,10931,8061,5764,4855,4827,4044,10040,7246,1606,1094,552,546,60,60,1116,842,22807,17953,1218,1208
48170,경상남도 진주시,48170,경상남도 진주시,,2025-12-31,unit,경상남도,진주시,19318,14528,13099,10464,11157,8979,18011,13417,2670,1784,800,781,14,14,1863,1358,50038,39111,2710,2660
48220,경상남도 통영시,48220,경상남도 통영시,,2025-12-31,unit,경상남도,통영시,11319,8248,7378,5883,6019,4804,10637,7645,1525,1030,431,413,53,52,1467,1063,24792,19360,1090,1071
48240,경상남도 사천시,48240,경상남도 사천시,,2025-12-31,unit,경상남도,사천시,7441,5690,4892,4089,4151,3481,6790,5115,933,610,401,375,47,47,869,677,22355,17547,1196,1170
48250,경상남도 김해시,48250,경상남도 김해시,,2025-12-31,unit,경상남도,김해시,32010,22390,18980,14791,15695,12358,30118,20751,4965,3328,1389,1333,73,71,3232,2381,59714,47370,3340,3294
48270,경상남도 밀양시,48270,경상남도 밀양시,,2025-12-31,unit,경상남도,밀양시,7425,5850,5186,4308,4184,3451,6644,5169,766,531,444,429,45,45,882,713,25266,19746,1010,998
48310,경상남도 거제시,48310,경상남도 거제시,,2025-12-31,unit,경상남도,거제시,11681,8308,6794,5436,5093,4225,10658,7489,2138,1380,481,462,59,57,1137,813,25146,19613,1434,1416
48330,경상남도 양산시,48330,경상남도 양산시,,2025-12-31,unit,경상남도,양산시,20274,14877,13344,10413,10552,8373,19473,14079,2509,1709,1069,1027,16,16,2777,2090,49537,38560,2332,2304
48720,경상남도 의령군,48720,경상남도 의령군,,2025-12-31,unit,경상남도,의령군,2213,1861,1664,1454,1359,1158,1888,1560,184,122,188,182,18,18,154,125,8667,6836,471,461
48730,경상남도 함안군,48730,경상남도 함안군,,2025-12-31,unit,경상남도,함안군,3903,3042,2647,2251,2092,1753,3331,2541,462,307,252,244,24,24,429,345,14488,11336,720,708
48740,경상남도 창녕군,48740,경상남도 창녕군,,2025-12-31,unit,경상남도,창녕군,4313,3423,3243,2757,2475,2082,3199,2446,438,261,339,330,47,45,577,453,17455,13589,700,680
48820,경상남도 고성군,48820,경상남도 고성군,,2025-12-31,unit,경상남도,고성군,3785,3027,2749,2339,2280,1929,2670,2020,449,302,247,242,17,16,253,205,14532,11279,675,664
48840,경상남도 남해군,48840,경상남도 남해군,,2025-12-31,unit,경상남도,남해군,2891,2316,2063,1726,1523,1258,2383,1865,291,195,265,256,47,47,446,366,14334,10975,613,598
48850,경상남도 하동군,48850,경상남도 하동군,,2025-12-31,unit,경상남도,하동군,3333,2634,2430,2027,2077,1694,2769,2146,313,203,219,214,38,36,246,190,13873,10711,650,634
48860,경상남도 산청군,48860,경상남도 산청군,,2025-12-31,unit,경상남도,산청군,2383,1958,1632,1404,1366,1165,1837,1451,204,133,191,186,50,47,232,191,11154,8663,564,543
48870,경상남도 함양군,48870,경상남도 함양군,,2025-12-31,unit,경상남도,함양군,3009,2408,2075,1749,1700,1396,2628,2056,351,227,222,212,34,31,204,149,11390,8919,488,481
48880,경상남도 거창군,48880,경상남도 거창군,,2025-12-31,unit,경상남도,거창군,4139,3161,2900,2353,2217,1744,3375,2484,495,309,287,275,39,38,463,351,15100,11733,703,689
48890,경상남도 합천군,48890,경상남도 합천군,,2025-12-31,unit,경상남도,합천군,2808,2320,2126,1798,1835,1502,2557,2091,169,110,262,255,35,31,233,201,14961,11619,673,650
50110,제주특별자치도 제주시,50110,제주특별자치도 제주시,,2025-12-31,unit,제주특별자치도,제주시,28866,20004,19288,14418,15291,11784,27065,18366,4554,3029,1054,1008,9,8,3911,2782,52761,42480,3513,3476
50130,제주특별자치도 서귀포시,50130,제주특별자치도 서귀포시,,2025-12-31,unit,제주특별자치도,서귀포시,11417,8157,7498,5844,6264,4943,10629,7424,1745,1155,544,519,16,15,1581,1129,26700,21227,1391,1372
51110,강원특별자치도 춘천시,51110,강원특별자치도 춘천시,,2025-12-31,unit,강원특별자치도,춘천시,18553,13825,12173,9885,10618,8514,17133,12486,2050,1396,625,603,40,40,1982,1515,37772,29971,2264,2221
51130,강원특별자치도 원주시,51130,강원특별자치도 원주시,,2025-12-31,unit,강원특별자치도,원주시,20272,15148,13093,10570,11356,9211,18779,13765,2464,1698,1059,1017,49,45,2303,1714,47030,37294,2611,2570
51150,강원특별자치도 강릉시,51150,강원특별자치도 강릉시,,2025-12-31,unit,강원특별자치도,강릉시,14236,11051,9202,7690,7299,6089,13003,9883,1394,980,795,772,14,14,2209,1764,37901,29770,1822,1800
51170,강원특별자치도 동해시,51170,강원특별자치도 동해시,,2025-12-31,unit,강원특별자치도,동해시,6114,4693,3640,3035,2997,2468,5643,4272,663,441,485,464,36,36,618,500,15786,12288,738,731
51190,강원특별자치도 태백시,51190,강원특별자치도 태백시,,2025-12-31,unit,강원특별자치도,태백시,2833,2254,1716,1458,1569,1299,2324,1816,319,215,301,292,45,44,260,212,8571,6738,367,363
51210,강원특별자치도 속초시,51210,강원특별자치도 속초시,,2025-12-31,unit,강원특별자치도,속초시,6167,4718,4149,3413,3459,2860,5851,4427,655,446,272,256,25,24,813,622,13945,11250,616,603
51230,강원특별자치도 삼척시,51230,강원특별자치도 삼척시,,2025-12-31,unit,강원특별자치도,삼척시,4431,3518,3035,2497,2395,1946,3941,3075,364,250,400,389,15,14,342,286,14197,11033,651,636
51720,강원특별자치도 홍천군,51720,강원특별자치도 홍천군,,2025-12-31,unit,강원특별자치도,홍천군,3384,2658,2370,1973,1983,1616,2936,2245,293,207,185,176,10,9,184,148,16055,12201,734,723
51730,강원특별자치도 횡성군,51730,강원특별자치도 횡성군,,2025-12-31,unit,강원특별자치도,횡성군,2189,1747,1581,1322,1356,1117,1810,1411,175,114,110,107,42,40,184,150,12082,9032,441,430
51750,강원특별자치도 영월군,51750,강원특별자치도 영월군,,2025-12-31,unit,강원특별자치도,영월군,1974,1599,1314,1127,1077,923,1515,1204,206,131,221,213,35,34,173,138,10047,7674,409,400
51760,강원특별자치도 평창군,51760,강원특별자치도 평창군,,2025-12-31,unit,강원특별자치도,평창군,1555,1272,1087,951,903,771,1200,959,111,72,136,134,35,33,190,150,9946,7559,349,338
51770,강원특별자치도 정선군,51770,강원특별자치도 정선군,,2025-12-31,unit,강원특별자치도,정선군,1884,1607,1301,1157,1030,904,1551,1311,151,98,190,185,50,46,128,110,9133,7204,333,324
51780,강원특별자치도 철원군,51780,강원특별자치도 철원군,,2025-12-31,unit,강원특별자치도,철원군,2102,1671,1435,1237,1162,979,1442,1104,220,140,148,145,60,57,328,273,8522,6595,348,342
51790,강원특별자치도 화천군,51790,강원특별자치도 화천군,,2025-12-31,unit,강원특별자치도,화천군,1271,1040,712,619,650,558,1151,930,100,67,133,129,8,7,187,147,4940,3806,237,232
51800,강원특별자치도 양구군,51800,강원특별자치도 양구군,,2025-12-31,unit,강원특별자치도,양구군,1162,907,883,723,807,634,763,576,125,75,84,83,31,30,126,110,4213,3259,174,172
51810,강원특별자치도 인제군,51810,강원특별자치도 인제군,,2025-12-31,unit,강원특별자치도,인제군,1439,1135,1039,878,848,702,1212,939,153,92,74,72,45,43,248,190,5851,4579,292,287
51820,강원특별자치도 고성군,51820,강원특별자치도 고성군,,2025-12-31,unit,강원특별자치도,고성군,1631,1293,1058,894,945,767,1301,1026,113,75,187,184,47,46,302,245,7289,5685,332,321
51830,강원특별자치도 양양군,51830,강원특별자치도 양양군,,2025-12-31,unit,강원특별자치도,양양군,1808,1492,1267,1119,1178,1014,1565,1275,119,83,129,123,47,43,208,181,7019,5449,325,321
52110,전북특별자치도 전주시,52110,전북특별자치도 전주시,parent_si_of_ilbangu_2026,2025-12-31,si_residual,전북특별자치도,전주시,803,797,769,764,701,698,153,149,0,0,1,1,0,0,0,0,0,0,194,194
52111,전북특별자치도 전주시 완산구,52111,전북특별자치도 전주시 완산구,,2025-12-31,unit,전북특별자치도,전주시 완산구,25480,17478,16377,12194,13620,10194,24903,16968,3509,2346,991,965,38,37,3642,2633,42022,32983,2510,2475
52113,전북특별자치도 전주시 덕진구,52113,전북특별자치도 전주시 덕진구,,2025-12-31,unit,전북특별자치도,전주시 덕진구,19077,12983,12202,8954,10056,7391,18574,12536,2893,1921,788,753,22,22,2349,1649,35376,27292,1778,1761
52130,전북특별자치도 군산시,52130,전북특별자치도 군산시,,2025-12-31,unit,전북특별자치도,군산시,20955,15364,13065,10436,11210,8866,19823,14362,2616,1754,1367,1307,67,63,3518,2628,46074,35747,2267,2243
52140,전북특별자치도 익산시,52140,전북특별자치도 익산시,,2025-12-31,unit,전북특별자치도,익산시,24924,18038,17069,13164,14417,11073,23271,16547,3235,2153,1170,1124,67,63,3488,2660,49270,38440,3317,3256
52180,전북특별자치도 정읍시,52180,전북특별자치도 정읍시,,2025-12-31,unit,전북특별자치도,정읍시,9524,7202,6809,5425,5542,4349,8279,6089,1065,706,680,655,36,33,1815,1466,26527,20643,1473,1442
52190,전북특별자치도 남원시,52190,전북특별자치도 남원시,,2025-12-31,unit,전북특별자치도,남원시,7155,5338,4797,3807,4217,3273,6361,4644,855,539,397,382,29,28,743,551,19730,15333,1112,1083
52210,전북특별자치도 김제시,52210,전북특별자치도 김제시,,2025-12-31,unit,전북특별자치도,김제시,8717,6617,6105,4916,5106,3958,7391,5403,876,567,645,623,48,46,1611,1289,23140,17972,1367,1328
52710,전북특별자치도 완주군,52710,전북특별자치도 완주군,,2025-12-31,unit,전북특별자치도,완주군,7707,5452,5189,3977,4493,3385,6785,4646,1067,686,439,417,50,46,1166,879,19562,14998,1256,1240
52720,전북특별자치도 진안군,52720,전북특별자치도 진안군,,2025-12-31,unit,전북특별자치도,진안군,1798,1383,1198,1003,1016,805,1524,1143,188,119,166,161,35,33,296,228,7910,5940,358,336
52730,전북특별자치도 무주군,52730,전북특별자치도 무주군,,2025-12-31,unit,전북특별자치도,무주군,1515,1181,1024,865,822,663,1163,875,160,106,171,167,16,15,128,113,7182,5480,313,304
52740,전북특별자치도 장수군,52740,전북특별자치도 장수군,,2025-12-31,unit,전북특별자치도,장수군,1439,1058,892,718,847,645,1215,856,167,110,168,159,29,27,147,126,6729,5138,274,266
52750,전북특별자치도 임실군,52750,전북특별자치도 임실군,,2025-12-31,unit,전북특별자치도,임실군,2250,1751,1487,1195,1244,958,1728,1287,245,157,308,299,7,7,293,235,8749,6715,451,435
52770,전북특별자치도 순창군,52770,전북특별자치도 순창군,,2025-12-31,unit,전북특별자치도,순창군,2036,1542,1414,1118,1126,862,1616,1176,228,144,227,218,10,10,225,166,8239,6392,431,412
52790,전북특별자치도 고창군,52790,전북특별자치도 고창군,,2025-12-31,unit,전북특별자치도,고창군,4100,3240,2829,2390,2121,1746,2649,1952,498,324,402,392,74,72,1040,833,16400,12668,744,720
52800,전북특별자치도 부안군,52800,전북특별자치도 부안군,,2025-12-31,unit,전북특별자치도,부안군,3790,3008,2649,2243,2084,1748,3143,2407,353,240,405,390,25,25,900,704,14863,11559,674,659
