sido_cd,sido_nm,sido_cd_ref,sido_nm_ref,map_note,ref_date,n_stop_records,n_stop_records_excl_gg_crossregion,n_records_gg_crossregion,kotsa_ref_date,kotsa_2024_bus_stops_total,kotsa_2024_bus_stops_sheltered
11,서울특별시,11,서울특별시,,2025-10-31,16980,12956,4024,2024-12-31,11195,3852
26,부산광역시,26,부산광역시,,2025-10-31,9975,9960,15,2024-12-31,3888,2963
27,대구광역시,27,대구광역시,,2025-10-31,5993,5945,48,2024-12-31,3926,2499
28,인천광역시,28,인천광역시,,2025-10-31,9278,6872,2406,2024-12-31,5513,3541
12,전남광주통합특별시,29,광주광역시,merged_2026-07-01: 29 -> 12 (n:1),2025-10-31,4267,4267,0,2024-12-31,2379,1592
30,대전광역시,30,대전광역시,,2025-10-31,3245,3213,32,2024-12-31,2389,1879
31,울산광역시,31,울산광역시,,2025-10-31,3960,3934,26,2024-12-31,3496,1841
36,세종특별자치시,36,세종특별자치시,,2025-10-31,3202,3194,8,2024-12-31,1430,784
41,경기도,41,경기도,,2025-10-31,38089,38089,0,2024-12-31,38619,20703
51,강원특별자치도,51,강원특별자치도,,2025-10-31,8348,8114,234,2024-12-31,11001,6024
43,충청북도,43,충청북도,,2025-10-31,13054,12839,215,2024-12-31,8839,5592
44,충청남도,44,충청남도,,2025-10-31,24334,24198,136,2024-12-31,14976,8896
52,전북특별자치도,52,전북특별자치도,,2025-10-31,13180,13082,98,2024-12-31,10341,7565
12,전남광주통합특별시,46,전라남도,merged_2026-07-01: 46 -> 12 (n:1),2025-10-31,18483,18420,63,2024-12-31,14556,9733
47,경상북도,47,경상북도,,2025-10-31,29735,29508,227,2024-12-31,15802,9279
48,경상남도,48,경상남도,,2025-10-31,20642,20596,46,2024-12-31,14823,9092
50,제주특별자치도,50,제주특별자치도,,2025-10-31,4300,4300,0,2024-12-31,4194,2596
