sgg_cd,sgg_nm,sgg_cd_ref,sgg_nm_ref,map_note,ref_date,tsbis_cd,tsbis_nm,n_routes,n_routes_with_timetable,n_routes_weekday_service,weekday_runs_total,saturday_runs_total,holiday_runs_total,n_routes_weekday_ge10,n_routes_weekday_le2,n_routes_with_headway,headway_min_median_min,headway_max_median_min,earliest_first_dep,latest_last_dep,n_tsbis_stops_same_code
12730,전남광주통합특별시 구례군,12730,전남광주통합특별시 구례군,,2026-07-16,331,구례군,67,67,67,151,151,151,1,50,32,210.0,275.0,06:10,20:10,351
12740,전남광주통합특별시 고흥군,12740,전남광주통합특별시 고흥군,,2026-07-16,332,고흥군,311,311,298,569,569,397,4,238,108,145.0,195.0,05:55,21:00,1333
12770,전남광주통합특별시 장흥군,12770,전남광주통합특별시 장흥군,,2026-07-16,335,장흥군,137,137,137,156,156,156,0,133,14,222.5,262.5,06:00,19:40,812
12790,전남광주통합특별시 해남군,12790,전남광주통합특별시 해남군,,2026-07-16,337,해남군,254,253,253,373,373,373,0,220,67,165.0,260.0,06:00,19:40,1326
12800,전남광주통합특별시 영암군,12800,전남광주통합특별시 영암군,,2026-07-16,338,영암군,119,119,119,378,375,304,4,71,75,160.0,270.0,05:40,20:00,943
12840,전남광주통합특별시 장성군,12840,전남광주통합특별시 장성군,,2026-07-16,342,장성군,105,105,105,382,371,371,4,62,63,150.0,240.0,05:30,20:40,908
12850,전남광주통합특별시 완도군,12850,전남광주통합특별시 완도군,,2026-07-16,343,완도군,95,95,95,396,394,394,8,48,72,120.0,192.5,04:50,20:20,490
12860,전남광주통합특별시 진도군,12860,전남광주통합특별시 진도군,,2026-07-16,344,진도군,53,44,44,93,93,93,0,32,23,140.0,260.0,06:20,18:40,451
12870,전남광주통합특별시 신안군,12870,전남광주통합특별시 신안군,,2026-07-16,345,신안군,70,70,70,265,265,265,3,30,57,90.0,222.0,05:50,21:00,540
43740,충청북도 영동군,43740,충청북도 영동군,,2026-07-16,277,영동군,86,86,86,167,167,167,3,71,34,200.0,235.0,06:00,19:50,916
43750,충청북도 진천군,43750,충청북도 진천군,,2026-07-16,279,진천군,110,110,110,213,213,213,0,86,40,120.0,240.0,06:15,20:40,765
43760,충청북도 괴산군,43760,충청북도 괴산군,,2026-07-16,280,괴산군,173,173,173,372,372,372,3,125,81,180.0,240.0,06:00,20:10,844
43770,충청북도 음성군,43770,충청북도 음성군,,2026-07-16,281,음성군,176,176,176,328,328,328,3,150,45,140.0,260.0,06:20,20:30,924
43800,충청북도 단양군,43800,충청북도 단양군,,2026-07-16,282,단양군,100,100,100,139,139,139,1,95,19,260.0,300.0,05:55,21:45,427
44230,충청남도 논산시,44230,충청남도 논산시,,2026-07-16,290,논산시,132,132,132,522,522,463,8,75,82,110.0,237.5,06:00,22:00,1317
44270,충청남도 당진시,44270,충청남도 당진시,,2026-07-16,300,당진시,376,376,356,940,872,827,24,257,174,120.0,214.0,06:00,23:20,2259
44760,충청남도 부여군,44760,충청남도 부여군,,2026-07-16,294,부여군,228,228,222,405,407,407,1,183,75,180.0,252.0,06:05,21:55,1222
47210,경상북도 영주시,47210,경상북도 영주시,,2026-07-16,356,영주시,184,184,180,671,669,622,13,139,67,130.0,230.0,05:55,22:30,911
47250,경상북도 상주시,47250,경상북도 상주시,,2026-07-16,358,상주시,289,289,285,448,368,368,2,251,101,210.0,275.0,05:55,21:05,1436
47280,경상북도 문경시,47280,경상북도 문경시,,2026-07-16,359,문경시,198,198,198,288,288,288,1,182,50,240.0,262.5,05:00,22:40,1045
47730,경상북도 의성군,47730,경상북도 의성군,,2026-07-16,362,의성군,182,182,182,319,319,319,0,146,71,210.0,300.0,06:10,19:50,1058
47820,경상북도 청도군,47820,경상북도 청도군,,2026-07-16,366,청도군,126,126,125,313,312,312,4,87,63,170.0,280.0,06:20,20:50,614
47830,경상북도 고령군,47830,경상북도 고령군,,2026-07-16,367,고령군,68,68,68,88,88,88,0,62,10,132.5,337.5,06:10,19:40,498
47840,경상북도 성주군,47840,경상북도 성주군,,2026-07-16,368,성주군,74,74,74,169,167,167,5,61,20,135.0,210.0,06:10,21:10,725
47850,경상북도 칠곡군,47850,경상북도 칠곡군,,2026-07-16,369,칠곡군,96,4,4,10,10,10,0,2,2,110.0,330.0,08:30,19:00,712
47920,경상북도 봉화군,47920,경상북도 봉화군,,2026-07-16,371,봉화군,61,61,61,98,98,98,0,49,21,275.0,410.0,06:00,19:30,611
47930,경상북도 울진군,47930,경상북도 울진군,,2026-07-16,372,울진군,153,153,150,191,191,191,0,139,20,207.5,252.5,05:20,20:00,817
47940,경상북도 울릉군,47940,경상북도 울릉군,,2026-07-16,373,울릉군,10,10,10,62,62,62,2,4,10,100.0,125.0,06:10,19:30,116
48220,경상남도 통영시,48220,경상남도 통영시,,2026-07-16,383,통영시,221,207,206,1338,1247,1247,40,72,158,45.0,200.0,04:40,23:15,967
48720,경상남도 의령군,48720,경상남도 의령군,,2026-07-16,389,의령군,85,85,85,133,133,133,0,77,23,225.0,280.0,06:20,19:40,741
48730,경상남도 함안군,48730,경상남도 함안군,,2026-07-16,390,함안군,203,203,203,317,316,316,1,178,55,210.0,330.0,06:10,22:00,813
48740,경상남도 창녕군,48740,경상남도 창녕군,,2026-07-16,391,창녕군,116,116,116,232,232,200,2,89,49,190.0,260.0,06:40,20:10,660
48820,경상남도 고성군,48820,경상남도 고성군,,2026-07-16,392,고성군,131,131,130,148,148,149,0,128,15,184.0,240.0,06:00,21:30,838
48840,경상남도 남해군,48840,경상남도 남해군,,2026-07-16,393,남해군,97,97,97,222,219,219,0,71,65,180.0,262.0,05:10,20:40,632
48850,경상남도 하동군,48850,경상남도 하동군,,2026-07-16,394,하동군,66,66,66,132,132,132,2,51,29,210.0,350.0,06:20,19:25,690
48860,경상남도 산청군,48860,경상남도 산청군,,2026-07-16,395,산청군,68,68,68,117,117,117,0,58,24,182.5,200.0,06:20,18:55,464
48870,경상남도 함양군,48870,경상남도 함양군,,2026-07-16,396,함양군,152,152,152,440,438,438,2,70,104,150.0,270.0,06:00,20:20,716
48880,경상남도 거창군,48880,경상남도 거창군,,2026-07-16,397,거창군,141,102,102,221,221,221,0,74,46,120.0,222.5,06:20,19:35,731
48890,경상남도 합천군,48890,경상남도 합천군,,2026-07-16,398,합천군,148,114,114,251,251,251,2,85,57,150.0,230.0,06:20,19:00,822
51190,강원특별자치도 태백시,51190,강원특별자치도 태백시,,2026-07-16,254,태백시,23,23,23,153,140,140,3,14,11,140.0,200.0,06:20,22:10,436
51720,강원특별자치도 홍천군,51720,강원특별자치도 홍천군,,2026-07-16,257,홍천군,96,95,95,230,229,229,0,65,47,160.0,290.0,06:00,22:00,1126
51750,강원특별자치도 영월군,51750,강원특별자치도 영월군,,2026-07-16,259,영월군,54,54,54,85,85,85,0,46,19,290.0,375.0,06:15,19:30,645
51780,강원특별자치도 철원군,51780,강원특별자치도 철원군,,2026-07-16,262,철원군,46,46,46,228,228,228,5,15,43,100.0,245.0,06:30,22:00,375
52180,전북특별자치도 정읍시,52180,전북특별자치도 정읍시,,2026-07-16,309,정읍시,387,383,383,468,468,468,1,363,48,300.0,567.5,06:00,21:00,1441
52210,전북특별자치도 김제시,52210,전북특별자치도 김제시,,2026-07-16,311,김제시,238,236,236,510,510,510,3,169,111,140.0,245.0,06:10,21:30,1572
52720,전북특별자치도 진안군,52720,전북특별자치도 진안군,,2026-07-16,313,진안군,136,136,136,207,207,207,0,118,43,175.0,285.0,06:10,19:40,598
52730,전북특별자치도 무주군,52730,전북특별자치도 무주군,,2026-07-16,314,무주군,69,69,69,180,180,180,2,51,32,175.0,252.5,06:00,19:30,430
52740,전북특별자치도 장수군,52740,전북특별자치도 장수군,,2026-07-16,315,장수군,35,35,35,67,67,67,0,28,14,200.0,240.0,06:20,19:30,336
52750,전북특별자치도 임실군,52750,전북특별자치도 임실군,,2026-07-16,316,임실군,166,166,165,270,267,267,1,140,51,190.0,260.0,06:30,20:20,611
52770,전북특별자치도 순창군,52770,전북특별자치도 순창군,,2026-07-16,317,순창군,127,127,127,197,197,197,0,110,42,185.0,295.0,06:20,20:00,582
52790,전북특별자치도 고창군,52790,전북특별자치도 고창군,,2026-07-16,318,고창군,240,240,240,440,440,440,3,196,87,175.0,260.0,06:10,21:10,1113
52800,전북특별자치도 부안군,52800,전북특별자치도 부안군,,2026-07-16,319,부안군,161,161,161,334,334,334,5,133,54,122.5,187.5,06:20,21:00,949
