sgg_cd,sgg_nm,sgg_cd_ref,sgg_nm_ref,map_note,ref_date,src_city_codes,src_city_names,n_stop_records,n_stop_records_excl_gg_crossregion,n_unique_name_coord,n_records_tsbis_managed,n_tsbis_stopfile_20260715,coverage_flag,src_managers
12110,전남광주통합특별시 목포시,12110,전남광주통합특별시 목포시,,2025-10-31,36010,전라남도 목포시,1021,1019,1021,0,176,ok,목포BIS:1019;경기BIS:2
12130,전남광주통합특별시 여수시,12130,전남광주통합특별시 여수시,,2025-10-31,36020,전라남도 여수시,1967,1961,1967,0,0,ok,여수BIS:1961;경기BIS:6
12150,전남광주통합특별시 순천시,12150,전남광주통합특별시 순천시,,2025-10-31,36030,전라남도 순천시,2356,2350,2356,0,48,ok,순천BIS:2350;경기BIS:6
12170,전남광주통합특별시 나주시,12170,전남광주통합특별시 나주시,,2025-10-31,36040,전라남도 나주시,2166,2164,2162,0,92,ok,나주BIS:2164;경기BIS:2
12190,전남광주통합특별시 광양시,12190,전남광주통합특별시 광양시,,2025-10-31,36060,전라남도 광양시,1861,1855,1861,0,0,ok,광양BIS:1855;경기BIS:6
12710,전남광주통합특별시 담양군,12710,전남광주통합특별시 담양군,,2025-10-31,36310,전라남도 담양군,2,0,2,0,30,crossregion_records_only,경기BIS:2
12720,전남광주통합특별시 곡성군,12720,전남광주통합특별시 곡성군,,2025-10-31,36320,전라남도 곡성군,560,560,560,0,13,ok,곡성BIS:560
12730,전남광주통합특별시 구례군,12730,전남광주통합특별시 구례군,,2025-10-31,36330,전라남도 구례군,322,318,322,318,351,ok,TSBIS:318;경기BIS:4
12740,전남광주통합특별시 고흥군,12740,전남광주통합특별시 고흥군,,2025-10-31,36350,전라남도 고흥군,1199,1198,1199,1198,1333,ok,TSBIS:1198;경기BIS:1
12750,전남광주통합특별시 보성군,12750,전남광주통합특별시 보성군,,2025-10-31,,,,,,,93,absent_from_file,
12760,전남광주통합특별시 화순군,12760,전남광주통합특별시 화순군,,2025-10-31,,,,,,,17,absent_from_file,
12770,전남광주통합특별시 장흥군,12770,전남광주통합특별시 장흥군,,2025-10-31,36380,전라남도 장흥군,777,777,777,777,812,ok,TSBIS:777
12780,전남광주통합특별시 강진군,12780,전남광주통합특별시 강진군,,2025-10-31,,,,,,,349,absent_from_file,
12790,전남광주통합특별시 해남군,12790,전남광주통합특별시 해남군,,2025-10-31,36400,전라남도 해남군,1281,1279,1281,1279,1326,ok,TSBIS:1279;경기BIS:2
12800,전남광주통합특별시 영암군,12800,전남광주통합특별시 영암군,,2025-10-31,36410,전라남도 영암군,897,897,897,0,943,ok,목포BIS:897
12810,전남광주통합특별시 무안군,12810,전남광주통합특별시 무안군,,2025-10-31,36420,전라남도 무안군,614,607,614,0,137,ok,목포BIS:607;경기BIS:7
12820,전남광주통합특별시 함평군,12820,전남광주통합특별시 함평군,,2025-10-31,36430,전라남도 함평군,1128,1122,1128,0,147,ok,함평BIS:1122;경기BIS:6
12830,전남광주통합특별시 영광군,12830,전남광주통합특별시 영광군,,2025-10-31,36440,전라남도 영광군,63,57,63,57,881,partial_lt50pct_of_tsbis_stopfile,TSBIS:57;경기BIS:6
12840,전남광주통합특별시 장성군,12840,전남광주통합특별시 장성군,,2025-10-31,36450,전라남도 장성군,850,840,850,840,908,ok,TSBIS:840;경기BIS:10
12850,전남광주통합특별시 완도군,12850,전남광주통합특별시 완도군,,2025-10-31,36460,전라남도 완도군,461,459,461,459,490,ok,TSBIS:459;경기BIS:2
12860,전남광주통합특별시 진도군,12860,전남광주통합특별시 진도군,,2025-10-31,36470,전라남도 진도군,442,441,442,441,451,ok,TSBIS:441;경기BIS:1
12870,전남광주통합특별시 신안군,12870,전남광주통합특별시 신안군,,2025-10-31,36480,전라남도 신안군,516,516,516,516,540,ok,TSBIS:516
27720,대구광역시 군위군,27720,대구광역시 군위군,TAGO city 37310 대구광역시 군위군,2025-10-31,37310,대구광역시 군위군,56,47,56,47,565,partial_lt50pct_of_tsbis_stopfile,TSBIS:47;경기BIS:9
36110,세종특별자치시,36110,세종특별자치시,legacy TAGO city 충청남도 연기군(2012-07-01 폐지·세종 편입)->세종,2025-10-31,12;34320,세종특별자치시;충청남도 연기군,3202,3194,3199,0,0,ok,세종BIS:3194;경기BIS:8
41110,경기도 수원시,41110,경기도 수원시,parent_si: 시 total only (일반구 not identifiable from file fields),2025-10-31,31010,경기도 수원시,1532,1532,1532,0,0,ok,경기BIS:1532
41130,경기도 성남시,41130,경기도 성남시,parent_si: 시 total only (일반구 not identifiable from file fields),2025-10-31,31020,경기도 성남시,1405,1405,1405,0,0,ok,경기BIS:1405
41150,경기도 의정부시,41150,경기도 의정부시,,2025-10-31,31030,경기도 의정부시,747,747,747,0,0,ok,경기BIS:747
41170,경기도 안양시,41170,경기도 안양시,parent_si: 시 total only (일반구 not identifiable from file fields),2025-10-31,31040,경기도 안양시,773,773,773,0,0,ok,경기BIS:773
41190,경기도 부천시,41190,경기도 부천시,parent_si: 시 total only (일반구 not identifiable from file fields),2025-10-31,31050,경기도 부천시,1159,1159,1159,0,0,ok,경기BIS:1159
41210,경기도 광명시,41210,경기도 광명시,,2025-10-31,31060,경기도 광명시,453,453,453,0,0,ok,경기BIS:453
41220,경기도 평택시,41220,경기도 평택시,,2025-10-31,31070,경기도 평택시,1906,1906,1906,0,2,ok,경기BIS:1906
41250,경기도 동두천시,41250,경기도 동두천시,,2025-10-31,31080,경기도 동두천시,365,365,365,0,0,ok,경기BIS:365
41270,경기도 안산시,41270,경기도 안산시,parent_si: 시 total only (일반구 not identifiable from file fields),2025-10-31,31090,경기도 안산시,1310,1310,1310,0,0,ok,경기BIS:1310
41280,경기도 고양시,41280,경기도 고양시,parent_si: 시 total only (일반구 not identifiable from file fields),2025-10-31,31100,경기도 고양시,2241,2241,2241,0,0,ok,경기BIS:2241
41290,경기도 과천시,41290,경기도 과천시,,2025-10-31,31110,경기도 과천시,141,141,141,0,0,ok,경기BIS:141
41310,경기도 구리시,41310,경기도 구리시,,2025-10-31,31120,경기도 구리시,341,341,341,0,0,ok,경기BIS:341
41360,경기도 남양주시,41360,경기도 남양주시,,2025-10-31,31130,경기도 남양주시,1968,1968,1968,0,0,ok,경기BIS:1968
41370,경기도 오산시,41370,경기도 오산시,,2025-10-31,31140,경기도 오산시,478,478,478,0,0,ok,경기BIS:478
41390,경기도 시흥시,41390,경기도 시흥시,,2025-10-31,31150,경기도 시흥시,1228,1228,1228,0,0,ok,경기BIS:1228
41410,경기도 군포시,41410,경기도 군포시,,2025-10-31,31160,경기도 군포시,469,469,469,0,0,ok,경기BIS:469
41430,경기도 의왕시,41430,경기도 의왕시,,2025-10-31,31170,경기도 의왕시,427,427,427,0,0,ok,경기BIS:427
41450,경기도 하남시,41450,경기도 하남시,,2025-10-31,31180,경기도 하남시,606,606,606,0,0,ok,경기BIS:606
41460,경기도 용인시,41460,경기도 용인시,parent_si: 시 total only (일반구 not identifiable from file fields),2025-10-31,31190,경기도 용인시,2947,2947,2947,0,0,ok,경기BIS:2947
41480,경기도 파주시,41480,경기도 파주시,,2025-10-31,31200,경기도 파주시,2264,2264,2264,0,0,ok,경기BIS:2264
41500,경기도 이천시,41500,경기도 이천시,,2025-10-31,31210,경기도 이천시,1167,1167,1167,0,0,ok,경기BIS:1167
41550,경기도 안성시,41550,경기도 안성시,,2025-10-31,31220,경기도 안성시,1419,1419,1419,0,2,ok,경기BIS:1419
41570,경기도 김포시,41570,경기도 김포시,,2025-10-31,31230,경기도 김포시,1309,1309,1309,0,0,ok,경기BIS:1309
41590,경기도 화성시,41590,경기도 화성시,parent_si: 시 total only (일반구 not identifiable from file fields),2025-10-31,31240,경기도 화성시,3158,3158,3158,0,0,ok,경기BIS:3158
41610,경기도 광주시,41610,경기도 광주시,,2025-10-31,31250,경기도 광주시,1344,1344,1344,0,0,ok,경기BIS:1344
41630,경기도 양주시,41630,경기도 양주시,,2025-10-31,31260,경기도 양주시,1607,1607,1607,0,0,ok,경기BIS:1607
41650,경기도 포천시,41650,경기도 포천시,,2025-10-31,31270,경기도 포천시,1227,1227,1227,0,4,ok,경기BIS:1227
41670,경기도 여주시,41670,경기도 여주시,,2025-10-31,31320,경기도 여주시,1236,1236,1236,0,0,ok,경기BIS:1236
41800,경기도 연천군,41800,경기도 연천군,,2025-10-31,31350,경기도 연천군,734,734,734,0,2,ok,경기BIS:734
41820,경기도 가평군,41820,경기도 가평군,,2025-10-31,31370,경기도 가평군,1014,1014,1014,0,0,ok,경기BIS:1014
41830,경기도 양평군,41830,경기도 양평군,,2025-10-31,31380,경기도 양평군,1114,1114,1114,0,54,ok,경기BIS:1114
43110,충청북도 청주시,43110,충청북도 청주시,parent_si: 시 total only (일반구 not identifiable from file fields); legacy TAGO city 충청북도 청원군(2014-07-01 청주시 통합)->청주시,2025-10-31,33010;33310,충청북도 청원군;충청북도 청주시,3478,3438,3478,0,41,ok,청주BIS:3438;경기BIS:40
43130,충청북도 충주시,43130,충청북도 충주시,,2025-10-31,33020,충청북도 충주시,2099,2062,2099,0,34,ok,충주BIS:2062;경기BIS:37
43150,충청북도 제천시,43150,충청북도 제천시,,2025-10-31,33030,충청북도 제천시,1836,1819,1836,0,40,ok,제천BIS:1819;경기BIS:17
43720,충청북도 보은군,43720,충청북도 보은군,,2025-10-31,33320,충청북도 보은군,1055,1049,1055,0,0,ok,보은BIS:1049;경기BIS:6
43730,충청북도 옥천군,43730,충청북도 옥천군,,2025-10-31,33330,충청북도 옥천군,1007,1001,1007,0,8,ok,옥천BIS:1001;경기BIS:6
43740,충청북도 영동군,43740,충청북도 영동군,,2025-10-31,33340,충청북도 영동군,787,781,787,781,916,ok,TSBIS:781;경기BIS:6
43745,충청북도 증평군,43745,충청북도 증평군,,2025-10-31,33390,충청북도 증평군,1,0,1,0,197,crossregion_records_only,경기BIS:1
43750,충청북도 진천군,43750,충청북도 진천군,,2025-10-31,33350,충청북도 진천군,668,651,668,651,765,ok,TSBIS:651;경기BIS:17
43760,충청북도 괴산군,43760,충청북도 괴산군,,2025-10-31,33360,충청북도 괴산군,828,818,828,818,844,ok,TSBIS:818;경기BIS:10
43770,충청북도 음성군,43770,충청북도 음성군,,2025-10-31,33370,충청북도 음성군,887,831,887,831,924,ok,TSBIS:831;경기BIS:56
43800,충청북도 단양군,43800,충청북도 단양군,,2025-10-31,33380,충청북도 단양군,408,389,408,389,427,ok,TSBIS:389;경기BIS:19
44130,충청남도 천안시,44130,충청남도 천안시,parent_si: 시 total only (일반구 not identifiable from file fields),2025-10-31,34010,충청남도 천안시,2498,2468,2498,0,23,ok,천안BIS:2468;경기BIS:30
44150,충청남도 공주시,44150,충청남도 공주시,,2025-10-31,34020,충청남도 공주시,2902,2876,2902,0,58,ok,공주BIS:2866;경기BIS:26;충남광역BIS:10
44180,충청남도 보령시,44180,충청남도 보령시,,2025-10-31,34030,충청남도 보령시,1626,1617,1626,0,0,ok,충남광역BIS:1617;경기BIS:9
44200,충청남도 아산시,44200,충청남도 아산시,,2025-10-31,34040,충청남도 아산시,2443,2428,2443,0,0,ok,아산BIS:2229;충남광역BIS:199;경기BIS:15
44210,충청남도 서산시,44210,충청남도 서산시,,2025-10-31,34050,충청남도 서산시,2044,2037,2044,0,24,ok,서산BIS:2008;충남광역BIS:29;경기BIS:7
44230,충청남도 논산시,44230,충청남도 논산시,,2025-10-31,34060,충청남도 논산시,1291,1281,1291,1281,1317,ok,TSBIS:1281;경기BIS:10
44250,충청남도 계룡시,44250,충청남도 계룡시,,2025-10-31,,,,,,,50,absent_from_file,
44270,충청남도 당진시,44270,충청남도 당진시,,2025-10-31,34390,충청남도 당진시,2210,2195,2210,2195,2259,ok,TSBIS:2195;경기BIS:15
44710,충청남도 금산군,44710,충청남도 금산군,,2025-10-31,34310,충청남도 금산군,990,990,990,0,26,ok,충남광역BIS:990
44760,충청남도 부여군,44760,충청남도 부여군,,2025-10-31,34330,충청남도 부여군,1157,1152,1157,1152,1222,ok,TSBIS:1152;경기BIS:5
44770,충청남도 서천군,44770,충청남도 서천군,,2025-10-31,34340,충청남도 서천군,1084,1076,1084,0,22,ok,충남광역BIS:1076;경기BIS:8
44790,충청남도 청양군,44790,충청남도 청양군,,2025-10-31,34350,충청남도 청양군,1466,1464,1466,0,104,ok,충남광역BIS:1464;경기BIS:2
44800,충청남도 홍성군,44800,충청남도 홍성군,,2025-10-31,34360,충청남도 홍성군,1302,1294,1302,0,0,ok,충남광역BIS:1294;경기BIS:8
44810,충청남도 예산군,44810,충청남도 예산군,,2025-10-31,34370,충청남도 예산군,1364,1363,1364,0,93,ok,충남광역BIS:1363;경기BIS:1
44825,충청남도 태안군,44825,충청남도 태안군,,2025-10-31,34380,충청남도 태안군,1957,1957,1957,0,0,ok,충남광역BIS:1957
47110,경상북도 포항시,47110,경상북도 포항시,parent_si: 시 total only (일반구 not identifiable from file fields),2025-10-31,37010,경상북도 포항시,2029,2015,2029,0,0,ok,포항BIS:2015;경기BIS:14
47130,경상북도 경주시,47130,경상북도 경주시,,2025-10-31,37020,경상북도 경주시,1951,1934,1951,0,0,ok,경주BIS:1934;경기BIS:17
47150,경상북도 김천시,47150,경상북도 김천시,,2025-10-31,37030,경상북도 김천시,1485,1472,1481,0,88,ok,김천BIS:1472;경기BIS:13
47170,경상북도 안동시,47170,경상북도 안동시,,2025-10-31,37040,경상북도 안동시,2389,2362,2388,0,31,ok,안동BIS:2362;경기BIS:27
47190,경상북도 구미시,47190,경상북도 구미시,,2025-10-31,37050,경상북도 구미시,2146,2130,2146,0,84,ok,구미BIS:2130;경기BIS:16
47210,경상북도 영주시,47210,경상북도 영주시,,2025-10-31,37060,경상북도 영주시,891,880,891,880,911,ok,TSBIS:880;경기BIS:11
47230,경상북도 영천시,47230,경상북도 영천시,,2025-10-31,37070,경상북도 영천시,2092,2084,2092,0,12,ok,영천BIS:2084;경기BIS:8
47250,경상북도 상주시,47250,경상북도 상주시,,2025-10-31,37080,경상북도 상주시,1405,1379,1405,1379,1436,ok,TSBIS:1379;경기BIS:26
47280,경상북도 문경시,47280,경상북도 문경시,,2025-10-31,37090,경상북도 문경시,1035,1020,1035,1020,1045,ok,TSBIS:1020;경기BIS:15
47290,경상북도 경산시,47290,경상북도 경산시,,2025-10-31,37100,경상북도 경산시,4629,4625,4628,0,30,ok,경산BIS:4625;경기BIS:4
47730,경상북도 의성군,47730,경상북도 의성군,,2025-10-31,37320,경상북도 의성군,1024,1009,1024,1009,1058,ok,TSBIS:1009;경기BIS:15
47750,경상북도 청송군,47750,경상북도 청송군,,2025-10-31,37330,경상북도 청송군,541,528,541,0,8,ok,영덕BIS:528;경기BIS:13
47760,경상북도 영양군,47760,경상북도 영양군,,2025-10-31,37340,경상북도 영양군,588,583,588,0,0,ok,영덕BIS:583;경기BIS:5
47770,경상북도 영덕군,47770,경상북도 영덕군,,2025-10-31,37350,경상북도 영덕군,894,889,894,0,0,ok,영덕BIS:889;경기BIS:5
47820,경상북도 청도군,47820,경상북도 청도군,,2025-10-31,37360,경상북도 청도군,501,500,501,500,614,ok,TSBIS:500;경기BIS:1
47830,경상북도 고령군,47830,경상북도 고령군,,2025-10-31,37370,경상북도 고령군,431,427,431,427,498,ok,TSBIS:427;경기BIS:4
47840,경상북도 성주군,47840,경상북도 성주군,,2025-10-31,37380,경상북도 성주군,701,694,701,694,725,ok,TSBIS:694;경기BIS:7
47850,경상북도 칠곡군,47850,경상북도 칠곡군,,2025-10-31,37390,경상북도 칠곡군,2554,2547,2554,0,712,ok,칠곡BIS:2547;경기BIS:7
47900,경상북도 예천군,47900,경상북도 예천군,,2025-10-31,37400,경상북도 예천군,949,941,949,0,63,ok,안동BIS:941;경기BIS:8
47920,경상북도 봉화군,47920,경상북도 봉화군,,2025-10-31,37410,경상북도 봉화군,570,566,570,566,611,ok,TSBIS:566;경기BIS:4
47930,경상북도 울진군,47930,경상북도 울진군,,2025-10-31,37420,경상북도 울진군,814,807,814,807,817,ok,TSBIS:807;경기BIS:7
47940,경상북도 울릉군,47940,경상북도 울릉군,,2025-10-31,37430,경상북도 울릉군,116,116,116,116,116,ok,TSBIS:116
48120,경상남도 창원시,48120,경상남도 창원시,parent_si: 시 total only (일반구 not identifiable from file fields); legacy TAGO city 경상남도 마산시(2010-07-01 창원시 통합)->창원시; legacy TAGO city 경상남도 진해시(2010-07-01 창원시 통합)->창원시,2025-10-31,38010;38020;38040,경상남도 마산시;경상남도 진해시;경상남도 창원시,3527,3514,3526,0,213,ok,창원BIS:3514;경기BIS:13
48170,경상남도 진주시,48170,경상남도 진주시,,2025-10-31,38030,경상남도 진주시,1968,1968,1968,0,84,ok,진주BIS:1968
48220,경상남도 통영시,48220,경상남도 통영시,,2025-10-31,38050,경상남도 통영시,795,795,795,795,967,ok,TSBIS:795
48240,경상남도 사천시,48240,경상남도 사천시,,2025-10-31,38060,경상남도 사천시,891,891,891,0,16,ok,사천BIS:891
48250,경상남도 김해시,48250,경상남도 김해시,,2025-10-31,38070,경상남도 김해시,2553,2547,2551,0,0,ok,김해BIS:2547;경기BIS:6
48270,경상남도 밀양시,48270,경상남도 밀양시,,2025-10-31,38080,경상남도 밀양시,947,947,947,0,8,ok,밀양BIS:947
48310,경상남도 거제시,48310,경상남도 거제시,,2025-10-31,38090,경상남도 거제시,1403,1401,1401,0,22,ok,거제BIS:1401;경기BIS:2
48330,경상남도 양산시,48330,경상남도 양산시,,2025-10-31,38100,경상남도 양산시,1962,1955,1961,0,0,ok,양산BIS:1955;경기BIS:7
48720,경상남도 의령군,48720,경상남도 의령군,,2025-10-31,38310,경상남도 의령군,656,653,656,653,741,ok,TSBIS:653;경기BIS:3
48730,경상남도 함안군,48730,경상남도 함안군,,2025-10-31,38320,경상남도 함안군,790,786,790,786,813,ok,TSBIS:786;경기BIS:4
48740,경상남도 창녕군,48740,경상남도 창녕군,,2025-10-31,38330,경상남도 창녕군,655,647,655,647,660,ok,TSBIS:647;경기BIS:8
48820,경상남도 고성군,48820,경상남도 고성군,,2025-10-31,38340,경상남도 고성군,755,755,755,755,838,ok,TSBIS:755
48840,경상남도 남해군,48840,경상남도 남해군,,2025-10-31,38350,경상남도 남해군,568,567,568,567,632,ok,TSBIS:567;경기BIS:1
48850,경상남도 하동군,48850,경상남도 하동군,,2025-10-31,38360,경상남도 하동군,655,655,655,655,690,ok,TSBIS:655
48860,경상남도 산청군,48860,경상남도 산청군,,2025-10-31,38370,경상남도 산청군,402,402,402,402,464,ok,TSBIS:402
48870,경상남도 함양군,48870,경상남도 함양군,,2025-10-31,38380,경상남도 함양군,642,642,642,642,716,ok,TSBIS:642
48880,경상남도 거창군,48880,경상남도 거창군,,2025-10-31,38390,경상남도 거창군,690,690,690,690,731,ok,TSBIS:690
48890,경상남도 합천군,48890,경상남도 합천군,,2025-10-31,38400,경상남도 합천군,783,781,783,781,822,ok,TSBIS:781;경기BIS:2
51110,강원특별자치도 춘천시,51110,강원특별자치도 춘천시,,2025-10-31,32010,강원특별자치도 춘천시,1860,1825,1860,0,33,ok,춘천BIS:1825;경기BIS:35
51130,강원특별자치도 원주시,51130,강원특별자치도 원주시,,2025-10-31,32020,강원특별자치도 원주시,3173,3130,3173,0,0,ok,원주BIS:3130;경기BIS:43
51150,강원특별자치도 강릉시,51150,강원특별자치도 강릉시,,2025-10-31,32030,강원특별자치도 강릉시,20,7,20,7,1129,partial_lt50pct_of_tsbis_stopfile,경기BIS:13;TSBIS:7
51170,강원특별자치도 동해시,51170,강원특별자치도 동해시,,2025-10-31,32040,강원특별자치도 동해시,4,0,4,0,391,crossregion_records_only,경기BIS:4
51190,강원특별자치도 태백시,51190,강원특별자치도 태백시,,2025-10-31,32050,강원특별자치도 태백시,416,415,416,415,436,ok,TSBIS:415;경기BIS:1
51210,강원특별자치도 속초시,51210,강원특별자치도 속초시,,2025-10-31,32060,강원특별자치도 속초시,53,49,53,49,215,partial_lt50pct_of_tsbis_stopfile,TSBIS:49;경기BIS:4
51230,강원특별자치도 삼척시,51230,강원특별자치도 삼척시,,2025-10-31,32070,강원특별자치도 삼척시,126,125,126,125,810,partial_lt50pct_of_tsbis_stopfile,TSBIS:125;경기BIS:1
51720,강원특별자치도 홍천군,51720,강원특별자치도 홍천군,,2025-10-31,32310,강원특별자치도 홍천군,1110,1063,1110,1063,1126,ok,TSBIS:1063;경기BIS:47
51730,강원특별자치도 횡성군,51730,강원특별자치도 횡성군,,2025-10-31,32320,강원특별자치도 횡성군,20,0,20,0,34,crossregion_records_only,경기BIS:20
51750,강원특별자치도 영월군,51750,강원특별자치도 영월군,,2025-10-31,32330,강원특별자치도 영월군,634,627,634,627,645,ok,TSBIS:627;경기BIS:7
51760,강원특별자치도 평창군,51760,강원특별자치도 평창군,,2025-10-31,32340,강원특별자치도 평창군,63,36,63,36,458,partial_lt50pct_of_tsbis_stopfile,TSBIS:36;경기BIS:27
51770,강원특별자치도 정선군,51770,강원특별자치도 정선군,,2025-10-31,32350,강원특별자치도 정선군,58,55,58,55,449,partial_lt50pct_of_tsbis_stopfile,TSBIS:55;경기BIS:3
51780,강원특별자치도 철원군,51780,강원특별자치도 철원군,,2025-10-31,32360,강원특별자치도 철원군,350,333,350,333,375,ok,TSBIS:333;경기BIS:17
51790,강원특별자치도 화천군,51790,강원특별자치도 화천군,,2025-10-31,,,,,,,279,absent_from_file,
51800,강원특별자치도 양구군,51800,강원특별자치도 양구군,,2025-10-31,32380,강원특별자치도 양구군,2,2,2,2,218,partial_lt50pct_of_tsbis_stopfile,TSBIS:2
51810,강원특별자치도 인제군,51810,강원특별자치도 인제군,,2025-10-31,32390,강원특별자치도 인제군,63,57,63,57,393,partial_lt50pct_of_tsbis_stopfile,TSBIS:57;경기BIS:6
51820,강원특별자치도 고성군,51820,강원특별자치도 고성군,,2025-10-31,,,,,,,254,absent_from_file,
51830,강원특별자치도 양양군,51830,강원특별자치도 양양군,,2025-10-31,32410,강원특별자치도 양양군,396,390,396,390,396,ok,TSBIS:390;경기BIS:6
52110,전북특별자치도 전주시,52110,전북특별자치도 전주시,parent_si: 시 total only (일반구 not identifiable from file fields); TAGO city 35011 = 전주시 variant code (경기BIS),2025-10-31,35010;35011,전라북도 전주시,2928,2913,2928,0,116,ok,전주BIS:2913;경기BIS:15
52130,전북특별자치도 군산시,52130,전북특별자치도 군산시,,2025-10-31,35020,전라북도 군산시,1833,1824,1833,0,106,ok,군산BIS:1824;경기BIS:9
52140,전북특별자치도 익산시,52140,전북특별자치도 익산시,,2025-10-31,35030,전라북도 익산시,15,7,15,7,1476,partial_lt50pct_of_tsbis_stopfile,경기BIS:8;TSBIS:7
52180,전북특별자치도 정읍시,52180,전북특별자치도 정읍시,,2025-10-31,35040,전라북도 정읍시,1394,1382,1394,1382,1441,ok,TSBIS:1382;경기BIS:12
52190,전북특별자치도 남원시,52190,전북특별자치도 남원시,,2025-10-31,35050,전라북도 남원시,1188,1181,1188,0,92,ok,남원BIS:1181;경기BIS:7
52210,전북특별자치도 김제시,52210,전북특별자치도 김제시,,2025-10-31,35060,전라북도 김제시,1485,1475,1485,1475,1572,ok,TSBIS:1475;경기BIS:10
52710,전북특별자치도 완주군,52710,전북특별자치도 완주군,,2025-10-31,35310,전라북도 완주군,14,0,14,0,230,crossregion_records_only,경기BIS:14
52720,전북특별자치도 진안군,52720,전북특별자치도 진안군,,2025-10-31,35320,전라북도 진안군,561,561,561,561,598,ok,TSBIS:561
52730,전북특별자치도 무주군,52730,전북특별자치도 무주군,,2025-10-31,35330,전라북도 무주군,407,407,407,407,430,ok,TSBIS:407
52740,전북특별자치도 장수군,52740,전북특별자치도 장수군,,2025-10-31,35340,전라북도 장수군,285,285,285,285,336,ok,TSBIS:285
52750,전북특별자치도 임실군,52750,전북특별자치도 임실군,,2025-10-31,35350,전라북도 임실군,593,583,593,583,611,ok,TSBIS:583;경기BIS:10
52770,전북특별자치도 순창군,52770,전북특별자치도 순창군,,2025-10-31,35360,전라북도 순창군,511,511,511,511,582,ok,TSBIS:511
52790,전북특별자치도 고창군,52790,전북특별자치도 고창군,,2025-10-31,35370,전라북도 고창군,1073,1065,1073,1065,1113,ok,TSBIS:1065;경기BIS:8
52800,전북특별자치도 부안군,52800,전북특별자치도 부안군,,2025-10-31,35380,전라북도 부안군,893,888,893,888,949,ok,TSBIS:888;경기BIS:5
