sgg_cd,sgg_nm,sgg_cd_ref,sgg_nm_ref,map_note,ref_date,category,sido_src,sgg_src,designation_date,gosi_no,gosi_date,effective_from,valid_until,first_listed,amendment,status_20260924
12710,전남광주통합특별시 담양군,46710,전라남도 담양군,recoded 46710->12710,2021-10-19,인구감소지역,전라남도,담양군,2021-10-19,행정안전부 고시 제2021-66호,2021-10-19,2021-10-19,,행정안전부 고시 제2021-66호 (2021-10-19),,유효 (5년 주기 재지정 예정: 2026-10-19; 2026-09-24 현재 재지정 고시 없음)
12720,전남광주통합특별시 곡성군,46720,전라남도 곡성군,recoded 46720->12720,2021-10-19,인구감소지역,전라남도,곡성군,2021-10-19,행정안전부 고시 제2021-66호,2021-10-19,2021-10-19,,행정안전부 고시 제2021-66호 (2021-10-19),,유효 (5년 주기 재지정 예정: 2026-10-19; 2026-09-24 현재 재지정 고시 없음)
12730,전남광주통합특별시 구례군,46730,전라남도 구례군,recoded 46730->12730,2021-10-19,인구감소지역,전라남도,구례군,2021-10-19,행정안전부 고시 제2021-66호,2021-10-19,2021-10-19,,행정안전부 고시 제2021-66호 (2021-10-19),,유효 (5년 주기 재지정 예정: 2026-10-19; 2026-09-24 현재 재지정 고시 없음)
12740,전남광주통합특별시 고흥군,46770,전라남도 고흥군,recoded 46770->12740,2021-10-19,인구감소지역,전라남도,고흥군,2021-10-19,행정안전부 고시 제2021-66호,2021-10-19,2021-10-19,,행정안전부 고시 제2021-66호 (2021-10-19),,유효 (5년 주기 재지정 예정: 2026-10-19; 2026-09-24 현재 재지정 고시 없음)
12750,전남광주통합특별시 보성군,46780,전라남도 보성군,recoded 46780->12750,2021-10-19,인구감소지역,전라남도,보성군,2021-10-19,행정안전부 고시 제2021-66호,2021-10-19,2021-10-19,,행정안전부 고시 제2021-66호 (2021-10-19),,유효 (5년 주기 재지정 예정: 2026-10-19; 2026-09-24 현재 재지정 고시 없음)
12760,전남광주통합특별시 화순군,46790,전라남도 화순군,recoded 46790->12760,2021-10-19,인구감소지역,전라남도,화순군,2021-10-19,행정안전부 고시 제2021-66호,2021-10-19,2021-10-19,,행정안전부 고시 제2021-66호 (2021-10-19),,유효 (5년 주기 재지정 예정: 2026-10-19; 2026-09-24 현재 재지정 고시 없음)
12770,전남광주통합특별시 장흥군,46800,전라남도 장흥군,recoded 46800->12770,2021-10-19,인구감소지역,전라남도,장흥군,2021-10-19,행정안전부 고시 제2021-66호,2021-10-19,2021-10-19,,행정안전부 고시 제2021-66호 (2021-10-19),,유효 (5년 주기 재지정 예정: 2026-10-19; 2026-09-24 현재 재지정 고시 없음)
12780,전남광주통합특별시 강진군,46810,전라남도 강진군,recoded 46810->12780,2021-10-19,인구감소지역,전라남도,강진군,2021-10-19,행정안전부 고시 제2021-66호,2021-10-19,2021-10-19,,행정안전부 고시 제2021-66호 (2021-10-19),,유효 (5년 주기 재지정 예정: 2026-10-19; 2026-09-24 현재 재지정 고시 없음)
12790,전남광주통합특별시 해남군,46820,전라남도 해남군,recoded 46820->12790,2021-10-19,인구감소지역,전라남도,해남군,2021-10-19,행정안전부 고시 제2021-66호,2021-10-19,2021-10-19,,행정안전부 고시 제2021-66호 (2021-10-19),,유효 (5년 주기 재지정 예정: 2026-10-19; 2026-09-24 현재 재지정 고시 없음)
12800,전남광주통합특별시 영암군,46830,전라남도 영암군,recoded 46830->12800,2021-10-19,인구감소지역,전라남도,영암군,2021-10-19,행정안전부 고시 제2021-66호,2021-10-19,2021-10-19,,행정안전부 고시 제2021-66호 (2021-10-19),,유효 (5년 주기 재지정 예정: 2026-10-19; 2026-09-24 현재 재지정 고시 없음)
12820,전남광주통합특별시 함평군,46860,전라남도 함평군,recoded 46860->12820,2021-10-19,인구감소지역,전라남도,함평군,2021-10-19,행정안전부 고시 제2021-66호,2021-10-19,2021-10-19,,행정안전부 고시 제2021-66호 (2021-10-19),,유효 (5년 주기 재지정 예정: 2026-10-19; 2026-09-24 현재 재지정 고시 없음)
12830,전남광주통합특별시 영광군,46870,전라남도 영광군,recoded 46870->12830,2021-10-19,인구감소지역,전라남도,영광군,2021-10-19,행정안전부 고시 제2021-66호,2021-10-19,2021-10-19,,행정안전부 고시 제2021-66호 (2021-10-19),,유효 (5년 주기 재지정 예정: 2026-10-19; 2026-09-24 현재 재지정 고시 없음)
12840,전남광주통합특별시 장성군,46880,전라남도 장성군,recoded 46880->12840,2021-10-19,인구감소지역,전라남도,장성군,2021-10-19,행정안전부 고시 제2021-66호,2021-10-19,2021-10-19,,행정안전부 고시 제2021-66호 (2021-10-19),,유효 (5년 주기 재지정 예정: 2026-10-19; 2026-09-24 현재 재지정 고시 없음)
12850,전남광주통합특별시 완도군,46890,전라남도 완도군,recoded 46890->12850,2021-10-19,인구감소지역,전라남도,완도군,2021-10-19,행정안전부 고시 제2021-66호,2021-10-19,2021-10-19,,행정안전부 고시 제2021-66호 (2021-10-19),,유효 (5년 주기 재지정 예정: 2026-10-19; 2026-09-24 현재 재지정 고시 없음)
12860,전남광주통합특별시 진도군,46900,전라남도 진도군,recoded 46900->12860,2021-10-19,인구감소지역,전라남도,진도군,2021-10-19,행정안전부 고시 제2021-66호,2021-10-19,2021-10-19,,행정안전부 고시 제2021-66호 (2021-10-19),,유효 (5년 주기 재지정 예정: 2026-10-19; 2026-09-24 현재 재지정 고시 없음)
12870,전남광주통합특별시 신안군,46910,전라남도 신안군,recoded 46910->12870,2021-10-19,인구감소지역,전라남도,신안군,2021-10-19,행정안전부 고시 제2021-66호,2021-10-19,2021-10-19,,행정안전부 고시 제2021-66호 (2021-10-19),,유효 (5년 주기 재지정 예정: 2026-10-19; 2026-09-24 현재 재지정 고시 없음)
26140,부산광역시 서구,26140,부산광역시 서구,,2021-10-19,인구감소지역,부산광역시,서구,2021-10-19,행정안전부 고시 제2021-66호,2021-10-19,2021-10-19,,행정안전부 고시 제2021-66호 (2021-10-19),,유효 (5년 주기 재지정 예정: 2026-10-19; 2026-09-24 현재 재지정 고시 없음)
26170,부산광역시 동구,26170,부산광역시 동구,,2021-10-19,인구감소지역,부산광역시,동구,2021-10-19,행정안전부 고시 제2021-66호,2021-10-19,2021-10-19,,행정안전부 고시 제2021-66호 (2021-10-19),,유효 (5년 주기 재지정 예정: 2026-10-19; 2026-09-24 현재 재지정 고시 없음)
26200,부산광역시 영도구,26200,부산광역시 영도구,,2021-10-19,인구감소지역,부산광역시,영도구,2021-10-19,행정안전부 고시 제2021-66호,2021-10-19,2021-10-19,,행정안전부 고시 제2021-66호 (2021-10-19),,유효 (5년 주기 재지정 예정: 2026-10-19; 2026-09-24 현재 재지정 고시 없음)
27170,대구광역시 서구,27170,대구광역시 서구,,2021-10-19,인구감소지역,대구광역시,서구,2021-10-19,행정안전부 고시 제2021-66호,2021-10-19,2021-10-19,,행정안전부 고시 제2021-66호 (2021-10-19),,유효 (5년 주기 재지정 예정: 2026-10-19; 2026-09-24 현재 재지정 고시 없음)
27200,대구광역시 남구,27200,대구광역시 남구,,2021-10-19,인구감소지역,대구광역시,남구,2021-10-19,행정안전부 고시 제2021-66호,2021-10-19,2021-10-19,,행정안전부 고시 제2021-66호 (2021-10-19),,유효 (5년 주기 재지정 예정: 2026-10-19; 2026-09-24 현재 재지정 고시 없음)
27720,대구광역시 군위군,47720,경상북도 군위군,recoded 47720->27720,2021-10-19,인구감소지역,경상북도,군위군,2021-10-19,행정안전부 고시 제2021-66호,2021-10-19,2021-10-19,,행정안전부 고시 제2021-66호 (2021-10-19),"행정안전부 고시 제2024-15호(2024-02-27 고시, 2023-07-01 적용): 경상북도 군위군 -> 대구광역시 군위군 (관할구역 변경; 지정 유지)",유효 (5년 주기 재지정 예정: 2026-10-19; 2026-09-24 현재 재지정 고시 없음)
28710,인천광역시 강화군,28710,인천광역시 강화군,,2021-10-19,인구감소지역,인천광역시,강화군,2021-10-19,행정안전부 고시 제2021-66호,2021-10-19,2021-10-19,,행정안전부 고시 제2021-66호 (2021-10-19),,유효 (5년 주기 재지정 예정: 2026-10-19; 2026-09-24 현재 재지정 고시 없음)
28720,인천광역시 옹진군,28720,인천광역시 옹진군,,2021-10-19,인구감소지역,인천광역시,옹진군,2021-10-19,행정안전부 고시 제2021-66호,2021-10-19,2021-10-19,,행정안전부 고시 제2021-66호 (2021-10-19),,유효 (5년 주기 재지정 예정: 2026-10-19; 2026-09-24 현재 재지정 고시 없음)
41800,경기도 연천군,41800,경기도 연천군,,2021-10-19,인구감소지역,경기도,연천군,2021-10-19,행정안전부 고시 제2021-66호,2021-10-19,2021-10-19,,행정안전부 고시 제2021-66호 (2021-10-19),,유효 (5년 주기 재지정 예정: 2026-10-19; 2026-09-24 현재 재지정 고시 없음)
41820,경기도 가평군,41820,경기도 가평군,,2021-10-19,인구감소지역,경기도,가평군,2021-10-19,행정안전부 고시 제2021-66호,2021-10-19,2021-10-19,,행정안전부 고시 제2021-66호 (2021-10-19),,유효 (5년 주기 재지정 예정: 2026-10-19; 2026-09-24 현재 재지정 고시 없음)
43150,충청북도 제천시,43150,충청북도 제천시,,2021-10-19,인구감소지역,충청북도,제천시,2021-10-19,행정안전부 고시 제2021-66호,2021-10-19,2021-10-19,,행정안전부 고시 제2021-66호 (2021-10-19),,유효 (5년 주기 재지정 예정: 2026-10-19; 2026-09-24 현재 재지정 고시 없음)
43720,충청북도 보은군,43720,충청북도 보은군,,2021-10-19,인구감소지역,충청북도,보은군,2021-10-19,행정안전부 고시 제2021-66호,2021-10-19,2021-10-19,,행정안전부 고시 제2021-66호 (2021-10-19),,유효 (5년 주기 재지정 예정: 2026-10-19; 2026-09-24 현재 재지정 고시 없음)
43730,충청북도 옥천군,43730,충청북도 옥천군,,2021-10-19,인구감소지역,충청북도,옥천군,2021-10-19,행정안전부 고시 제2021-66호,2021-10-19,2021-10-19,,행정안전부 고시 제2021-66호 (2021-10-19),,유효 (5년 주기 재지정 예정: 2026-10-19; 2026-09-24 현재 재지정 고시 없음)
43740,충청북도 영동군,43740,충청북도 영동군,,2021-10-19,인구감소지역,충청북도,영동군,2021-10-19,행정안전부 고시 제2021-66호,2021-10-19,2021-10-19,,행정안전부 고시 제2021-66호 (2021-10-19),,유효 (5년 주기 재지정 예정: 2026-10-19; 2026-09-24 현재 재지정 고시 없음)
43760,충청북도 괴산군,43760,충청북도 괴산군,,2021-10-19,인구감소지역,충청북도,괴산군,2021-10-19,행정안전부 고시 제2021-66호,2021-10-19,2021-10-19,,행정안전부 고시 제2021-66호 (2021-10-19),,유효 (5년 주기 재지정 예정: 2026-10-19; 2026-09-24 현재 재지정 고시 없음)
43800,충청북도 단양군,43800,충청북도 단양군,,2021-10-19,인구감소지역,충청북도,단양군,2021-10-19,행정안전부 고시 제2021-66호,2021-10-19,2021-10-19,,행정안전부 고시 제2021-66호 (2021-10-19),,유효 (5년 주기 재지정 예정: 2026-10-19; 2026-09-24 현재 재지정 고시 없음)
44150,충청남도 공주시,44150,충청남도 공주시,,2021-10-19,인구감소지역,충청남도,공주시,2021-10-19,행정안전부 고시 제2021-66호,2021-10-19,2021-10-19,,행정안전부 고시 제2021-66호 (2021-10-19),,유효 (5년 주기 재지정 예정: 2026-10-19; 2026-09-24 현재 재지정 고시 없음)
44180,충청남도 보령시,44180,충청남도 보령시,,2021-10-19,인구감소지역,충청남도,보령시,2021-10-19,행정안전부 고시 제2021-66호,2021-10-19,2021-10-19,,행정안전부 고시 제2021-66호 (2021-10-19),,유효 (5년 주기 재지정 예정: 2026-10-19; 2026-09-24 현재 재지정 고시 없음)
44230,충청남도 논산시,44230,충청남도 논산시,,2021-10-19,인구감소지역,충청남도,논산시,2021-10-19,행정안전부 고시 제2021-66호,2021-10-19,2021-10-19,,행정안전부 고시 제2021-66호 (2021-10-19),,유효 (5년 주기 재지정 예정: 2026-10-19; 2026-09-24 현재 재지정 고시 없음)
44710,충청남도 금산군,44710,충청남도 금산군,,2021-10-19,인구감소지역,충청남도,금산군,2021-10-19,행정안전부 고시 제2021-66호,2021-10-19,2021-10-19,,행정안전부 고시 제2021-66호 (2021-10-19),,유효 (5년 주기 재지정 예정: 2026-10-19; 2026-09-24 현재 재지정 고시 없음)
44760,충청남도 부여군,44760,충청남도 부여군,,2021-10-19,인구감소지역,충청남도,부여군,2021-10-19,행정안전부 고시 제2021-66호,2021-10-19,2021-10-19,,행정안전부 고시 제2021-66호 (2021-10-19),,유효 (5년 주기 재지정 예정: 2026-10-19; 2026-09-24 현재 재지정 고시 없음)
44770,충청남도 서천군,44770,충청남도 서천군,,2021-10-19,인구감소지역,충청남도,서천군,2021-10-19,행정안전부 고시 제2021-66호,2021-10-19,2021-10-19,,행정안전부 고시 제2021-66호 (2021-10-19),,유효 (5년 주기 재지정 예정: 2026-10-19; 2026-09-24 현재 재지정 고시 없음)
44790,충청남도 청양군,44790,충청남도 청양군,,2021-10-19,인구감소지역,충청남도,청양군,2021-10-19,행정안전부 고시 제2021-66호,2021-10-19,2021-10-19,,행정안전부 고시 제2021-66호 (2021-10-19),,유효 (5년 주기 재지정 예정: 2026-10-19; 2026-09-24 현재 재지정 고시 없음)
44810,충청남도 예산군,44810,충청남도 예산군,,2021-10-19,인구감소지역,충청남도,예산군,2021-10-19,행정안전부 고시 제2021-66호,2021-10-19,2021-10-19,,행정안전부 고시 제2021-66호 (2021-10-19),,유효 (5년 주기 재지정 예정: 2026-10-19; 2026-09-24 현재 재지정 고시 없음)
44825,충청남도 태안군,44825,충청남도 태안군,,2021-10-19,인구감소지역,충청남도,태안군,2021-10-19,행정안전부 고시 제2021-66호,2021-10-19,2021-10-19,,행정안전부 고시 제2021-66호 (2021-10-19),,유효 (5년 주기 재지정 예정: 2026-10-19; 2026-09-24 현재 재지정 고시 없음)
47170,경상북도 안동시,47170,경상북도 안동시,,2021-10-19,인구감소지역,경상북도,안동시,2021-10-19,행정안전부 고시 제2021-66호,2021-10-19,2021-10-19,,행정안전부 고시 제2021-66호 (2021-10-19),,유효 (5년 주기 재지정 예정: 2026-10-19; 2026-09-24 현재 재지정 고시 없음)
47210,경상북도 영주시,47210,경상북도 영주시,,2021-10-19,인구감소지역,경상북도,영주시,2021-10-19,행정안전부 고시 제2021-66호,2021-10-19,2021-10-19,,행정안전부 고시 제2021-66호 (2021-10-19),,유효 (5년 주기 재지정 예정: 2026-10-19; 2026-09-24 현재 재지정 고시 없음)
47230,경상북도 영천시,47230,경상북도 영천시,,2021-10-19,인구감소지역,경상북도,영천시,2021-10-19,행정안전부 고시 제2021-66호,2021-10-19,2021-10-19,,행정안전부 고시 제2021-66호 (2021-10-19),,유효 (5년 주기 재지정 예정: 2026-10-19; 2026-09-24 현재 재지정 고시 없음)
47250,경상북도 상주시,47250,경상북도 상주시,,2021-10-19,인구감소지역,경상북도,상주시,2021-10-19,행정안전부 고시 제2021-66호,2021-10-19,2021-10-19,,행정안전부 고시 제2021-66호 (2021-10-19),,유효 (5년 주기 재지정 예정: 2026-10-19; 2026-09-24 현재 재지정 고시 없음)
47280,경상북도 문경시,47280,경상북도 문경시,,2021-10-19,인구감소지역,경상북도,문경시,2021-10-19,행정안전부 고시 제2021-66호,2021-10-19,2021-10-19,,행정안전부 고시 제2021-66호 (2021-10-19),,유효 (5년 주기 재지정 예정: 2026-10-19; 2026-09-24 현재 재지정 고시 없음)
47730,경상북도 의성군,47730,경상북도 의성군,,2021-10-19,인구감소지역,경상북도,의성군,2021-10-19,행정안전부 고시 제2021-66호,2021-10-19,2021-10-19,,행정안전부 고시 제2021-66호 (2021-10-19),,유효 (5년 주기 재지정 예정: 2026-10-19; 2026-09-24 현재 재지정 고시 없음)
47750,경상북도 청송군,47750,경상북도 청송군,,2021-10-19,인구감소지역,경상북도,청송군,2021-10-19,행정안전부 고시 제2021-66호,2021-10-19,2021-10-19,,행정안전부 고시 제2021-66호 (2021-10-19),,유효 (5년 주기 재지정 예정: 2026-10-19; 2026-09-24 현재 재지정 고시 없음)
47760,경상북도 영양군,47760,경상북도 영양군,,2021-10-19,인구감소지역,경상북도,영양군,2021-10-19,행정안전부 고시 제2021-66호,2021-10-19,2021-10-19,,행정안전부 고시 제2021-66호 (2021-10-19),,유효 (5년 주기 재지정 예정: 2026-10-19; 2026-09-24 현재 재지정 고시 없음)
47770,경상북도 영덕군,47770,경상북도 영덕군,,2021-10-19,인구감소지역,경상북도,영덕군,2021-10-19,행정안전부 고시 제2021-66호,2021-10-19,2021-10-19,,행정안전부 고시 제2021-66호 (2021-10-19),,유효 (5년 주기 재지정 예정: 2026-10-19; 2026-09-24 현재 재지정 고시 없음)
47820,경상북도 청도군,47820,경상북도 청도군,,2021-10-19,인구감소지역,경상북도,청도군,2021-10-19,행정안전부 고시 제2021-66호,2021-10-19,2021-10-19,,행정안전부 고시 제2021-66호 (2021-10-19),,유효 (5년 주기 재지정 예정: 2026-10-19; 2026-09-24 현재 재지정 고시 없음)
47830,경상북도 고령군,47830,경상북도 고령군,,2021-10-19,인구감소지역,경상북도,고령군,2021-10-19,행정안전부 고시 제2021-66호,2021-10-19,2021-10-19,,행정안전부 고시 제2021-66호 (2021-10-19),,유효 (5년 주기 재지정 예정: 2026-10-19; 2026-09-24 현재 재지정 고시 없음)
47840,경상북도 성주군,47840,경상북도 성주군,,2021-10-19,인구감소지역,경상북도,성주군,2021-10-19,행정안전부 고시 제2021-66호,2021-10-19,2021-10-19,,행정안전부 고시 제2021-66호 (2021-10-19),,유효 (5년 주기 재지정 예정: 2026-10-19; 2026-09-24 현재 재지정 고시 없음)
47920,경상북도 봉화군,47920,경상북도 봉화군,,2021-10-19,인구감소지역,경상북도,봉화군,2021-10-19,행정안전부 고시 제2021-66호,2021-10-19,2021-10-19,,행정안전부 고시 제2021-66호 (2021-10-19),,유효 (5년 주기 재지정 예정: 2026-10-19; 2026-09-24 현재 재지정 고시 없음)
47930,경상북도 울진군,47930,경상북도 울진군,,2021-10-19,인구감소지역,경상북도,울진군,2021-10-19,행정안전부 고시 제2021-66호,2021-10-19,2021-10-19,,행정안전부 고시 제2021-66호 (2021-10-19),,유효 (5년 주기 재지정 예정: 2026-10-19; 2026-09-24 현재 재지정 고시 없음)
47940,경상북도 울릉군,47940,경상북도 울릉군,,2021-10-19,인구감소지역,경상북도,울릉군,2021-10-19,행정안전부 고시 제2021-66호,2021-10-19,2021-10-19,,행정안전부 고시 제2021-66호 (2021-10-19),,유효 (5년 주기 재지정 예정: 2026-10-19; 2026-09-24 현재 재지정 고시 없음)
48270,경상남도 밀양시,48270,경상남도 밀양시,,2021-10-19,인구감소지역,경상남도,밀양시,2021-10-19,행정안전부 고시 제2021-66호,2021-10-19,2021-10-19,,행정안전부 고시 제2021-66호 (2021-10-19),,유효 (5년 주기 재지정 예정: 2026-10-19; 2026-09-24 현재 재지정 고시 없음)
48720,경상남도 의령군,48720,경상남도 의령군,,2021-10-19,인구감소지역,경상남도,의령군,2021-10-19,행정안전부 고시 제2021-66호,2021-10-19,2021-10-19,,행정안전부 고시 제2021-66호 (2021-10-19),,유효 (5년 주기 재지정 예정: 2026-10-19; 2026-09-24 현재 재지정 고시 없음)
48730,경상남도 함안군,48730,경상남도 함안군,,2021-10-19,인구감소지역,경상남도,함안군,2021-10-19,행정안전부 고시 제2021-66호,2021-10-19,2021-10-19,,행정안전부 고시 제2021-66호 (2021-10-19),,유효 (5년 주기 재지정 예정: 2026-10-19; 2026-09-24 현재 재지정 고시 없음)
48740,경상남도 창녕군,48740,경상남도 창녕군,,2021-10-19,인구감소지역,경상남도,창녕군,2021-10-19,행정안전부 고시 제2021-66호,2021-10-19,2021-10-19,,행정안전부 고시 제2021-66호 (2021-10-19),,유효 (5년 주기 재지정 예정: 2026-10-19; 2026-09-24 현재 재지정 고시 없음)
48820,경상남도 고성군,48820,경상남도 고성군,,2021-10-19,인구감소지역,경상남도,고성군,2021-10-19,행정안전부 고시 제2021-66호,2021-10-19,2021-10-19,,행정안전부 고시 제2021-66호 (2021-10-19),,유효 (5년 주기 재지정 예정: 2026-10-19; 2026-09-24 현재 재지정 고시 없음)
48840,경상남도 남해군,48840,경상남도 남해군,,2021-10-19,인구감소지역,경상남도,남해군,2021-10-19,행정안전부 고시 제2021-66호,2021-10-19,2021-10-19,,행정안전부 고시 제2021-66호 (2021-10-19),,유효 (5년 주기 재지정 예정: 2026-10-19; 2026-09-24 현재 재지정 고시 없음)
48850,경상남도 하동군,48850,경상남도 하동군,,2021-10-19,인구감소지역,경상남도,하동군,2021-10-19,행정안전부 고시 제2021-66호,2021-10-19,2021-10-19,,행정안전부 고시 제2021-66호 (2021-10-19),,유효 (5년 주기 재지정 예정: 2026-10-19; 2026-09-24 현재 재지정 고시 없음)
48860,경상남도 산청군,48860,경상남도 산청군,,2021-10-19,인구감소지역,경상남도,산청군,2021-10-19,행정안전부 고시 제2021-66호,2021-10-19,2021-10-19,,행정안전부 고시 제2021-66호 (2021-10-19),,유효 (5년 주기 재지정 예정: 2026-10-19; 2026-09-24 현재 재지정 고시 없음)
48870,경상남도 함양군,48870,경상남도 함양군,,2021-10-19,인구감소지역,경상남도,함양군,2021-10-19,행정안전부 고시 제2021-66호,2021-10-19,2021-10-19,,행정안전부 고시 제2021-66호 (2021-10-19),,유효 (5년 주기 재지정 예정: 2026-10-19; 2026-09-24 현재 재지정 고시 없음)
48880,경상남도 거창군,48880,경상남도 거창군,,2021-10-19,인구감소지역,경상남도,거창군,2021-10-19,행정안전부 고시 제2021-66호,2021-10-19,2021-10-19,,행정안전부 고시 제2021-66호 (2021-10-19),,유효 (5년 주기 재지정 예정: 2026-10-19; 2026-09-24 현재 재지정 고시 없음)
48890,경상남도 합천군,48890,경상남도 합천군,,2021-10-19,인구감소지역,경상남도,합천군,2021-10-19,행정안전부 고시 제2021-66호,2021-10-19,2021-10-19,,행정안전부 고시 제2021-66호 (2021-10-19),,유효 (5년 주기 재지정 예정: 2026-10-19; 2026-09-24 현재 재지정 고시 없음)
51190,강원특별자치도 태백시,42190,강원도 태백시,recoded 42190->51190,2021-10-19,인구감소지역,강원도,태백시,2021-10-19,행정안전부 고시 제2021-66호,2021-10-19,2021-10-19,,행정안전부 고시 제2021-66호 (2021-10-19),,유효 (5년 주기 재지정 예정: 2026-10-19; 2026-09-24 현재 재지정 고시 없음)
51230,강원특별자치도 삼척시,42230,강원도 삼척시,recoded 42230->51230,2021-10-19,인구감소지역,강원도,삼척시,2021-10-19,행정안전부 고시 제2021-66호,2021-10-19,2021-10-19,,행정안전부 고시 제2021-66호 (2021-10-19),,유효 (5년 주기 재지정 예정: 2026-10-19; 2026-09-24 현재 재지정 고시 없음)
51720,강원특별자치도 홍천군,42720,강원도 홍천군,recoded 42720->51720,2021-10-19,인구감소지역,강원도,홍천군,2021-10-19,행정안전부 고시 제2021-66호,2021-10-19,2021-10-19,,행정안전부 고시 제2021-66호 (2021-10-19),,유효 (5년 주기 재지정 예정: 2026-10-19; 2026-09-24 현재 재지정 고시 없음)
51730,강원특별자치도 횡성군,42730,강원도 횡성군,recoded 42730->51730,2021-10-19,인구감소지역,강원도,횡성군,2021-10-19,행정안전부 고시 제2021-66호,2021-10-19,2021-10-19,,행정안전부 고시 제2021-66호 (2021-10-19),,유효 (5년 주기 재지정 예정: 2026-10-19; 2026-09-24 현재 재지정 고시 없음)
51750,강원특별자치도 영월군,42750,강원도 영월군,recoded 42750->51750,2021-10-19,인구감소지역,강원도,영월군,2021-10-19,행정안전부 고시 제2021-66호,2021-10-19,2021-10-19,,행정안전부 고시 제2021-66호 (2021-10-19),,유효 (5년 주기 재지정 예정: 2026-10-19; 2026-09-24 현재 재지정 고시 없음)
51760,강원특별자치도 평창군,42760,강원도 평창군,recoded 42760->51760,2021-10-19,인구감소지역,강원도,평창군,2021-10-19,행정안전부 고시 제2021-66호,2021-10-19,2021-10-19,,행정안전부 고시 제2021-66호 (2021-10-19),,유효 (5년 주기 재지정 예정: 2026-10-19; 2026-09-24 현재 재지정 고시 없음)
51770,강원특별자치도 정선군,42770,강원도 정선군,recoded 42770->51770,2021-10-19,인구감소지역,강원도,정선군,2021-10-19,행정안전부 고시 제2021-66호,2021-10-19,2021-10-19,,행정안전부 고시 제2021-66호 (2021-10-19),,유효 (5년 주기 재지정 예정: 2026-10-19; 2026-09-24 현재 재지정 고시 없음)
51780,강원특별자치도 철원군,42780,강원도 철원군,recoded 42780->51780,2021-10-19,인구감소지역,강원도,철원군,2021-10-19,행정안전부 고시 제2021-66호,2021-10-19,2021-10-19,,행정안전부 고시 제2021-66호 (2021-10-19),,유효 (5년 주기 재지정 예정: 2026-10-19; 2026-09-24 현재 재지정 고시 없음)
51790,강원특별자치도 화천군,42790,강원도 화천군,recoded 42790->51790,2021-10-19,인구감소지역,강원도,화천군,2021-10-19,행정안전부 고시 제2021-66호,2021-10-19,2021-10-19,,행정안전부 고시 제2021-66호 (2021-10-19),,유효 (5년 주기 재지정 예정: 2026-10-19; 2026-09-24 현재 재지정 고시 없음)
51800,강원특별자치도 양구군,42800,강원도 양구군,recoded 42800->51800,2021-10-19,인구감소지역,강원도,양구군,2021-10-19,행정안전부 고시 제2021-66호,2021-10-19,2021-10-19,,행정안전부 고시 제2021-66호 (2021-10-19),,유효 (5년 주기 재지정 예정: 2026-10-19; 2026-09-24 현재 재지정 고시 없음)
51820,강원특별자치도 고성군,42820,강원도 고성군,recoded 42820->51820,2021-10-19,인구감소지역,강원도,고성군,2021-10-19,행정안전부 고시 제2021-66호,2021-10-19,2021-10-19,,행정안전부 고시 제2021-66호 (2021-10-19),,유효 (5년 주기 재지정 예정: 2026-10-19; 2026-09-24 현재 재지정 고시 없음)
51830,강원특별자치도 양양군,42830,강원도 양양군,recoded 42830->51830,2021-10-19,인구감소지역,강원도,양양군,2021-10-19,행정안전부 고시 제2021-66호,2021-10-19,2021-10-19,,행정안전부 고시 제2021-66호 (2021-10-19),,유효 (5년 주기 재지정 예정: 2026-10-19; 2026-09-24 현재 재지정 고시 없음)
52180,전북특별자치도 정읍시,45180,전라북도 정읍시,recoded 45180->52180,2021-10-19,인구감소지역,전라북도,정읍시,2021-10-19,행정안전부 고시 제2021-66호,2021-10-19,2021-10-19,,행정안전부 고시 제2021-66호 (2021-10-19),,유효 (5년 주기 재지정 예정: 2026-10-19; 2026-09-24 현재 재지정 고시 없음)
52190,전북특별자치도 남원시,45190,전라북도 남원시,recoded 45190->52190,2021-10-19,인구감소지역,전라북도,남원시,2021-10-19,행정안전부 고시 제2021-66호,2021-10-19,2021-10-19,,행정안전부 고시 제2021-66호 (2021-10-19),,유효 (5년 주기 재지정 예정: 2026-10-19; 2026-09-24 현재 재지정 고시 없음)
52210,전북특별자치도 김제시,45210,전라북도 김제시,recoded 45210->52210,2021-10-19,인구감소지역,전라북도,김제시,2021-10-19,행정안전부 고시 제2021-66호,2021-10-19,2021-10-19,,행정안전부 고시 제2021-66호 (2021-10-19),,유효 (5년 주기 재지정 예정: 2026-10-19; 2026-09-24 현재 재지정 고시 없음)
52720,전북특별자치도 진안군,45720,전라북도 진안군,recoded 45720->52720,2021-10-19,인구감소지역,전라북도,진안군,2021-10-19,행정안전부 고시 제2021-66호,2021-10-19,2021-10-19,,행정안전부 고시 제2021-66호 (2021-10-19),,유효 (5년 주기 재지정 예정: 2026-10-19; 2026-09-24 현재 재지정 고시 없음)
52730,전북특별자치도 무주군,45730,전라북도 무주군,recoded 45730->52730,2021-10-19,인구감소지역,전라북도,무주군,2021-10-19,행정안전부 고시 제2021-66호,2021-10-19,2021-10-19,,행정안전부 고시 제2021-66호 (2021-10-19),,유효 (5년 주기 재지정 예정: 2026-10-19; 2026-09-24 현재 재지정 고시 없음)
52740,전북특별자치도 장수군,45740,전라북도 장수군,recoded 45740->52740,2021-10-19,인구감소지역,전라북도,장수군,2021-10-19,행정안전부 고시 제2021-66호,2021-10-19,2021-10-19,,행정안전부 고시 제2021-66호 (2021-10-19),,유효 (5년 주기 재지정 예정: 2026-10-19; 2026-09-24 현재 재지정 고시 없음)
52750,전북특별자치도 임실군,45750,전라북도 임실군,recoded 45750->52750,2021-10-19,인구감소지역,전라북도,임실군,2021-10-19,행정안전부 고시 제2021-66호,2021-10-19,2021-10-19,,행정안전부 고시 제2021-66호 (2021-10-19),,유효 (5년 주기 재지정 예정: 2026-10-19; 2026-09-24 현재 재지정 고시 없음)
52770,전북특별자치도 순창군,45770,전라북도 순창군,recoded 45770->52770,2021-10-19,인구감소지역,전라북도,순창군,2021-10-19,행정안전부 고시 제2021-66호,2021-10-19,2021-10-19,,행정안전부 고시 제2021-66호 (2021-10-19),,유효 (5년 주기 재지정 예정: 2026-10-19; 2026-09-24 현재 재지정 고시 없음)
52790,전북특별자치도 고창군,45790,전라북도 고창군,recoded 45790->52790,2021-10-19,인구감소지역,전라북도,고창군,2021-10-19,행정안전부 고시 제2021-66호,2021-10-19,2021-10-19,,행정안전부 고시 제2021-66호 (2021-10-19),,유효 (5년 주기 재지정 예정: 2026-10-19; 2026-09-24 현재 재지정 고시 없음)
52800,전북특별자치도 부안군,45800,전라북도 부안군,recoded 45800->52800,2021-10-19,인구감소지역,전라북도,부안군,2021-10-19,행정안전부 고시 제2021-66호,2021-10-19,2021-10-19,,행정안전부 고시 제2021-66호 (2021-10-19),,유효 (5년 주기 재지정 예정: 2026-10-19; 2026-09-24 현재 재지정 고시 없음)
12210,전남광주통합특별시 동구,29110,광주광역시 동구,recoded 29110->12210,2021-10-19,인구감소관심지역,광주광역시,동구,2026-01-01,행정안전부 고시 제2025-78호,2025-12-24,2026-01-01,2026-10-19,2021 인구감소지수 기반 목록(2021-10 지정 시 산정); 최초 고시 수록: 행정안전부 고시 제2022-11호 「지방소멸대응기금 배분 등에 관한 기준」 별표1 (2022-02-11),,유효 (고시 제2025-78호 유효기간 2026-10-19까지)
26110,부산광역시 중구,26110,부산광역시 중구,,2021-10-19,인구감소관심지역,부산광역시,중구,2026-01-01,행정안전부 고시 제2025-78호,2025-12-24,2026-01-01,2026-10-19,2021 인구감소지수 기반 목록(2021-10 지정 시 산정); 최초 고시 수록: 행정안전부 고시 제2022-11호 「지방소멸대응기금 배분 등에 관한 기준」 별표1 (2022-02-11),,유효 (고시 제2025-78호 유효기간 2026-10-19까지)
26410,부산광역시 금정구,26410,부산광역시 금정구,,2021-10-19,인구감소관심지역,부산광역시,금정구,2026-01-01,행정안전부 고시 제2025-78호,2025-12-24,2026-01-01,2026-10-19,2021 인구감소지수 기반 목록(2021-10 지정 시 산정); 최초 고시 수록: 행정안전부 고시 제2022-11호 「지방소멸대응기금 배분 등에 관한 기준」 별표1 (2022-02-11),,유효 (고시 제2025-78호 유효기간 2026-10-19까지)
28140,인천광역시 동구,28140,인천광역시 동구,split_2026-07-01: 인천 중구+동구 -> 제물포구(28125)+영종구(28155); no 1:1 successor; 옛 동구 전역은 2026-07-01 제물포구(28125)에 속함(제물포구 = 옛 동구 + 옛 중구 내륙). 신설 구로의 관심지역 승계 여부는 고시로 확인 안 됨,2021-10-19,인구감소관심지역,인천광역시,동구,2026-01-01,행정안전부 고시 제2025-78호,2025-12-24,2026-01-01,2026-10-19,2021 인구감소지수 기반 목록(2021-10 지정 시 산정); 최초 고시 수록: 행정안전부 고시 제2022-11호 「지방소멸대응기금 배분 등에 관한 기준」 별표1 (2022-02-11),,유효 (고시 제2025-78호 유효기간 2026-10-19까지)
30110,대전광역시 동구,30110,대전광역시 동구,,2021-10-19,인구감소관심지역,대전광역시,동구,2026-01-01,행정안전부 고시 제2025-78호,2025-12-24,2026-01-01,2026-10-19,2021 인구감소지수 기반 목록(2021-10 지정 시 산정); 최초 고시 수록: 행정안전부 고시 제2022-11호 「지방소멸대응기금 배분 등에 관한 기준」 별표1 (2022-02-11),,유효 (고시 제2025-78호 유효기간 2026-10-19까지)
30140,대전광역시 중구,30140,대전광역시 중구,,2021-10-19,인구감소관심지역,대전광역시,중구,2026-01-01,행정안전부 고시 제2025-78호,2025-12-24,2026-01-01,2026-10-19,2021 인구감소지수 기반 목록(2021-10 지정 시 산정); 최초 고시 수록: 행정안전부 고시 제2022-11호 「지방소멸대응기금 배분 등에 관한 기준」 별표1 (2022-02-11),,유효 (고시 제2025-78호 유효기간 2026-10-19까지)
30230,대전광역시 대덕구,30230,대전광역시 대덕구,,2021-10-19,인구감소관심지역,대전광역시,대덕구,2026-01-01,행정안전부 고시 제2025-78호,2025-12-24,2026-01-01,2026-10-19,2021 인구감소지수 기반 목록(2021-10 지정 시 산정); 최초 고시 수록: 행정안전부 고시 제2022-11호 「지방소멸대응기금 배분 등에 관한 기준」 별표1 (2022-02-11),,유효 (고시 제2025-78호 유효기간 2026-10-19까지)
41250,경기도 동두천시,41250,경기도 동두천시,,2021-10-19,인구감소관심지역,경기도,동두천시,2026-01-01,행정안전부 고시 제2025-78호,2025-12-24,2026-01-01,2026-10-19,2021 인구감소지수 기반 목록(2021-10 지정 시 산정); 최초 고시 수록: 행정안전부 고시 제2022-11호 「지방소멸대응기금 배분 등에 관한 기준」 별표1 (2022-02-11),,유효 (고시 제2025-78호 유효기간 2026-10-19까지)
41650,경기도 포천시,41650,경기도 포천시,,2021-10-19,인구감소관심지역,경기도,포천시,2026-01-01,행정안전부 고시 제2025-78호,2025-12-24,2026-01-01,2026-10-19,2021 인구감소지수 기반 목록(2021-10 지정 시 산정); 최초 고시 수록: 행정안전부 고시 제2022-11호 「지방소멸대응기금 배분 등에 관한 기준」 별표1 (2022-02-11),,유효 (고시 제2025-78호 유효기간 2026-10-19까지)
47130,경상북도 경주시,47130,경상북도 경주시,,2021-10-19,인구감소관심지역,경상북도,경주시,2026-01-01,행정안전부 고시 제2025-78호,2025-12-24,2026-01-01,2026-10-19,2021 인구감소지수 기반 목록(2021-10 지정 시 산정); 최초 고시 수록: 행정안전부 고시 제2022-11호 「지방소멸대응기금 배분 등에 관한 기준」 별표1 (2022-02-11),,유효 (고시 제2025-78호 유효기간 2026-10-19까지)
47150,경상북도 김천시,47150,경상북도 김천시,,2021-10-19,인구감소관심지역,경상북도,김천시,2026-01-01,행정안전부 고시 제2025-78호,2025-12-24,2026-01-01,2026-10-19,2021 인구감소지수 기반 목록(2021-10 지정 시 산정); 최초 고시 수록: 행정안전부 고시 제2022-11호 「지방소멸대응기금 배분 등에 관한 기준」 별표1 (2022-02-11),,유효 (고시 제2025-78호 유효기간 2026-10-19까지)
48220,경상남도 통영시,48220,경상남도 통영시,,2021-10-19,인구감소관심지역,경상남도,통영시,2026-01-01,행정안전부 고시 제2025-78호,2025-12-24,2026-01-01,2026-10-19,2021 인구감소지수 기반 목록(2021-10 지정 시 산정); 최초 고시 수록: 행정안전부 고시 제2022-11호 「지방소멸대응기금 배분 등에 관한 기준」 별표1 (2022-02-11),,유효 (고시 제2025-78호 유효기간 2026-10-19까지)
48240,경상남도 사천시,48240,경상남도 사천시,,2021-10-19,인구감소관심지역,경상남도,사천시,2026-01-01,행정안전부 고시 제2025-78호,2025-12-24,2026-01-01,2026-10-19,2021 인구감소지수 기반 목록(2021-10 지정 시 산정); 최초 고시 수록: 행정안전부 고시 제2022-11호 「지방소멸대응기금 배분 등에 관한 기준」 별표1 (2022-02-11),,유효 (고시 제2025-78호 유효기간 2026-10-19까지)
51150,강원특별자치도 강릉시,42150,강원도 강릉시,recoded 42150->51150,2021-10-19,인구감소관심지역,강원특별자치도,강릉시,2026-01-01,행정안전부 고시 제2025-78호,2025-12-24,2026-01-01,2026-10-19,2021 인구감소지수 기반 목록(2021-10 지정 시 산정); 최초 고시 수록: 행정안전부 고시 제2022-11호 「지방소멸대응기금 배분 등에 관한 기준」 별표1 (2022-02-11),,유효 (고시 제2025-78호 유효기간 2026-10-19까지)
51170,강원특별자치도 동해시,42170,강원도 동해시,recoded 42170->51170,2021-10-19,인구감소관심지역,강원특별자치도,동해시,2026-01-01,행정안전부 고시 제2025-78호,2025-12-24,2026-01-01,2026-10-19,2021 인구감소지수 기반 목록(2021-10 지정 시 산정); 최초 고시 수록: 행정안전부 고시 제2022-11호 「지방소멸대응기금 배분 등에 관한 기준」 별표1 (2022-02-11),,유효 (고시 제2025-78호 유효기간 2026-10-19까지)
51210,강원특별자치도 속초시,42210,강원도 속초시,recoded 42210->51210,2021-10-19,인구감소관심지역,강원특별자치도,속초시,2026-01-01,행정안전부 고시 제2025-78호,2025-12-24,2026-01-01,2026-10-19,2021 인구감소지수 기반 목록(2021-10 지정 시 산정); 최초 고시 수록: 행정안전부 고시 제2022-11호 「지방소멸대응기금 배분 등에 관한 기준」 별표1 (2022-02-11),,유효 (고시 제2025-78호 유효기간 2026-10-19까지)
51810,강원특별자치도 인제군,42810,강원도 인제군,recoded 42810->51810,2021-10-19,인구감소관심지역,강원특별자치도,인제군,2026-01-01,행정안전부 고시 제2025-78호,2025-12-24,2026-01-01,2026-10-19,2021 인구감소지수 기반 목록(2021-10 지정 시 산정); 최초 고시 수록: 행정안전부 고시 제2022-11호 「지방소멸대응기금 배분 등에 관한 기준」 별표1 (2022-02-11),,유효 (고시 제2025-78호 유효기간 2026-10-19까지)
52140,전북특별자치도 익산시,45140,전라북도 익산시,recoded 45140->52140,2021-10-19,인구감소관심지역,전북특별자치도,익산시,2026-01-01,행정안전부 고시 제2025-78호,2025-12-24,2026-01-01,2026-10-19,2021 인구감소지수 기반 목록(2021-10 지정 시 산정); 최초 고시 수록: 행정안전부 고시 제2022-11호 「지방소멸대응기금 배분 등에 관한 기준」 별표1 (2022-02-11),,유효 (고시 제2025-78호 유효기간 2026-10-19까지)
