sido_cd,sido_nm,sido_cd_2026,sido_nm_2026,map_note,ref_date,lic_total,lic_male,lic_female,lic_16_19,lic_20_29,lic_30_39,lic_40_49,lic_50_59,lic_60_64,lic_65_69,lic_70_74,lic_75_79,lic_80p,lic_65p,lic_70p,lic_75p,lic_65p_male,lic_65p_female,share_65p,share_75p
11,서울특별시,11,서울특별시,,2024-12-31,6332419,3481536,2850883,26881,908398,1294168,1287000,1313350,558733,470410,265142,135017,73320,943889,473479,208337,600454,343435,0.1491,0.0329
26,부산광역시,26,부산광역시,,2024-12-31,2031713,1164523,867190,9793,249375,345983,425037,450795,212596,179011,97738,43387,17998,338134,159123,61385,231412,106722,0.1664,0.0302
27,대구광역시,27,대구광역시,,2024-12-31,1602105,885990,716115,12684,211417,264242,324037,375517,166837,128260,69483,33321,16307,247371,119111,49628,160302,87069,0.1544,0.031
28,인천광역시,28,인천광역시,,2024-12-31,2026026,1159360,866666,11614,255748,391091,445954,453928,204200,149270,69634,31130,13457,263491,114221,44587,177351,86140,0.1301,0.022
29,광주광역시,12,전남광주통합특별시,pre-2026-07 unit kept (광주 29 / 전남 46); merged into 12 전남광주통합특별시 on 2026-07-01,2024-12-31,958105,524663,433442,8940,148183,164225,206553,220899,86820,63844,33345,17484,7812,122485,58641,25296,79537,42948,0.1278,0.0264
30,대전광역시,30,대전광역시,,2024-12-31,972830,543368,429462,7017,147092,176741,199081,219215,92024,70269,36456,16941,7994,131660,61391,24935,86859,44801,0.1353,0.0256
31,울산광역시,31,울산광역시,,2024-12-31,773774,443049,330725,6771,96006,130686,165614,186284,83115,59240,29125,12309,4624,105298,46058,16933,70787,34511,0.1361,0.0219
36,세종특별자치시,36,세종특별자치시,,2024-12-31,263536,139838,123698,2122,29575,57000,75215,54437,19089,14130,7095,3275,1598,26098,11968,4873,16719,9379,0.099,0.0185
41,경기도,41,경기도,경기도 = 경기남부경찰청 + 경기북부경찰청 (summed),2024-12-31,9514383,5353060,4161323,57060,1224818,1815469,2132468,2166305,899052,652384,325699,160362,80766,1219211,566827,241128,794287,424924,0.1281,0.0253
51,강원특별자치도,51,강원특별자치도,,2024-12-31,1024768,588639,436129,8054,124780,149635,188476,236172,119968,101405,52817,27089,16372,197683,96278,43461,133942,63741,0.1929,0.0424
43,충청북도,43,충청북도,,2024-12-31,1090984,635775,455209,8818,142460,183698,214598,248798,116117,92166,47807,23356,13166,176495,84329,36522,122482,54013,0.1618,0.0335
44,충청남도,44,충청남도,,2024-12-31,1456307,858008,598299,12678,180430,247463,307036,324344,150513,115349,63752,34137,20605,233843,118494,54742,163377,70466,0.1606,0.0376
52,전북특별자치도,52,전북특별자치도,,2024-12-31,1147153,662594,484559,10973,147916,164531,219500,272126,125488,99918,57362,31459,17880,206619,106701,49339,144424,62195,0.1801,0.043
46,전라남도,12,전남광주통합특별시,pre-2026-07 unit kept (광주 29 / 전남 46); merged into 12 전남광주통합특별시 on 2026-07-01,2024-12-31,1152681,683762,468919,12026,142982,161893,217368,274719,131947,103144,57734,32598,18270,211746,108602,50868,153118,58628,0.1837,0.0441
47,경상북도,47,경상북도,,2024-12-31,1717097,1002323,714774,16530,197935,246132,325649,400728,200831,163471,93115,46362,26344,329292,165821,72706,226895,102397,0.1918,0.0423
48,경상남도,48,경상남도,,2024-12-31,2163766,1252434,911332,17550,242883,332172,465356,524850,236525,182395,94914,44841,22280,344430,162035,67121,238564,105866,0.1592,0.031
50,제주특별자치도,50,제주특별자치도,,2024-12-31,479642,262032,217610,3899,58036,81724,107730,113258,46354,34745,18066,10296,5534,68641,33896,15830,42856,25785,0.1431,0.033
