sgg_cd,sgg_nm,sgg_cd_ref,sgg_nm_ref,map_note,year,ref_date,src_sido,src_name,n_filers,gross_wage_mn,n_total_wage,total_wage_mn,n_tax_base,tax_base_mn,n_det_tax,det_tax_mn,total_wage_per_filer_10k_won,total_wage_per_earner_10k_won,gross_wage_per_filer_10k_won,det_tax_per_filer_10k_won,taxpayer_share
11110,서울특별시 종로구,11110,서울특별시 종로구,,2024,2024-12-31,서울,종로구,56114,3284989,55978,3210948,50343,2162627,37281,398362,5722.2,5736.1,5854.1,709.92,0.6644
11140,서울특별시 중구,11140,서울특별시 중구,,2024,2024-12-31,서울,중구,52803,3087236,52688,3015949,48053,2017722,36407,327120,5711.7,5724.2,5846.7,619.51,0.6895
11170,서울특별시 용산구,11170,서울특별시 용산구,,2024,2024-12-31,서울,용산구,93513,7648008,93386,7519340,85775,5612443,66660,1249722,8041.0,8051.9,8178.6,1336.42,0.7128
11200,서울특별시 성동구,11200,서울특별시 성동구,,2024,2024-12-31,서울,성동구,121937,7326683,121776,7154505,111732,4734367,85710,778805,5867.4,5875.1,6008.6,638.69,0.7029
11215,서울특별시 광진구,11215,서울특별시 광진구,,2024,2024-12-31,서울,광진구,154859,7254781,154432,7059083,139837,4273509,100717,550454,4558.4,4571.0,4684.8,355.45,0.6504
11230,서울특별시 동대문구,11230,서울특별시 동대문구,,2024,2024-12-31,서울,동대문구,142707,6440179,142249,6260083,127643,3676346,93857,411309,4386.7,4400.8,4512.9,288.22,0.6577
11260,서울특별시 중랑구,11260,서울특별시 중랑구,,2024,2024-12-31,서울,중랑구,153257,5803629,152894,5628681,137945,3032556,97755,252428,3672.7,3681.4,3786.9,164.71,0.6379
11290,서울특별시 성북구,11290,서울특별시 성북구,,2024,2024-12-31,서울,성북구,169058,8120180,168575,7903026,150965,4775411,110934,639708,4674.7,4688.1,4803.2,378.4,0.6562
11305,서울특별시 강북구,11305,서울특별시 강북구,,2024,2024-12-31,서울,강북구,104160,3739480,103887,3630399,92510,1939518,64666,163878,3485.4,3494.6,3590.1,157.33,0.6208
11320,서울특별시 도봉구,11320,서울특별시 도봉구,,2024,2024-12-31,서울,도봉구,118787,4532882,118553,4401222,105277,2400102,75285,215109,3705.1,3712.5,3816.0,181.09,0.6338
11350,서울특별시 노원구,11350,서울특별시 노원구,,2024,2024-12-31,서울,노원구,196564,8829004,196021,8583479,177612,4918345,132236,514284,4366.8,4378.9,4491.7,261.64,0.6727
11380,서울특별시 은평구,11380,서울특별시 은평구,,2024,2024-12-31,서울,은평구,194863,8299642,194383,8058097,175856,4597902,127109,480336,4135.3,4145.5,4259.2,246.5,0.6523
11410,서울특별시 서대문구,11410,서울특별시 서대문구,,2024,2024-12-31,서울,서대문구,129228,6567242,128716,6392590,116237,3967154,86763,528299,4946.8,4966.4,5081.9,408.81,0.6714
11440,서울특별시 마포구,11440,서울특별시 마포구,,2024,2024-12-31,서울,마포구,166017,9664304,165577,9427763,151138,6150433,114780,945922,5678.8,5693.9,5821.3,569.77,0.6914
11470,서울특별시 양천구,11470,서울특별시 양천구,,2024,2024-12-31,서울,양천구,179414,10103347,179097,9861233,163460,6303960,124849,959798,5496.4,5506.1,5631.3,534.96,0.6959
11500,서울특별시 강서구,11500,서울특별시 강서구,,2024,2024-12-31,서울,강서구,253734,11790687,253256,11452861,230955,6748626,170337,756192,4513.7,4522.2,4646.9,298.03,0.6713
11530,서울특별시 구로구,11530,서울특별시 구로구,,2024,2024-12-31,서울,구로구,178625,7678463,178217,7465207,162121,4274533,118137,431383,4179.3,4188.8,4298.6,241.5,0.6614
11545,서울특별시 금천구,11545,서울특별시 금천구,,2024,2024-12-31,서울,금천구,106203,3975527,105954,3857499,96384,2086109,66516,167657,3632.2,3640.7,3743.3,157.86,0.6263
11560,서울특별시 영등포구,11560,서울특별시 영등포구,,2024,2024-12-31,서울,영등포구,189698,10384188,189382,10124889,174410,6420555,133307,909976,5337.4,5346.3,5474.1,479.7,0.7027
11590,서울특별시 동작구,11590,서울특별시 동작구,,2024,2024-12-31,서울,동작구,172672,8683516,171632,8455094,155748,5222686,115210,689400,4896.6,4926.3,5028.9,399.25,0.6672
11620,서울특별시 관악구,11620,서울특별시 관악구,,2024,2024-12-31,서울,관악구,231831,9015301,231073,8739977,207989,4880765,142203,438284,3770.0,3782.3,3888.7,189.05,0.6134
11650,서울특별시 서초구,11650,서울특별시 서초구,,2024,2024-12-31,서울,서초구,180339,16427487,180176,16158515,166538,12030281,134095,2709348,8960.1,8968.2,9109.2,1502.36,0.7436
11680,서울특별시 강남구,11680,서울특별시 강남구,,2024,2024-12-31,서울,강남구,238403,21636727,238202,21276879,219986,15844194,176311,3644165,8924.8,8932.3,9075.7,1528.57,0.7396
11710,서울특별시 송파구,11710,서울특별시 송파구,,2024,2024-12-31,서울,송파구,296867,18556202,296509,18136953,273273,12060531,212177,1996023,6109.5,6116.8,6250.7,672.36,0.7147
11740,서울특별시 강동구,11740,서울특별시 강동구,,2024,2024-12-31,서울,강동구,221227,11569997,220933,11270715,201779,6959230,152734,924136,5094.6,5101.4,5229.9,417.73,0.6904
12110,전남광주통합특별시 목포시,46110,전라남도 목포시,recoded 46110->12110,2024,2024-12-31,전남,목포시,72129,2676860,71922,2615177,64751,1378545,45504,111602,3625.7,3636.1,3711.2,154.73,0.6309
12130,전남광주통합특별시 여수시,46130,전라남도 여수시,recoded 46130->12130,2024,2024-12-31,전남,여수시,96945,4582780,96780,4495222,88155,2667138,66654,312056,4636.9,4644.8,4727.2,321.89,0.6875
12150,전남광주통합특별시 순천시,46150,전라남도 순천시,recoded 46150->12150,2024,2024-12-31,전남,순천시,102821,4695839,102612,4588469,93920,2615652,70860,267917,4462.6,4471.7,4567.0,260.57,0.6892
12170,전남광주통합특별시 나주시,46170,전라남도 나주시,recoded 46170->12170,2024,2024-12-31,전남,나주시,45013,1815684,44822,1771020,40793,959346,29672,78549,3934.5,3951.2,4033.7,174.5,0.6592
12190,전남광주통합특별시 광양시,46230,전라남도 광양시,recoded 46230->12190,2024,2024-12-31,전남,광양시,63030,3159227,62923,3085358,57818,1832661,45007,206145,4895.1,4903.4,5012.3,327.06,0.7141
12210,전남광주통합특별시 동구,29110,광주광역시 동구,recoded 29110->12210,2024,2024-12-31,광주,동구,41564,1790178,41342,1749508,37021,982926,27101,105851,4209.2,4231.8,4307.0,254.67,0.652
12240,전남광주통합특별시 서구,29140,광주광역시 서구,recoded 29140->12240,2024,2024-12-31,광주,서구,111781,4922243,111301,4823916,100415,2786176,73449,323068,4315.5,4334.1,4403.5,289.02,0.6571
12270,전남광주통합특별시 남구,29155,광주광역시 남구,recoded 29155->12270,2024,2024-12-31,광주,남구,78794,3486655,78426,3412085,70634,1952304,51413,226874,4330.4,4350.7,4425.0,287.93,0.6525
12300,전남광주통합특별시 북구,29170,광주광역시 북구,recoded 29170->12300,2024,2024-12-31,광주,북구,162860,6497041,162303,6360783,146086,3447741,105709,314301,3905.7,3919.1,3989.3,192.99,0.6491
12330,전남광주통합특별시 광산구,29200,광주광역시 광산구,recoded 29200->12330,2024,2024-12-31,광주,광산구,168273,6997734,167578,6870281,152125,3795060,111374,361290,4082.8,4099.8,4158.6,214.7,0.6619
12710,전남광주통합특별시 담양군,46710,전라남도 담양군,recoded 46710->12710,2024,2024-12-31,전남,담양군,13852,543404,13804,531896,12522,295270,9112,27637,3839.8,3853.2,3922.9,199.52,0.6578
12720,전남광주통합특별시 곡성군,46720,전라남도 곡성군,recoded 46720->12720,2024,2024-12-31,전남,곡성군,7787,298087,7766,291665,7038,159079,5039,13248,3745.5,3755.7,3828.0,170.13,0.6471
12730,전남광주통합특별시 구례군,46730,전라남도 구례군,recoded 46730->12730,2024,2024-12-31,전남,구례군,6407,233032,6390,227460,5768,120666,4036,9363,3550.2,3559.6,3637.1,146.14,0.6299
12740,전남광주통합특별시 고흥군,46770,전라남도 고흥군,recoded 46770->12740,2024,2024-12-31,전남,고흥군,14042,479671,14002,467058,12559,242968,8494,17563,3326.2,3335.7,3416.0,125.07,0.6049
12750,전남광주통합특별시 보성군,46780,전라남도 보성군,recoded 46780->12750,2024,2024-12-31,전남,보성군,9250,320416,9232,312996,8308,164830,5536,12537,3383.7,3390.3,3464.0,135.54,0.5985
12760,전남광주통합특별시 화순군,46790,전라남도 화순군,recoded 46790->12760,2024,2024-12-31,전남,화순군,20764,751624,20682,734899,18648,388880,13409,29973,3539.3,3553.3,3619.8,144.35,0.6458
12770,전남광주통합특별시 장흥군,46800,전라남도 장흥군,recoded 46800->12770,2024,2024-12-31,전남,장흥군,9075,337671,9045,329232,8248,173836,5814,12743,3627.9,3639.9,3720.9,140.42,0.6407
12780,전남광주통합특별시 강진군,46810,전라남도 강진군,recoded 46810->12780,2024,2024-12-31,전남,강진군,8620,318788,8595,311457,7777,164996,5625,12182,3613.2,3623.7,3698.2,141.32,0.6526
12790,전남광주통합특별시 해남군,46820,전라남도 해남군,recoded 46820->12790,2024,2024-12-31,전남,해남군,16225,563823,16171,551180,14650,286187,10068,20724,3397.1,3408.4,3475.0,127.73,0.6205
12800,전남광주통합특별시 영암군,46830,전라남도 영암군,recoded 46830->12800,2024,2024-12-31,전남,영암군,22744,805164,22691,793666,20788,437049,15438,31400,3489.6,3497.7,3540.1,138.06,0.6788
12810,전남광주통합특별시 무안군,46840,전라남도 무안군,recoded 46840->12810,2024,2024-12-31,전남,무안군,35217,1578628,35113,1541639,32102,848645,23976,79288,4377.5,4390.5,4482.6,225.14,0.6808
12820,전남광주통합특별시 함평군,46860,전라남도 함평군,recoded 46860->12820,2024,2024-12-31,전남,함평군,8636,303752,8614,296994,7732,157576,5436,11908,3439.0,3447.8,3517.3,137.89,0.6295
12830,전남광주통합특별시 영광군,46870,전라남도 영광군,recoded 46870->12830,2024,2024-12-31,전남,영광군,17193,694643,17145,676821,15328,373932,11250,33312,3936.6,3947.6,4040.3,193.75,0.6543
12840,전남광주통합특별시 장성군,46880,전라남도 장성군,recoded 46880->12840,2024,2024-12-31,전남,장성군,14159,546351,14137,535670,12882,291090,9498,23529,3783.2,3789.1,3858.7,166.18,0.6708
12850,전남광주통합특별시 완도군,46890,전라남도 완도군,recoded 46890->12850,2024,2024-12-31,전남,완도군,11398,392620,11358,379975,10348,197294,6927,13660,3333.7,3345.4,3444.6,119.85,0.6077
12860,전남광주통합특별시 진도군,46900,전라남도 진도군,recoded 46900->12860,2024,2024-12-31,전남,진도군,6643,246467,6627,240372,6013,126174,4370,8935,3618.4,3627.2,3710.2,134.5,0.6578
12870,전남광주통합특별시 신안군,46910,전라남도 신안군,recoded 46910->12870,2024,2024-12-31,전남,신안군,9301,362198,9264,352585,8400,189611,6190,14895,3790.8,3806.0,3894.2,160.14,0.6655
26110,부산광역시 중구,26110,부산광역시 중구,,2024,2024-12-31,부산,중구,14694,431738,14541,413182,12368,208232,8207,13642,2811.9,2841.5,2938.2,92.84,0.5585
26140,부산광역시 서구,26140,부산광역시 서구,,2024,2024-12-31,부산,서구,36379,1425433,36149,1379350,32004,756204,22915,73491,3791.6,3815.7,3918.3,202.01,0.6299
26170,부산광역시 동구,26170,부산광역시 동구,,2024,2024-12-31,부산,동구,32537,1147688,32351,1109513,28186,579662,19357,46777,3410.0,3429.6,3527.3,143.77,0.5949
26200,부산광역시 영도구,26200,부산광역시 영도구,,2024,2024-12-31,부산,영도구,34963,1242649,34781,1188882,30743,622814,21271,49408,3400.4,3418.2,3554.2,141.32,0.6084
26230,부산광역시 부산진구,26230,부산광역시 부산진구,,2024,2024-12-31,부산,부산진구,143828,5495210,143068,5347569,127562,2849177,89506,253905,3718.0,3737.8,3820.7,176.53,0.6223
26260,부산광역시 동래구,26260,부산광역시 동래구,,2024,2024-12-31,부산,동래구,105330,4743830,104970,4627604,94688,2632410,69137,294904,4393.4,4408.5,4503.8,279.98,0.6564
26290,부산광역시 남구,26290,부산광역시 남구,,2024,2024-12-31,부산,남구,93378,4141085,92900,4038022,82639,2334187,59330,286495,4324.4,4346.6,4434.8,306.81,0.6354
26320,부산광역시 북구,26320,부산광역시 북구,,2024,2024-12-31,부산,북구,100840,3936799,100479,3848570,90766,2077249,65403,184208,3816.5,3830.2,3904.0,182.67,0.6486
26350,부산광역시 해운대구,26350,부산광역시 해운대구,,2024,2024-12-31,부산,해운대구,139132,7241212,138778,7083632,125290,4433844,92542,699687,5091.3,5104.3,5204.6,502.89,0.6651
26380,부산광역시 사하구,26380,부산광역시 사하구,,2024,2024-12-31,부산,사하구,114701,4105133,114162,4006839,100342,2109997,71517,163174,3493.3,3509.8,3579.0,142.26,0.6235
26410,부산광역시 금정구,26410,부산광역시 금정구,,2024,2024-12-31,부산,금정구,73959,3078054,73491,3008393,65428,1721358,46723,195509,4067.6,4093.6,4161.8,264.35,0.6317
26440,부산광역시 강서구,26440,부산광역시 강서구,,2024,2024-12-31,부산,강서구,65471,3065615,65387,3004887,60212,1718306,46054,175407,4589.6,4595.5,4682.4,267.92,0.7034
26470,부산광역시 연제구,26470,부산광역시 연제구,,2024,2024-12-31,부산,연제구,81689,3508896,81386,3417454,73248,1897700,53246,194251,4183.5,4199.1,4295.4,237.79,0.6518
26500,부산광역시 수영구,26500,부산광역시 수영구,,2024,2024-12-31,부산,수영구,65106,2667619,64905,2597072,57982,1468152,40368,164049,3989.0,4001.3,4097.3,251.97,0.62
26530,부산광역시 사상구,26530,부산광역시 사상구,,2024,2024-12-31,부산,사상구,77729,2638168,77395,2579646,68671,1319506,48234,89551,3318.8,3333.1,3394.1,115.21,0.6205
26710,부산광역시 기장군,26710,부산광역시 기장군,,2024,2024-12-31,부산,기장군,66968,2736918,66804,2667057,59902,1462970,42787,135955,3982.6,3992.4,4086.9,203.01,0.6389
27110,대구광역시 중구,27110,대구광역시 중구,,2024,2024-12-31,대구,중구,40875,1785915,40728,1746436,36739,956650,26223,98830,4272.6,4288.0,4369.2,241.79,0.6415
27140,대구광역시 동구,27140,대구광역시 동구,,2024,2024-12-31,대구,동구,126767,4913924,126284,4798505,114039,2520872,80740,207047,3785.3,3799.8,3876.3,163.33,0.6369
27170,대구광역시 서구,27170,대구광역시 서구,,2024,2024-12-31,대구,서구,55730,1820299,55533,1781991,50003,874373,34124,53756,3197.5,3208.9,3266.3,96.46,0.6123
27200,대구광역시 남구,27200,대구광역시 남구,,2024,2024-12-31,대구,남구,45742,1573071,45506,1537416,40444,795548,27303,63426,3361.1,3378.5,3439.0,138.66,0.5969
27230,대구광역시 북구,27230,대구광역시 북구,,2024,2024-12-31,대구,북구,155461,5801880,154610,5676578,139164,2966550,98248,237954,3651.4,3671.5,3732.0,153.06,0.632
27260,대구광역시 수성구,27260,대구광역시 수성구,,2024,2024-12-31,대구,수성구,149529,8126671,149138,7972584,135592,4934726,102461,735338,5331.8,5345.8,5434.8,491.77,0.6852
27290,대구광역시 달서구,27290,대구광역시 달서구,,2024,2024-12-31,대구,달서구,202144,8164263,201337,8004617,182335,4368088,131671,413721,3959.9,3975.7,4038.8,204.67,0.6514
27710,대구광역시 달성군,27710,대구광역시 달성군,,2024,2024-12-31,대구,달성군,104531,4104311,104263,4032169,95035,2121701,69210,163410,3857.4,3867.3,3926.4,156.33,0.6621
27720,대구광역시 군위군,27720,대구광역시 군위군,,2024,2024-12-31,대구,군위군,5801,210723,5784,206536,5209,112958,3809,9324,3560.4,3570.8,3632.5,160.73,0.6566
28110,인천광역시 중구,28110,인천광역시 중구,split_2026-07-01: 인천 중구+동구 -> 제물포구(28125)+영종구(28155); no 1:1 successor,2024,2024-12-31,인천,중구,81676,3458227,81513,3375127,74406,1848136,56985,160013,4132.3,4140.6,4234.1,195.91,0.6977
28140,인천광역시 동구,28140,인천광역시 동구,split_2026-07-01: 인천 중구+동구 -> 제물포구(28125)+영종구(28155); no 1:1 successor,2024,2024-12-31,인천,동구,22926,824539,22856,805523,20884,418489,14958,28917,3513.6,3524.3,3596.5,126.13,0.6524
28177,인천광역시 미추홀구,28177,인천광역시 미추홀구,,2024,2024-12-31,인천,미추홀구(남구),170417,6106560,168667,5954978,151240,3078953,108972,223217,3494.4,3530.6,3583.3,130.98,0.6394
28185,인천광역시 연수구,28185,인천광역시 연수구,,2024,2024-12-31,인천,연수구,184845,10088495,184384,9880541,166764,6125278,131199,843426,5345.3,5358.7,5457.8,456.29,0.7098
28200,인천광역시 남동구,28200,인천광역시 남동구,,2024,2024-12-31,인천,남동구,202803,7830159,202226,7651672,182727,4145156,133265,353256,3773.0,3783.7,3861.0,174.19,0.6571
28237,인천광역시 부평구,28237,인천광역시 부평구,,2024,2024-12-31,인천,부평구,209416,8090882,208854,7886493,189218,4221403,138186,345427,3765.9,3776.1,3863.5,164.95,0.6599
28245,인천광역시 계양구,28245,인천광역시 계양구,,2024,2024-12-31,인천,계양구,117617,4261822,117291,4155333,105682,2191305,76880,166062,3532.9,3542.8,3623.5,141.19,0.6536
28260,인천광역시 서구,28260,인천광역시 서구,split_2026-07-01: 인천 서구 -> 서해구(28275)+검단구(28290); no 1:1 successor,2024,2024-12-31,인천,서구,286619,12323738,285986,12021867,260208,6635061,194958,635803,4194.4,4203.7,4299.7,221.83,0.6802
28710,인천광역시 강화군,28710,인천광역시 강화군,,2024,2024-12-31,인천,강화군,21070,788606,21005,769913,18969,423083,13832,37883,3654.1,3665.4,3742.8,179.8,0.6565
28720,인천광역시 옹진군,28720,인천광역시 옹진군,,2024,2024-12-31,인천,옹진군,7049,313421,7028,306130,6521,174477,5379,16136,4342.9,4355.9,4446.3,228.91,0.7631
30110,대전광역시 동구,30110,대전광역시 동구,,2024,2024-12-31,대전,동구,81842,2912732,81706,2840648,72409,1480962,50401,109926,3470.9,3476.7,3559.0,134.31,0.6158
30140,대전광역시 중구,30140,대전광역시 중구,,2024,2024-12-31,대전,중구,86094,3396744,85951,3309590,77283,1801150,55220,162261,3844.2,3850.6,3945.4,188.47,0.6414
30170,대전광역시 서구,30170,대전광역시 서구,,2024,2024-12-31,대전,서구,193114,8315205,192586,8096181,173685,4572587,125776,461689,4192.4,4203.9,4305.9,239.08,0.6513
30200,대전광역시 유성구,30200,대전광역시 유성구,,2024,2024-12-31,대전,유성구,164723,8656552,163957,8429537,149211,5118192,112617,633491,5117.4,5141.3,5255.2,384.58,0.6837
30230,대전광역시 대덕구,30230,대전광역시 대덕구,,2024,2024-12-31,대전,대덕구,67951,2558949,67856,2502556,61336,1345353,44150,106601,3682.9,3688.0,3765.9,156.88,0.6497
31110,울산광역시 중구,31110,울산광역시 중구,,2024,2024-12-31,울산,중구,79957,4151587,79761,4088495,72653,2502636,56444,318192,5113.4,5125.9,5192.3,397.95,0.7059
31140,울산광역시 남구,31140,울산광역시 남구,,2024,2024-12-31,울산,남구,127247,6947010,126863,6843780,116141,4289148,91160,588266,5378.3,5394.6,5459.5,462.3,0.7164
31170,울산광역시 동구,31170,울산광역시 동구,,2024,2024-12-31,울산,동구,68520,3401747,68369,3364775,62904,2040020,50105,228776,4910.6,4921.5,4964.6,333.88,0.7312
31200,울산광역시 북구,31200,울산광역시 북구,,2024,2024-12-31,울산,북구,94925,5306523,94744,5245729,87352,3255882,69608,420275,5526.2,5536.7,5590.2,442.74,0.7333
31710,울산광역시 울주군,31710,울산광역시 울주군,,2024,2024-12-31,울산,울주군,90327,4203700,90049,4134475,82248,2447971,63182,275018,4577.2,4591.4,4653.9,304.47,0.6995
36110,세종특별자치시,36110,세종특별자치시,,2024,2024-12-31,세종,세종,177178,9350336,176917,9109133,162257,5287019,128015,567647,5141.2,5148.8,5277.4,320.38,0.7225
41110,경기도 수원시,41110,경기도 수원시,parent_si_of_ilbangu_2026,2024,2024-12-31,경기,수원시,548856,27978296,547655,27417005,499361,16713709,384283,2120703,4995.3,5006.3,5097.6,386.39,0.7002
41130,경기도 성남시,41130,경기도 성남시,parent_si_of_ilbangu_2026,2024,2024-12-31,경기,성남시,410496,24937080,409859,24400952,376829,16107734,292216,2675952,5944.3,5953.5,6074.9,651.88,0.7119
41150,경기도 의정부시,41150,경기도 의정부시,,2024,2024-12-31,경기,의정부시,182368,6686673,181889,6499043,163082,3381161,116331,256200,3563.7,3573.1,3666.6,140.49,0.6379
41170,경기도 안양시,41170,경기도 안양시,parent_si_of_ilbangu_2026,2024,2024-12-31,경기,안양시,257206,12736562,256694,12427107,235105,7405272,180872,871864,4831.6,4841.2,4951.9,338.97,0.7032
41190,경기도 부천시,41190,경기도 부천시,parent_si: 부천시 has 일반구 since 2024-01-01 (41192/41194/41196),2024,2024-12-31,경기,부천시,327038,13134902,326217,12787620,295895,7030349,216080,651771,3910.1,3920.0,4016.3,199.3,0.6607
41210,경기도 광명시,41210,경기도 광명시,,2024,2024-12-31,경기,광명시,129440,6330828,129107,6175173,118164,3668444,89732,432196,4770.7,4783.0,4890.9,333.9,0.6932
41220,경기도 평택시,41220,경기도 평택시,,2024,2024-12-31,경기,평택시,271181,12199596,270773,11984700,246295,6902808,191539,682755,4419.4,4426.1,4498.7,251.77,0.7063
41250,경기도 동두천시,41250,경기도 동두천시,,2024,2024-12-31,경기,동두천시,33189,1066630,33090,1041885,29541,528157,20514,33585,3139.2,3148.6,3213.8,101.19,0.6181
41270,경기도 안산시,41270,경기도 안산시,parent_si_of_ilbangu_2026,2024,2024-12-31,경기,안산시,276048,10667043,275308,10444640,249809,5684499,185295,472433,3783.6,3793.8,3864.2,171.14,0.6712
41280,경기도 고양시,41280,경기도 고양시,parent_si_of_ilbangu_2026,2024,2024-12-31,경기,고양시,447925,20749196,446934,20195718,404500,11837336,301201,1396160,4508.7,4518.7,4632.3,311.7,0.6724
41290,경기도 과천시,41290,경기도 과천시,,2024,2024-12-31,경기,과천시,35604,2532597,35570,2480350,32616,1688871,25989,302072,6966.5,6973.2,7113.2,848.42,0.7299
41310,경기도 구리시,41310,경기도 구리시,,2024,2024-12-31,경기,구리시,76471,3274283,76335,3183595,69162,1785930,50852,178231,4163.1,4170.6,4281.7,233.07,0.665
41360,경기도 남양주시,41360,경기도 남양주시,,2024,2024-12-31,경기,남양주시,282046,11461923,281309,11147979,253393,6115029,183037,588415,3952.5,3962.9,4063.8,208.62,0.649
41370,경기도 오산시,41370,경기도 오산시,,2024,2024-12-31,경기,오산시,116276,4974799,116000,4875410,105495,2720179,80486,250566,4193.0,4202.9,4278.4,215.49,0.6922
41390,경기도 시흥시,41390,경기도 시흥시,,2024,2024-12-31,경기,시흥시,242614,9660708,241916,9445519,220495,5101017,164682,416450,3893.2,3904.5,3981.9,171.65,0.6788
41410,경기도 군포시,41410,경기도 군포시,,2024,2024-12-31,경기,군포시,114240,5136322,113957,5013459,104150,2896888,78052,307286,4388.5,4399.4,4496.1,268.98,0.6832
41430,경기도 의왕시,41430,경기도 의왕시,,2024,2024-12-31,경기,의왕시,70833,3545992,70715,3458996,64721,2080090,49122,256127,4883.3,4891.5,5006.1,361.59,0.6935
41450,경기도 하남시,41450,경기도 하남시,,2024,2024-12-31,경기,하남시,143484,7217476,143346,7025791,130755,4201047,98745,514408,4896.6,4901.3,5030.2,358.51,0.6882
41460,경기도 용인시,41460,경기도 용인시,parent_si_of_ilbangu_2026,2024,2024-12-31,경기,용인시,473594,26302993,472345,25733596,431036,16130053,334975,2275982,5433.7,5448.1,5553.9,480.58,0.7073
41480,경기도 파주시,41480,경기도 파주시,,2024,2024-12-31,경기,파주시,223884,9173957,223472,8968272,202789,4863956,149739,427137,4005.8,4013.2,4097.6,190.78,0.6688
41500,경기도 이천시,41500,경기도 이천시,,2024,2024-12-31,경기,이천시,102557,4740152,102379,4660292,94476,2754795,74084,288225,4544.1,4552.0,4622.0,281.04,0.7224
41550,경기도 안성시,41550,경기도 안성시,,2024,2024-12-31,경기,안성시,88566,3416625,88330,3352607,80229,1841417,60751,149636,3785.4,3795.5,3857.7,168.95,0.6859
41570,경기도 김포시,41570,경기도 김포시,,2024,2024-12-31,경기,김포시,214227,9329691,213880,9088946,195050,5121063,146187,510572,4242.7,4249.6,4355.0,238.33,0.6824
41590,경기도 화성시,41590,경기도 화성시,parent_si: 화성시 has 일반구 since 2026-02-01 (41591/41593/41595/41597),2024,2024-12-31,경기,화성시,489257,26165537,488439,25724914,451234,15806665,357415,1989621,5258.0,5266.8,5348.0,406.66,0.7305
41610,경기도 광주시,41610,경기도 광주시,,2024,2024-12-31,경기,광주시,174058,6871533,173780,6690253,158040,3624837,116960,323791,3843.7,3849.8,3947.8,186.02,0.672
41630,경기도 양주시,41630,경기도 양주시,,2024,2024-12-31,경기,양주시,121544,4404357,121276,4293061,108775,2185643,78256,155707,3532.1,3539.9,3623.7,128.11,0.6438
41650,경기도 포천시,41650,경기도 포천시,,2024,2024-12-31,경기,포천시,62463,2089616,62259,2043913,56732,1077040,42178,71655,3272.2,3282.9,3345.4,114.72,0.6752
41670,경기도 여주시,41670,경기도 여주시,,2024,2024-12-31,경기,여주시,43287,1612472,43232,1578127,39246,850981,29005,70019,3645.7,3650.4,3725.1,161.76,0.6701
41800,경기도 연천군,41800,경기도 연천군,,2024,2024-12-31,경기,연천군,14893,538280,14864,527714,13457,279031,10184,19674,3543.4,3550.3,3614.3,132.1,0.6838
41820,경기도 가평군,41820,경기도 가평군,,2024,2024-12-31,경기,가평군,21508,779566,21468,762592,19137,403345,13685,35163,3545.6,3552.2,3624.5,163.49,0.6363
41830,경기도 양평군,41830,경기도 양평군,,2024,2024-12-31,경기,양평군,39967,1663545,39881,1622415,35769,917806,25920,106076,4059.4,4068.1,4162.3,265.41,0.6485
43110,충청북도 청주시,43110,충청북도 청주시,parent_si_of_ilbangu_2026,2024,2024-12-31,충북,청주시,375169,16871224,374341,16571052,342529,9513838,264585,954918,4417.0,4426.7,4497.0,254.53,0.7052
43130,충청북도 충주시,43130,충청북도 충주시,,2024,2024-12-31,충북,충주시,80958,3282571,80784,3226028,73920,1773690,55927,151594,3984.8,3993.4,4054.7,187.25,0.6908
43150,충청북도 제천시,43150,충청북도 제천시,,2024,2024-12-31,충북,제천시,46512,1780418,46309,1740964,41943,942343,30961,76748,3743.0,3759.5,3827.9,165.01,0.6657
43720,충청북도 보은군,43720,충청북도 보은군,,2024,2024-12-31,충북,보은군,8874,321582,8836,314792,8039,168825,5822,13048,3547.4,3562.6,3623.9,147.04,0.6561
43730,충청북도 옥천군,43730,충청북도 옥천군,,2024,2024-12-31,충북,옥천군,15966,577110,15944,565336,14458,300517,10413,22253,3540.9,3545.8,3614.6,139.38,0.6522
43740,충청북도 영동군,43740,충청북도 영동군,,2024,2024-12-31,충북,영동군,12361,456574,12307,447083,11154,237454,8171,17632,3616.9,3632.8,3693.7,142.64,0.661
43745,충청북도 증평군,43745,충청북도 증평군,,2024,2024-12-31,충북,증평군,15865,613246,15845,602396,14538,320964,11046,22789,3797.0,3801.8,3865.4,143.64,0.6962
43750,충청북도 진천군,43750,충청북도 진천군,,2024,2024-12-31,충북,진천군,43832,1779218,43776,1750426,40707,969261,31904,74113,3993.5,3998.6,4059.2,169.08,0.7279
43760,충청북도 괴산군,43760,충청북도 괴산군,,2024,2024-12-31,충북,괴산군,10414,375021,10402,367564,9458,199106,6978,15445,3529.5,3533.6,3601.1,148.31,0.6701
43770,충청북도 음성군,43770,충청북도 음성군,,2024,2024-12-31,충북,음성군,47615,1789565,47517,1760945,44213,979334,34307,71885,3698.3,3705.9,3758.4,150.97,0.7205
43800,충청북도 단양군,43800,충청북도 단양군,,2024,2024-12-31,충북,단양군,8411,316163,8390,309312,7743,166136,5709,12820,3677.5,3686.7,3758.9,152.42,0.6788
44130,충청남도 천안시,44130,충청남도 천안시,parent_si_of_ilbangu_2026,2024,2024-12-31,충남,천안시,297957,13656651,296792,13425016,270550,7851776,209435,848297,4505.7,4523.4,4583.4,284.7,0.7029
44150,충청남도 공주시,44150,충청남도 공주시,,2024,2024-12-31,충남,공주시,33998,1239362,33935,1212435,30302,649144,21599,49708,3566.2,3572.8,3645.4,146.21,0.6353
44180,충청남도 보령시,44180,충청남도 보령시,,2024,2024-12-31,충남,보령시,32544,1255803,32491,1224862,29195,673884,21374,56828,3763.7,3769.9,3858.8,174.62,0.6568
44200,충청남도 아산시,44200,충청남도 아산시,,2024,2024-12-31,충남,아산시,162904,8010328,162484,7894180,149226,4704323,117640,538436,4845.9,4858.4,4917.2,330.52,0.7221
44210,충청남도 서산시,44210,충청남도 서산시,,2024,2024-12-31,충남,서산시,67997,3318716,67859,3266649,62625,1949302,49587,213773,4804.1,4813.9,4880.7,314.39,0.7293
44230,충청남도 논산시,44230,충청남도 논산시,,2024,2024-12-31,충남,논산시,36378,1294350,36302,1267359,32648,669883,23657,46863,3483.9,3491.2,3558.1,128.82,0.6503
44250,충청남도 계룡시,44250,충청남도 계룡시,,2024,2024-12-31,충남,계룡시,19344,926793,19304,907315,17673,512849,13566,49285,4690.4,4700.1,4791.1,254.78,0.7013
44270,충청남도 당진시,44270,충청남도 당진시,,2024,2024-12-31,충남,당진시,71433,3450528,71309,3400285,65775,2017880,52759,209867,4760.1,4768.4,4830.4,293.8,0.7386
44710,충청남도 금산군,44710,충청남도 금산군,,2024,2024-12-31,충남,금산군,14509,518418,14484,507833,12957,274104,9218,21457,3500.1,3506.2,3573.1,147.89,0.6353
44760,충청남도 부여군,44760,충청남도 부여군,,2024,2024-12-31,충남,부여군,16647,568986,16600,556317,14927,294317,10160,21473,3341.8,3351.3,3417.9,128.99,0.6103
44770,충청남도 서천군,44770,충청남도 서천군,,2024,2024-12-31,충남,서천군,14071,496959,14038,486238,12567,261473,8749,20160,3455.6,3463.7,3531.8,143.27,0.6218
44790,충청남도 청양군,44790,충청남도 청양군,,2024,2024-12-31,충남,청양군,8309,294679,8286,288566,7352,155007,5356,11758,3472.9,3482.6,3546.5,141.51,0.6446
44800,충청남도 홍성군,44800,충청남도 홍성군,,2024,2024-12-31,충남,홍성군,37283,1489037,37129,1454752,33815,789709,25430,64252,3901.9,3918.1,3993.9,172.34,0.6821
44810,충청남도 예산군,44810,충청남도 예산군,,2024,2024-12-31,충남,예산군,27326,1045876,27263,1024372,25017,557151,18900,42480,3748.7,3757.4,3827.4,155.46,0.6916
44825,충청남도 태안군,44825,충청남도 태안군,,2024,2024-12-31,충남,태안군,16699,650604,16664,633406,15036,350433,11110,30170,3793.1,3801.0,3896.1,180.67,0.6653
47110,경상북도 포항시,47110,경상북도 포항시,parent_si_of_ilbangu_2026,2024,2024-12-31,경북,포항시,180056,8610191,179473,8401481,164189,4895058,126694,535568,4666.0,4681.2,4782.0,297.45,0.7036
47130,경상북도 경주시,47130,경상북도 경주시,,2024,2024-12-31,경북,경주시,94052,3972526,93894,3901341,85544,2227391,64290,217861,4148.1,4155.0,4223.8,231.64,0.6836
47150,경상북도 김천시,47150,경상북도 김천시,,2024,2024-12-31,경북,김천시,46610,1922196,46424,1883944,42476,1045131,30922,92339,4041.9,4058.1,4124.0,198.11,0.6634
47170,경상북도 안동시,47170,경상북도 안동시,,2024,2024-12-31,경북,안동시,50791,1979156,50628,1932799,46003,1036826,34007,83842,3805.4,3817.6,3896.7,165.07,0.6695
47190,경상북도 구미시,47190,경상북도 구미시,,2024,2024-12-31,경북,구미시,164735,7505872,164392,7404182,150912,4273693,115238,441155,4494.6,4504.0,4556.3,267.8,0.6995
47210,경상북도 영주시,47210,경상북도 영주시,,2024,2024-12-31,경북,영주시,29539,1153927,29344,1128785,26554,611814,19531,50290,3821.3,3846.7,3906.5,170.25,0.6612
47230,경상북도 영천시,47230,경상북도 영천시,,2024,2024-12-31,경북,영천시,31945,1163949,31833,1140450,28827,613517,20765,48111,3570.0,3582.6,3643.6,150.61,0.65
47250,경상북도 상주시,47250,경상북도 상주시,,2024,2024-12-31,경북,상주시,24962,897848,24897,878852,22705,461812,15668,34379,3520.8,3530.0,3596.9,137.73,0.6277
47280,경상북도 문경시,47280,경상북도 문경시,,2024,2024-12-31,경북,문경시,20076,718058,20003,703927,18146,372465,12805,28710,3506.3,3519.1,3576.7,143.01,0.6378
47290,경상북도 경산시,47290,경상북도 경산시,,2024,2024-12-31,경북,경산시,101010,3648159,99805,3571868,89151,1870012,63262,143388,3536.2,3578.8,3611.7,141.95,0.6263
47730,경상북도 의성군,47730,경상북도 의성군,,2024,2024-12-31,경북,의성군,11311,385686,11290,376878,10165,197096,6981,13982,3332.0,3338.2,3409.8,123.61,0.6172
47750,경상북도 청송군,47750,경상북도 청송군,,2024,2024-12-31,경북,청송군,5865,196211,5850,191324,5058,99923,3500,7184,3262.1,3270.5,3345.5,122.49,0.5968
47760,경상북도 영양군,47760,경상북도 영양군,,2024,2024-12-31,경북,영양군,3610,136245,3600,132762,3311,70154,2429,5065,3677.6,3687.8,3774.1,140.3,0.6729
47770,경상북도 영덕군,47770,경상북도 영덕군,,2024,2024-12-31,경북,영덕군,7824,273774,7802,267007,7043,139322,5011,9952,3412.7,3422.3,3499.2,127.2,0.6405
47820,경상북도 청도군,47820,경상북도 청도군,,2024,2024-12-31,경북,청도군,10626,374813,10601,366643,9538,197961,6540,18044,3450.4,3458.6,3527.3,169.81,0.6155
47830,경상북도 고령군,47830,경상북도 고령군,,2024,2024-12-31,경북,고령군,9645,335176,9629,329078,8794,174167,6267,12218,3411.9,3417.6,3475.1,126.68,0.6498
47840,경상북도 성주군,47840,경상북도 성주군,,2024,2024-12-31,경북,성주군,10968,394136,10935,386141,9942,209642,7245,16393,3520.6,3531.2,3593.5,149.46,0.6606
47850,경상북도 칠곡군,47850,경상북도 칠곡군,,2024,2024-12-31,경북,칠곡군,40501,1549652,40397,1524123,37009,830754,27279,68352,3763.2,3772.9,3826.2,168.77,0.6735
47900,경상북도 예천군,47900,경상북도 예천군,,2024,2024-12-31,경북,예천군,16394,693297,16355,676730,14967,364802,11269,30311,4127.9,4137.8,4229.0,184.89,0.6874
47920,경상북도 봉화군,47920,경상북도 봉화군,,2024,2024-12-31,경북,봉화군,6514,237237,6486,231387,5954,122786,4277,9254,3552.1,3567.5,3642.0,142.06,0.6566
47930,경상북도 울진군,47930,경상북도 울진군,,2024,2024-12-31,경북,울진군,14620,670419,14584,650689,13410,377452,10327,37495,4450.7,4461.7,4585.6,256.46,0.7064
47940,경상북도 울릉군,47940,경상북도 울릉군,,2024,2024-12-31,경북,울릉군,3423,152385,3418,147927,3190,83614,2546,7264,4321.6,4327.9,4451.8,212.21,0.7438
48120,경상남도 창원시,48120,경상남도 창원시,parent_si_of_ilbangu_2026,2024,2024-12-31,경남,창원시,412608,18638010,412011,18298322,376743,10503795,285448,1094376,4434.8,4441.2,4517.1,265.23,0.6918
48170,경상남도 진주시,48170,경상남도 진주시,,2024,2024-12-31,경남,진주시,128449,5468875,128323,5352212,115978,2987195,85158,289692,4166.8,4170.9,4257.6,225.53,0.663
48220,경상남도 통영시,48220,경상남도 통영시,,2024,2024-12-31,경남,통영시,35804,1270357,35681,1238940,31514,645331,21930,47565,3460.3,3472.3,3548.1,132.85,0.6125
48240,경상남도 사천시,48240,경상남도 사천시,,2024,2024-12-31,경남,사천시,41079,1740092,41033,1707617,37308,966834,27916,91118,4156.9,4161.6,4236.0,221.81,0.6796
48250,경상남도 김해시,48250,경상남도 김해시,,2024,2024-12-31,경남,김해시,231187,9441171,230498,9279480,209459,5115071,155488,457947,4013.8,4025.8,4083.8,198.09,0.6726
48270,경상남도 밀양시,48270,경상남도 밀양시,,2024,2024-12-31,경남,밀양시,32838,1188998,32783,1166988,29519,628385,21103,50128,3553.8,3559.7,3620.8,152.65,0.6426
48310,경상남도 거제시,48310,경상남도 거제시,,2024,2024-12-31,경남,거제시,95813,4240457,95597,4184441,86529,2410471,65118,228453,4367.3,4377.2,4425.8,238.44,0.6796
48330,경상남도 양산시,48330,경상남도 양산시,,2024,2024-12-31,경남,양산시,146181,5832733,145756,5715703,132197,3069196,96473,256055,3910.0,3921.4,3990.1,175.16,0.66
48720,경상남도 의령군,48720,경상남도 의령군,,2024,2024-12-31,경남,의령군,7112,262676,7094,257355,6456,139156,4684,10456,3618.6,3627.8,3693.4,147.02,0.6586
48730,경상남도 함안군,48730,경상남도 함안군,,2024,2024-12-31,경남,함안군,22485,860217,22453,845381,20625,468786,15424,38896,3759.8,3765.1,3825.7,172.99,0.686
48740,경상남도 창녕군,48740,경상남도 창녕군,,2024,2024-12-31,경남,창녕군,17332,616868,17301,605981,15781,326456,11473,23846,3496.3,3502.6,3559.1,137.58,0.662
48820,경상남도 고성군,48820,경상남도 고성군,,2024,2024-12-31,경남,고성군,13895,493831,13863,483695,12566,257075,8708,19374,3481.1,3489.1,3554.0,139.43,0.6267
48840,경상남도 남해군,48840,경상남도 남해군,,2024,2024-12-31,경남,남해군,10491,358335,10475,348762,9363,182033,6355,13887,3324.4,3329.5,3415.6,132.37,0.6058
48850,경상남도 하동군,48850,경상남도 하동군,,2024,2024-12-31,경남,하동군,10185,359509,10159,350634,9128,186739,6378,14149,3442.7,3451.5,3529.8,138.92,0.6262
48860,경상남도 산청군,48860,경상남도 산청군,,2024,2024-12-31,경남,산청군,8793,301362,8773,295147,7827,158121,5463,12608,3356.6,3364.3,3427.3,143.39,0.6213
48870,경상남도 함양군,48870,경상남도 함양군,,2024,2024-12-31,경남,함양군,9750,348680,9729,341539,8803,181608,6227,13772,3503.0,3510.5,3576.2,141.25,0.6387
48880,경상남도 거창군,48880,경상남도 거창군,,2024,2024-12-31,경남,거창군,17876,667681,17844,653340,16119,345771,11448,26514,3654.8,3661.4,3735.1,148.32,0.6404
48890,경상남도 합천군,48890,경상남도 합천군,,2024,2024-12-31,경남,합천군,10156,358721,10136,351249,9311,185852,6616,13188,3458.5,3465.4,3532.1,129.85,0.6514
50110,제주특별자치도 제주시,50110,제주특별자치도 제주시,,2024,2024-12-31,제주,제주시,185520,7201846,185321,7006439,167216,3773071,120754,334207,3776.6,3780.7,3882.0,180.15,0.6509
50130,제주특별자치도 서귀포시,50130,제주특별자치도 서귀포시,,2024,2024-12-31,제주,서귀포시,59507,2246622,59427,2189303,53297,1201209,37984,120847,3679.1,3684.0,3775.4,203.08,0.6383
51110,강원특별자치도 춘천시,51110,강원특별자치도 춘천시,,2024,2024-12-31,강원,춘천시,113151,4555737,112954,4448296,102219,2404727,75372,206467,3931.3,3938.1,4026.2,182.47,0.6661
51130,강원특별자치도 원주시,51130,강원특별자치도 원주시,,2024,2024-12-31,강원,원주시,146635,5943326,146448,5802893,132597,3165159,98140,278632,3957.4,3962.4,4053.1,190.02,0.6693
51150,강원특별자치도 강릉시,51150,강원특별자치도 강릉시,,2024,2024-12-31,강원,강릉시,75632,2945400,75430,2876140,68109,1558646,49916,138057,3802.8,3813.0,3894.4,182.54,0.66
51170,강원특별자치도 동해시,51170,강원특별자치도 동해시,,2024,2024-12-31,강원,동해시,31503,1335109,31429,1299319,28796,713929,22212,62334,4124.4,4134.1,4238.0,197.87,0.7051
51190,강원특별자치도 태백시,51190,강원특별자치도 태백시,,2024,2024-12-31,강원,태백시,14210,566103,14184,548761,12918,297039,9507,23554,3861.8,3868.9,3983.8,165.76,0.669
51210,강원특별자치도 속초시,51210,강원특별자치도 속초시,,2024,2024-12-31,강원,속초시,30098,1101719,30065,1075751,27244,560847,19980,43858,3574.2,3578.1,3660.4,145.72,0.6638
51230,강원특별자치도 삼척시,51230,강원특별자치도 삼척시,,2024,2024-12-31,강원,삼척시,20828,856111,20799,833967,18817,461600,13900,41626,4004.1,4009.6,4110.4,199.86,0.6674
51720,강원특별자치도 홍천군,51720,강원특별자치도 홍천군,,2024,2024-12-31,강원,홍천군,21012,765364,20981,750431,18915,397322,13802,30919,3571.4,3576.7,3642.5,147.15,0.6569
51730,강원특별자치도 횡성군,51730,강원특별자치도 횡성군,,2024,2024-12-31,강원,횡성군,13981,497234,13963,486424,12574,259531,9016,21340,3479.2,3483.7,3556.5,152.64,0.6449
51750,강원특별자치도 영월군,51750,강원특별자치도 영월군,,2024,2024-12-31,강원,영월군,11295,444648,11271,433061,10224,236109,7638,19619,3834.1,3842.3,3936.7,173.7,0.6762
51760,강원특별자치도 평창군,51760,강원특별자치도 평창군,,2024,2024-12-31,강원,평창군,11601,429268,11580,420107,10301,227962,7505,20443,3621.3,3627.9,3700.3,176.22,0.6469
51770,강원특별자치도 정선군,51770,강원특별자치도 정선군,,2024,2024-12-31,강원,정선군,11094,424167,11070,412144,10020,219880,7469,15877,3715.0,3723.1,3823.4,143.11,0.6732
51780,강원특별자치도 철원군,51780,강원특별자치도 철원군,,2024,2024-12-31,강원,철원군,13315,520204,13273,509648,12210,268274,9416,20123,3827.6,3839.7,3906.9,151.13,0.7072
51790,강원특별자치도 화천군,51790,강원특별자치도 화천군,,2024,2024-12-31,강원,화천군,8482,331517,8466,325677,7599,173068,6110,12710,3839.6,3846.9,3908.5,149.85,0.7203
51800,강원특별자치도 양구군,51800,강원특별자치도 양구군,,2024,2024-12-31,강원,양구군,7373,295070,7352,289252,6779,154630,5261,11921,3923.1,3934.3,4002.0,161.68,0.7135
51810,강원특별자치도 인제군,51810,강원특별자치도 인제군,,2024,2024-12-31,강원,인제군,12057,499076,12041,489529,11158,261386,8921,20448,4060.1,4065.5,4139.3,169.59,0.7399
51820,강원특별자치도 고성군,51820,강원특별자치도 고성군,,2024,2024-12-31,강원,고성군,8833,323184,8820,316267,8046,166344,5950,12405,3580.5,3585.8,3658.8,140.44,0.6736
51830,강원특별자치도 양양군,51830,강원특별자치도 양양군,,2024,2024-12-31,강원,양양군,8271,306274,8257,298832,7461,159658,5528,12753,3613.0,3619.1,3703.0,154.19,0.6684
52110,전북특별자치도 전주시,52110,전북특별자치도 전주시,parent_si_of_ilbangu_2026,2024,2024-12-31,전북,전주시,248191,10516999,247435,10288682,224317,5759698,163110,563357,4145.5,4158.1,4237.5,226.99,0.6572
52130,전북특별자치도 군산시,52130,전북특별자치도 군산시,,2024,2024-12-31,전북,군산시,96897,3919992,96722,3845245,88065,2115639,64318,182200,3968.4,3975.6,4045.5,188.03,0.6638
52140,전북특별자치도 익산시,52140,전북특별자치도 익산시,,2024,2024-12-31,전북,익산시,98807,3753060,98256,3677447,88569,1977763,63011,163005,3721.8,3742.7,3798.4,164.97,0.6377
52180,전북특별자치도 정읍시,52180,전북특별자치도 정읍시,,2024,2024-12-31,전북,정읍시,33817,1172188,33732,1146853,30501,595342,20705,41351,3391.4,3399.9,3466.3,122.28,0.6123
52190,전북특별자치도 남원시,52190,전북특별자치도 남원시,,2024,2024-12-31,전북,남원시,23354,815372,23275,797437,21130,412981,14202,30413,3414.6,3426.2,3491.4,130.23,0.6081
52210,전북특별자치도 김제시,52210,전북특별자치도 김제시,,2024,2024-12-31,전북,김제시,26273,901572,26207,882256,23542,460739,16406,31602,3358.0,3366.5,3431.6,120.28,0.6244
52710,전북특별자치도 완주군,52710,전북특별자치도 완주군,,2024,2024-12-31,전북,완주군,37504,1501629,37375,1473030,34132,805947,24388,69771,3927.7,3941.2,4003.9,186.04,0.6503
52720,전북특별자치도 진안군,52720,전북특별자치도 진안군,,2024,2024-12-31,전북,진안군,6815,242211,6787,236579,6141,125546,4258,9410,3471.4,3485.8,3554.1,138.08,0.6248
52730,전북특별자치도 무주군,52730,전북특별자치도 무주군,,2024,2024-12-31,전북,무주군,6555,233910,6540,228036,5825,119879,4051,8819,3478.8,3486.8,3568.4,134.54,0.618
52740,전북특별자치도 장수군,52740,전북특별자치도 장수군,,2024,2024-12-31,전북,장수군,5541,194667,5524,190269,4939,99459,3451,6988,3433.8,3444.4,3513.2,126.11,0.6228
52750,전북특별자치도 임실군,52750,전북특별자치도 임실군,,2024,2024-12-31,전북,임실군,7253,252137,7234,246728,6545,128910,4460,9011,3401.7,3410.7,3476.3,124.24,0.6149
52770,전북특별자치도 순창군,52770,전북특별자치도 순창군,,2024,2024-12-31,전북,순창군,8298,282072,8267,276228,7321,143364,4764,10177,3328.9,3341.3,3399.3,122.64,0.5741
52790,전북특별자치도 고창군,52790,전북특별자치도 고창군,,2024,2024-12-31,전북,고창군,13831,487929,13793,477191,12374,251707,8510,18899,3450.2,3459.7,3527.8,136.64,0.6153
52800,전북특별자치도 부안군,52800,전북특별자치도 부안군,,2024,2024-12-31,전북,부안군,13380,451515,13339,441074,12020,226477,8046,15363,3296.5,3306.6,3374.6,114.82,0.6013
