sido_cd,sido_cd_ref,sido,map_note,year,ref_date,level,src_name,fiscal_independence_pct,fiscal_autonomy_pct,own_revenue_thou_krw,local_tax_thou_krw,non_tax_revenue_thou_krw,grants_autonomous_thou_krw,autonomous_revenue_thou_krw,gen_acct_budget_thou_krw,rate_basis
,,전국,,2025,2025-01-01,전국계,전국계,43.18,64.87,121378344131,107698254515,13680089616,60978003013,182356347144,281115552539,순계예산규모 기준
11,11,서울,,2025,2025-01-01,시도계,서울계,73.62,74.67,28384096152,25733363783,2650732369,403391618,28787487770,38555239000,순계예산규모 기준
11,11,서울,,2025,2025-01-01,본청,서울본청,75.44,75.7,24638217474,23154165000,1484052474,86811743,24725029217,32660564924,총계예산규모 기준(광역 본청)
11,11,서울,,2025,2025-01-01,소계,서울구계,26.48,44.1,6145020042,4338346783,1806673259,4089470898,10234490940,23206433825,단체유형별 소계(구계/시계/군계)
26,26,부산,,2025,2025-01-01,시도계,부산계,42.73,55.53,6547230496,6082937237,464293259,1961074119,8508304615,15321114398,순계예산규모 기준
26,26,부산,,2025,2025-01-01,본청,부산본청,38.38,50.59,4958610532,4729288000,229322532,1577574080,6536184612,12920237682,총계예산규모 기준(광역 본청)
26,26,부산,,2025,2025-01-01,소계,부산구계,17.79,29.99,1485046289,1186809237,298237052,1018420305,2503466594,8347874830,단체유형별 소계(구계/시계/군계)
26,26,부산,,2025,2025-01-01,소계,부산군계,28.06,52.06,203377347,166840000,36537347,174008000,377385347,724916985,단체유형별 소계(구계/시계/군계)
27,27,대구,,2025,2025-01-01,시도계,대구계,41.91,59.95,4371377968,4025723111,345654857,1881954252,6253332220,10430467521,순계예산규모 기준
27,27,대구,,2025,2025-01-01,본청,대구본청,38.18,54.28,3247795518,3090200000,157595518,1369256313,4617051831,8506658000,총계예산규모 기준(광역 본청)
27,27,대구,,2025,2025-01-01,소계,대구구계,17.1,28.91,905375307,700308111,205067196,625404567,1530779874,5294697794,단체유형별 소계(구계/시계/군계)
27,27,대구,,2025,2025-01-01,소계,대구군계,21.85,51.23,295707145,235215000,60492145,397655939,693363084,1353300000,단체유형별 소계(구계/시계/군계)
28,28,인천,,2025,2025-01-01,시도계,인천계,49.17,60.33,6478149396,5658499635,819649761,1470334858,7948484254,13175426952,순계예산규모 기준
28,28,인천,,2025,2025-01-01,본청,인천본청,46.36,54.7,4980712459,4478881000,501831459,895517160,5876229619,10742489635,총계예산규모 기준(광역 본청)
28,28,인천,,2025,2025-01-01,소계,인천구계,21.15,33.19,1522378087,1104218810,418159277,866345215,2388723302,7196897046,단체유형별 소계(구계/시계/군계)
28,28,인천,,2025,2025-01-01,소계,인천군계,11.2,52.4,124136825,75399825,48737000,456527840,580664665,1108077850,단체유형별 소계(구계/시계/군계)
12,29,광주,sido merged 2026-07-01 -> 12 전남광주통합특별시,2025,2025-01-01,시도계,광주계,39.75,58.3,2700951499,2466382631,234568868,1260642752,3961594251,6794643012,순계예산규모 기준
12,29,광주,sido merged 2026-07-01 -> 12 전남광주통합특별시,2025,2025-01-01,본청,광주본청,35.53,54.61,2169393207,2046702000,122691207,1164834652,3334227859,6105731002,총계예산규모 기준(광역 본청)
12,29,광주,sido merged 2026-07-01 -> 12 전남광주통합특별시,2025,2025-01-01,소계,광주구계,15.61,29.37,571304974,419680631,151624343,503610081,1074915055,3660283512,단체유형별 소계(구계/시계/군계)
30,30,대전,,2025,2025-01-01,시도계,대전계,41.06,59.8,2543648011,2318707529,224940482,1160949342,3704597353,6194683060,순계예산규모 기준
30,30,대전,,2025,2025-01-01,본청,대전본청,36.78,56.34,1987195193,1851926903,135268290,1056749342,3043944535,5402641000,총계예산규모 기준(광역 본청)
30,30,대전,,2025,2025-01-01,소계,대전구계,15.84,27.58,591991257,466780626,125210631,438620076,1030611333,3736942276,단체유형별 소계(구계/시계/군계)
31,31,울산,,2025,2025-01-01,시도계,울산계,46.07,66.16,2517113097,2237770000,279343097,1097550591,3614663688,5463749388,순계예산규모 기준
31,31,울산,,2025,2025-01-01,본청,울산본청,41.04,60.7,1688040737,1572069000,115971737,808299000,2496339737,4112798502,총계예산규모 기준(광역 본청)
31,31,울산,,2025,2025-01-01,소계,울산구계,20.9,35.93,431593858,336920000,94673858,310341025,741934883,2064796253,단체유형별 소계(구계/시계/군계)
31,31,울산,,2025,2025-01-01,소계,울산군계,31.75,53.86,371693000,328781000,42912000,258865000,630558000,1170772723,단체유형별 소계(구계/시계/군계)
36,36,세종,,2025,2025-01-01,시도계,세종계,54.3,62.33,868267405,799653476,68613929,128414000,996681405,1598942816,순계예산규모 기준
36,36,세종,,2025,2025-01-01,본청,세종본청,54.31,62.34,868357405,799653476,68703929,128414000,996771405,1599032816,총계예산규모 기준(광역 본청)
41,41,경기,,2025,2025-01-01,시도계,경기계,55.72,63.17,31089442446,27393832812,3695609634,4158045339,35247487785,55796918368,순계예산규모 기준
41,41,경기,,2025,2025-01-01,본청,경기본청,45.36,45.56,14732494889,13843400000,889094889,64927384,14797422273,32477705693,총계예산규모 기준(광역 본청)
41,41,경기,,2025,2025-01-01,소계,경기도시계,36.71,54.31,15653734022,13333109812,2320624210,7506222736,23159956758,42643201092,단체유형별 소계(구계/시계/군계)
41,41,경기,,2025,2025-01-01,소계,경기도군계,16.65,60.88,300151729,217323000,82828729,797128000,1097279729,1802230412,단체유형별 소계(구계/시계/군계)
51,51,강원,,2025,2025-01-01,시도계,강원계,25.72,70.6,3629778376,2897005110,732773266,6336040512,9965818888,14115341162,순계예산규모 기준
51,51,강원,,2025,2025-01-01,본청,강원본청,28.19,44.13,1913581300,1805400000,108181300,1081796030,2995377330,6787600000,총계예산규모 기준(광역 본청)
51,51,강원,,2025,2025-01-01,소계,강원도시계,17.23,58.07,1072943212,747499972,325443240,2543515485,3616458697,6227994430,단체유형별 소계(구계/시계/군계)
51,51,강원,,2025,2025-01-01,소계,강원도군계,11.49,65.9,629965698,344105138,285860560,2983505301,3613470999,5483399275,단체유형별 소계(구계/시계/군계)
43,43,충북,,2025,2025-01-01,시도계,충북계,31.83,64.6,3632494058,3234234069,398259989,3740594110,7373088168,11413642373,순계예산규모 기준
43,43,충북,,2025,2025-01-01,본청,충북본청,28.76,42.18,1803693825,1717784000,85909825,841179292,2644873117,6270453414,총계예산규모 기준(광역 본청)
43,43,충북,,2025,2025-01-01,소계,충청북도시계,23.6,54.55,1264281062,1051738123,212542939,1657906850,2922187912,5356569706,단체유형별 소계(구계/시계/군계)
43,43,충북,,2025,2025-01-01,소계,충청북도군계,16.11,59.14,631558094,464711946,166846148,1686370548,2317928642,3919095152,단체유형별 소계(구계/시계/군계)
44,44,충남,,2025,2025-01-01,시도계,충남계,32.22,63.74,5502476585,4906912528,595564057,5382506299,10884982884,17076183308,순계예산규모 기준
44,44,충남,,2025,2025-01-01,본청,충남본청,31.64,41.76,2983515931,2835600000,147915931,954560000,3938075931,9430900000,총계예산규모 기준(광역 본청)
44,44,충남,,2025,2025-01-01,소계,충청남도시계,22.93,55.9,2048438445,1711267000,337171445,2945545050,4993983495,8933490698,단체유형별 소계(구계/시계/군계)
44,44,충남,,2025,2025-01-01,소계,충청남도군계,11.22,52.75,546987685,360045528,186942157,2023752185,2570739870,4873793318,단체유형별 소계(구계/시계/군계)
52,52,전북,,2025,2025-01-01,시도계,전북계,23.64,61.87,3724601458,3228238209,496363249,6022849741,9747451199,15755911873,순계예산규모 기준
52,52,전북,,2025,2025-01-01,본청,전북본청,22.93,36.5,1973312586,1901267000,72045586,1167964273,3141276859,8606731077,총계예산규모 기준(광역 본청)
52,52,전북,,2025,2025-01-01,소계,전라북도시계,15.31,50.82,1317565146,1029886831,287678315,3056939000,4374504146,8607722881,단체유형별 소계(구계/시계/군계)
52,52,전북,,2025,2025-01-01,소계,전라북도군계,9.95,55.6,476240967,297084378,179156589,2185011798,2661252765,4786110473,단체유형별 소계(구계/시계/군계)
12,46,전남,sido merged 2026-07-01 -> 12 전남광주통합특별시,2025,2025-01-01,시도계,전남계,23.66,64.8,4410314935,3823954349,586360586,7669153250,12079468185,18641016612,순계예산규모 기준
12,46,전남,sido merged 2026-07-01 -> 12 전남광주통합특별시,2025,2025-01-01,본청,전남본청,24.72,38.89,2419855192,2346000000,73855192,1386471272,3806326464,9788208899,총계예산규모 기준(광역 본청)
12,46,전남,sido merged 2026-07-01 -> 12 전남광주통합특별시,2025,2025-01-01,소계,전라남도시계,19.89,54.68,1080859278,854430836,226428442,1890672323,2971531601,5434490433,단체유형별 소계(구계/시계/군계)
12,46,전남,sido merged 2026-07-01 -> 12 전남광주통합특별시,2025,2025-01-01,소계,전라남도군계,9.76,57.59,960361574,623523513,336838061,4705393780,5665755354,9838348315,단체유형별 소계(구계/시계/군계)
47,47,경북,,2025,2025-01-01,시도계,경북계,24.35,65.56,5788005519,4981301026,806704493,9799232481,15587238000,23773956339,순계예산규모 기준
47,47,경북,,2025,2025-01-01,본청,경북본청,25.47,41.08,2910554425,2811000000,99554425,1783500000,4694054425,11426730000,총계예산규모 기준(광역 본청)
47,47,경북,,2025,2025-01-01,소계,경상북도시계,16.15,55.12,2271063035,1744355990,526707045,5480657500,7751720535,14063900000,단체유형별 소계(구계/시계/군계)
47,47,경북,,2025,2025-01-01,소계,경상북도군계,10.35,57.52,651674487,425945036,225729451,2970695455,3622369942,6297666265,단체유형별 소계(구계/시계/군계)
48,48,경남,,2025,2025-01-01,시도계,경남계,34.3,65.85,7195613045,6107796010,1087817035,6616501235,13812114280,20976630503,순계예산규모 기준
48,48,경남,,2025,2025-01-01,본청,경남본청,33.1,41.98,3533880679,3411798000,122082679,948225634,4482106313,10677489880,총계예산규모 기준(광역 본청)
48,48,경남,,2025,2025-01-01,소계,경상남도시계,23.62,54.58,2824821963,2285440500,539381463,3702525814,6527347777,11959309990,단체유형별 소계(구계/시계/군계)
48,48,경남,,2025,2025-01-01,소계,경상남도군계,10.65,55.14,656110584,410557510,245553074,2742403844,3398514428,6163048244,단체유형별 소계(구계/시계/군계)
50,50,제주,,2025,2025-01-01,시도계,제주계,33.07,64.39,1994783685,1801943000,192840685,1888768514,3883552199,6031685854,순계예산규모 기준
50,50,제주,,2025,2025-01-01,본청,제주본청,33.07,64.37,1994783685,1801943000,192840685,1888768514,3883552199,6032756725,총계예산규모 기준(광역 본청)
