sgg_cd,sgg_nm,sgg_cd_ref,sgg_nm_ref,map_note,year,ref_date,src_name,fiscal_independence_pct,fiscal_autonomy_pct,own_revenue_thou_krw,local_tax_thou_krw,non_tax_revenue_thou_krw,grants_autonomous_thou_krw,autonomous_revenue_thou_krw,gen_acct_budget_thou_krw,budget_basis
11110,서울특별시 종로구,11110,서울특별시 종로구,,2025,2025-01-01,서울종로구,39.84,55.0,215286906,152818949,62467957,81907166,297194072,540366255,"당초예산(일반회계, 총계), 세입과목 개편 후"
11140,서울특별시 중구,11140,서울특별시 중구,,2025,2025-01-01,서울중구,55.71,60.86,291847169,201305168,90542001,26972685,318819854,523877552,"당초예산(일반회계, 총계), 세입과목 개편 후"
11170,서울특별시 용산구,11170,서울특별시 용산구,,2025,2025-01-01,서울용산구,37.32,51.15,241230159,181370079,59860080,89399330,330629489,646413713,"당초예산(일반회계, 총계), 세입과목 개편 후"
11200,서울특별시 성동구,11200,서울특별시 성동구,,2025,2025-01-01,서울성동구,32.9,51.99,231676560,156952876,74723684,134452192,366128752,704262005,"당초예산(일반회계, 총계), 세입과목 개편 후"
11215,서울특별시 광진구,11215,서울특별시 광진구,,2025,2025-01-01,서울광진구,23.03,44.36,179222676,127565376,51657300,165975296,345197972,778239274,"당초예산(일반회계, 총계), 세입과목 개편 후"
11230,서울특별시 동대문구,11230,서울특별시 동대문구,,2025,2025-01-01,서울동대문구,20.29,44.15,179806228,125710346,54095882,211337947,391144175,886000000,"당초예산(일반회계, 총계), 세입과목 개편 후"
11260,서울특별시 중랑구,11260,서울특별시 중랑구,,2025,2025-01-01,서울중랑구,15.1,35.87,167361313,112717820,54643493,230076250,397437563,1108099000,"당초예산(일반회계, 총계), 세입과목 개편 후"
11290,서울특별시 성북구,11290,서울특별시 성북구,,2025,2025-01-01,서울성북구,17.0,38.17,180762032,127562337,53199695,225241033,406003065,1063571108,"당초예산(일반회계, 총계), 세입과목 개편 후"
11305,서울특별시 강북구,11305,서울특별시 강북구,,2025,2025-01-01,서울강북구,15.56,40.52,143770779,103504166,40266613,230676099,374446878,924011758,"당초예산(일반회계, 총계), 세입과목 개편 후"
11320,서울특별시 도봉구,11320,서울특별시 도봉구,,2025,2025-01-01,서울도봉구,16.76,43.21,142610791,103747377,38863414,224968379,367579170,850778840,"당초예산(일반회계, 총계), 세입과목 개편 후"
11350,서울특별시 노원구,11350,서울특별시 노원구,,2025,2025-01-01,서울노원구,16.55,39.45,211505767,125783113,85722654,292681078,504186845,1277967371,"당초예산(일반회계, 총계), 세입과목 개편 후"
11380,서울특별시 은평구,11380,서울특별시 은평구,,2025,2025-01-01,서울은평구,15.7,37.52,180223577,124733874,55489703,250537062,430760639,1148000000,"당초예산(일반회계, 총계), 세입과목 개편 후"
11410,서울특별시 서대문구,11410,서울특별시 서대문구,,2025,2025-01-01,서울서대문구,21.58,45.01,166495000,121021103,45473897,180834455,347329455,771629615,"당초예산(일반회계, 총계), 세입과목 개편 후"
11440,서울특별시 마포구,11440,서울특별시 마포구,,2025,2025-01-01,서울마포구,29.16,45.6,234798252,171255862,63542390,132412509,367210761,805280245,"당초예산(일반회계, 총계), 세입과목 개편 후"
11470,서울특별시 양천구,11470,서울특별시 양천구,,2025,2025-01-01,서울양천구,23.19,42.09,223789277,143116729,80672548,182382627,406171904,964940949,"당초예산(일반회계, 총계), 세입과목 개편 후"
11500,서울특별시 강서구,11500,서울특별시 강서구,,2025,2025-01-01,서울강서구,19.43,36.22,249530276,174959751,74570525,215574006,465104282,1284167534,"당초예산(일반회계, 총계), 세입과목 개편 후"
11530,서울특별시 구로구,11530,서울특별시 구로구,,2025,2025-01-01,서울구로구,19.61,41.39,191215701,130710696,60505005,212457954,403673655,975300000,"당초예산(일반회계, 총계), 세입과목 개편 후"
11545,서울특별시 금천구,11545,서울특별시 금천구,,2025,2025-01-01,서울금천구,21.59,42.97,160462188,118783004,41679184,158875691,319337879,743148273,"당초예산(일반회계, 총계), 세입과목 개편 후"
11560,서울특별시 영등포구,11560,서울특별시 영등포구,,2025,2025-01-01,서울영등포구,34.34,46.92,307706046,222098628,85607418,112709648,420415694,896061346,"당초예산(일반회계, 총계), 세입과목 개편 후"
11590,서울특별시 동작구,11590,서울특별시 동작구,,2025,2025-01-01,서울동작구,28.19,48.36,245231217,134958557,110272660,175460951,420692168,870000000,"당초예산(일반회계, 총계), 세입과목 개편 후"
11620,서울특별시 관악구,11620,서울특별시 관악구,,2025,2025-01-01,서울관악구,17.15,40.61,177402645,121996288,55406357,242760705,420163350,1034658409,"당초예산(일반회계, 총계), 세입과목 개편 후"
11650,서울특별시 서초구,11650,서울특별시 서초구,,2025,2025-01-01,서울서초구,52.62,55.0,445295241,340827890,104467351,20151584,465446825,846218978,"당초예산(일반회계, 총계), 세입과목 개편 후"
11680,서울특별시 강남구,11680,서울특별시 강남구,,2025,2025-01-01,서울강남구,54.8,56.63,727812172,571085521,156726651,24293303,752105475,1328077880,"당초예산(일반회계, 총계), 세입과목 개편 후"
11710,서울특별시 송파구,11710,서울특별시 송파구,,2025,2025-01-01,서울송파구,32.83,39.33,386711434,266415235,120296199,76462733,463174167,1177742526,"당초예산(일반회계, 총계), 세입과목 개편 후"
11740,서울특별시 강동구,11740,서울특별시 강동구,,2025,2025-01-01,서울강동구,24.89,42.94,263266636,177346038,85920598,190870215,454136851,1057621194,"당초예산(일반회계, 총계), 세입과목 개편 후"
12110,전남광주통합특별시 목포시,46110,전라남도 목포시,recoded 46110->12110,2025,2025-01-01,전남목포시,17.37,47.94,158675328,117850442,40824886,279136323,437811651,913311132,"당초예산(일반회계, 총계), 세입과목 개편 후"
12130,전남광주통합특별시 여수시,46130,전라남도 여수시,recoded 46130->12130,2025,2025-01-01,전남여수시,23.78,55.26,321255047,266146000,55109047,425226000,746481047,1350926489,"당초예산(일반회계, 총계), 세입과목 개편 후"
12150,전남광주통합특별시 순천시,46150,전라남도 순천시,recoded 46150->12150,2025,2025-01-01,전남순천시,19.48,57.75,250502463,184814000,65688463,492000000,742502463,1285726075,"당초예산(일반회계, 총계), 세입과목 개편 후"
12170,전남광주통합특별시 나주시,46170,전라남도 나주시,recoded 46170->12170,2025,2025-01-01,전남나주시,16.21,57.02,150206254,116470394,33735860,378000000,528206254,926383750,"당초예산(일반회계, 총계), 세입과목 개편 후"
12190,전남광주통합특별시 광양시,46230,전라남도 광양시,recoded 46230->12190,2025,2025-01-01,전남광양시,20.9,53.91,200220186,169150000,31070186,316310000,516530186,958142987,"당초예산(일반회계, 총계), 세입과목 개편 후"
12210,전남광주통합특별시 동구,29110,광주광역시 동구,recoded 29110->12210,2025,2025-01-01,광주동구,14.16,32.29,56909357,42236146,14673211,72855000,129764357,401853962,"당초예산(일반회계, 총계), 세입과목 개편 후"
12240,전남광주통합특별시 서구,29140,광주광역시 서구,recoded 29140->12240,2025,2025-01-01,광주서구,19.63,32.96,128321040,94043001,34278039,87214000,215535040,653841923,"당초예산(일반회계, 총계), 세입과목 개편 후"
12270,전남광주통합특별시 남구,29155,광주광역시 남구,recoded 29155->12270,2025,2025-01-01,광주남구,12.77,28.96,76390238,58408484,17981754,96814981,173205219,598109011,"당초예산(일반회계, 총계), 세입과목 개편 후"
12300,전남광주통합특별시 북구,29170,광주광역시 북구,recoded 29170->12300,2025,2025-01-01,광주북구,12.51,25.92,129350205,93788000,35562205,138558100,267908305,1033723945,"당초예산(일반회계, 총계), 세입과목 개편 후"
12330,전남광주통합특별시 광산구,29200,광주광역시 광산구,recoded 29200->12330,2025,2025-01-01,광주광산구,18.54,29.66,180334134,131205000,49129134,108168000,288502134,972754671,"당초예산(일반회계, 총계), 세입과목 개편 후"
12710,전남광주통합특별시 담양군,46710,전라남도 담양군,recoded 46710->12710,2025,2025-01-01,전남담양군,11.3,53.2,58582711,38250000,20332711,217148000,275730711,518309773,"당초예산(일반회계, 총계), 세입과목 개편 후"
12720,전남광주통합특별시 곡성군,46720,전라남도 곡성군,recoded 46720->12720,2025,2025-01-01,전남곡성군,8.89,61.8,39009120,26100000,12909120,232180000,271189120,438799247,"당초예산(일반회계, 총계), 세입과목 개편 후"
12730,전남광주통합특별시 구례군,46730,전라남도 구례군,recoded 46730->12730,2025,2025-01-01,전남구례군,7.66,57.7,26096427,16158200,9938227,170500000,196596427,340751000,"당초예산(일반회계, 총계), 세입과목 개편 후"
12740,전남광주통합특별시 고흥군,46770,전라남도 고흥군,recoded 46770->12740,2025,2025-01-01,전남고흥군,6.36,51.96,56222877,34130000,22092877,403412000,459634877,884642063,"당초예산(일반회계, 총계), 세입과목 개편 후"
12750,전남광주통합특별시 보성군,46780,전라남도 보성군,recoded 46780->12750,2025,2025-01-01,전남보성군,7.37,54.98,42118180,26388460,15729720,272003000,314121180,571380661,"당초예산(일반회계, 총계), 세입과목 개편 후"
12760,전남광주통합특별시 화순군,46790,전라남도 화순군,recoded 46790->12760,2025,2025-01-01,전남화순군,13.47,60.11,84795927,57422000,27373927,293573641,378369568,629452121,"당초예산(일반회계, 총계), 세입과목 개편 후"
12770,전남광주통합특별시 장흥군,46800,전라남도 장흥군,recoded 46800->12770,2025,2025-01-01,전남장흥군,8.51,54.6,44376840,26200000,18176840,240401458,284778298,521595057,"당초예산(일반회계, 총계), 세입과목 개편 후"
12780,전남광주통합특별시 강진군,46810,전라남도 강진군,recoded 46810->12780,2025,2025-01-01,전남강진군,8.47,59.12,39815344,24150000,15665344,238200000,278015344,470273649,"당초예산(일반회계, 총계), 세입과목 개편 후"
12790,전남광주통합특별시 해남군,46820,전라남도 해남군,recoded 46820->12790,2025,2025-01-01,전남해남군,7.82,54.81,68919201,47003198,21916003,414100000,483019201,881329705,"당초예산(일반회계, 총계), 세입과목 개편 후"
12800,전남광주통합특별시 영암군,46830,전라남도 영암군,recoded 46830->12800,2025,2025-01-01,전남영암군,12.08,58.87,78287654,62000000,16287654,303300000,381587654,648170539,"당초예산(일반회계, 총계), 세입과목 개편 후"
12810,전남광주통합특별시 무안군,46840,전라남도 무안군,recoded 46840->12810,2025,2025-01-01,전남무안군,14.27,59.81,84695911,64200000,20495911,270347419,355043330,593662663,"당초예산(일반회계, 총계), 세입과목 개편 후"
12820,전남광주통합특별시 함평군,46860,전라남도 함평군,recoded 46860->12820,2025,2025-01-01,전남함평군,8.54,53.15,41991657,27227637,14764020,219240000,261231657,491500772,"당초예산(일반회계, 총계), 세입과목 개편 후"
12830,전남광주통합특별시 영광군,46870,전라남도 영광군,recoded 46870->12830,2025,2025-01-01,전남영광군,11.93,59.04,71519650,47460000,24059650,282511417,354031067,599596292,"당초예산(일반회계, 총계), 세입과목 개편 후"
12840,전남광주통합특별시 장성군,46880,전라남도 장성군,recoded 46880->12840,2025,2025-01-01,전남장성군,17.63,61.34,99260019,43754000,55506019,246160913,345420932,563086325,"당초예산(일반회계, 총계), 세입과목 개편 후"
12850,전남광주통합특별시 완도군,46890,전라남도 완도군,recoded 46890->12850,2025,2025-01-01,전남완도군,7.21,60.54,42858124,27429000,15429124,317184877,360043001,594707994,"당초예산(일반회계, 총계), 세입과목 개편 후"
12860,전남광주통합특별시 진도군,46900,전라남도 진도군,recoded 46900->12860,2025,2025-01-01,전남진도군,8.68,58.08,37018415,19980000,17038415,210821255,247839670,426705509,"당초예산(일반회계, 총계), 세입과목 개편 후"
12870,전남광주통합특별시 신안군,46910,전라남도 신안군,recoded 46910->12870,2025,2025-01-01,전남신안군,6.74,63.08,44793517,35671018,9122499,374309800,419103317,664384945,"당초예산(일반회계, 총계), 세입과목 개편 후"
26110,부산광역시 중구,26110,부산광역시 중구,,2025,2025-01-01,부산중구,22.63,49.01,44187362,35762000,8425362,51520211,95707573,195272665,"당초예산(일반회계, 총계), 세입과목 개편 후"
26140,부산광역시 서구,26140,부산광역시 서구,,2025,2025-01-01,부산서구,12.41,30.9,51308875,36547000,14761875,76500000,127808875,413572889,"당초예산(일반회계, 총계), 세입과목 개편 후"
26170,부산광역시 동구,26170,부산광역시 동구,,2025,2025-01-01,부산동구,14.75,32.84,55639615,44625000,11014615,68240000,123879615,377184306,"당초예산(일반회계, 총계), 세입과목 개편 후"
26200,부산광역시 영도구,26200,부산광역시 영도구,,2025,2025-01-01,부산영도구,9.49,27.02,40712276,28004000,12708276,75252000,115964276,429100712,"당초예산(일반회계, 총계), 세입과목 개편 후"
26230,부산광역시 부산진구,26230,부산광역시 부산진구,,2025,2025-01-01,부산부산진구,17.7,25.07,152412059,123611000,28801059,63407000,215819059,860955283,"당초예산(일반회계, 총계), 세입과목 개편 후"
26260,부산광역시 동래구,26260,부산광역시 동래구,,2025,2025-01-01,부산동래구,18.07,28.06,104025336,82973000,21052336,57500000,161525336,575732155,"당초예산(일반회계, 총계), 세입과목 개편 후"
26290,부산광역시 남구,26290,부산광역시 남구,,2025,2025-01-01,부산남구,17.07,28.9,113692394,86975000,26717394,78709889,192402283,665858828,"당초예산(일반회계, 총계), 세입과목 개편 후"
26320,부산광역시 북구,26320,부산광역시 북구,,2025,2025-01-01,부산북구,9.88,23.41,68392347,53379000,15013347,93600000,161992347,691944623,"당초예산(일반회계, 총계), 세입과목 개편 후"
26350,부산광역시 해운대구,26350,부산광역시 해운대구,,2025,2025-01-01,부산해운대구,24.88,29.1,215594977,176758000,38836977,36565056,252160033,866592372,"당초예산(일반회계, 총계), 세입과목 개편 후"
26380,부산광역시 사하구,26380,부산광역시 사하구,,2025,2025-01-01,부산사하구,15.07,31.21,98020854,77310000,20710854,105025000,203045854,650481883,"당초예산(일반회계, 총계), 세입과목 개편 후"
26410,부산광역시 금정구,26410,부산광역시 금정구,,2025,2025-01-01,부산금정구,15.63,29.5,90235674,70140000,20095674,80091714,170327388,577345156,"당초예산(일반회계, 총계), 세입과목 개편 후"
26440,부산광역시 강서구,26440,부산광역시 강서구,,2025,2025-01-01,부산강서구,39.58,47.97,192803250,158437387,34365863,40900000,233703250,487158985,"당초예산(일반회계, 총계), 세입과목 개편 후"
26470,부산광역시 연제구,26470,부산광역시 연제구,,2025,2025-01-01,부산연제구,17.5,29.2,87936239,71004000,16932239,58788000,146724239,502409877,"당초예산(일반회계, 총계), 세입과목 개편 후"
26500,부산광역시 수영구,26500,부산광역시 수영구,,2025,2025-01-01,부산수영구,16.33,29.98,77873402,64990850,12882552,65073039,142946441,476740501,"당초예산(일반회계, 총계), 세입과목 개편 후"
26530,부산광역시 사상구,26530,부산광역시 사상구,,2025,2025-01-01,부산사상구,15.97,27.61,92211629,76293000,15918629,67248396,159460025,577524595,"당초예산(일반회계, 총계), 세입과목 개편 후"
26710,부산광역시 기장군,26710,부산광역시 기장군,,2025,2025-01-01,부산기장군,28.06,52.06,203377347,166840000,36537347,174008000,377385347,724916985,"당초예산(일반회계, 총계), 세입과목 개편 후"
27110,대구광역시 중구,27110,대구광역시 중구,,2025,2025-01-01,대구중구,25.84,41.82,86583212,66482111,20101101,53568417,140151629,335100000,"당초예산(일반회계, 총계), 세입과목 개편 후"
27140,대구광역시 동구,27140,대구광역시 동구,,2025,2025-01-01,대구동구,14.38,25.83,137213216,105477000,31736216,109285797,246499013,954400000,"당초예산(일반회계, 총계), 세입과목 개편 후"
27170,대구광역시 서구,27170,대구광역시 서구,,2025,2025-01-01,대구서구,12.52,28.03,74101667,56485000,17616667,91808712,165910379,592000000,"당초예산(일반회계, 총계), 세입과목 개편 후"
27200,대구광역시 남구,27200,대구광역시 남구,,2025,2025-01-01,대구남구,10.08,26.14,52377005,40157000,12220005,83441348,135818353,519491718,"당초예산(일반회계, 총계), 세입과목 개편 후"
27230,대구광역시 북구,27230,대구광역시 북구,,2025,2025-01-01,대구북구,15.96,27.83,148711297,111321000,37390297,110594701,259305998,931900000,"당초예산(일반회계, 총계), 세입과목 개편 후"
27260,대구광역시 수성구,27260,대구광역시 수성구,,2025,2025-01-01,대구수성구,24.11,32.35,204860712,162272000,42588712,70060138,274920850,849840000,"당초예산(일반회계, 총계), 세입과목 개편 후"
27290,대구광역시 달서구,27290,대구광역시 달서구,,2025,2025-01-01,대구달서구,18.12,27.71,201528198,158114000,43414198,106645454,308173652,1111966076,"당초예산(일반회계, 총계), 세입과목 개편 후"
27710,대구광역시 달성군,27710,대구광역시 달성군,,2025,2025-01-01,대구달성군,26.95,45.21,256804699,213325000,43479699,174000000,430804699,953000000,"당초예산(일반회계, 총계), 세입과목 개편 후"
27720,대구광역시 군위군,27720,대구광역시 군위군,,2025,2025-01-01,대구군위군,9.72,65.59,38902446,21890000,17012446,223655939,262558385,400300000,"당초예산(일반회계, 총계), 세입과목 개편 후"
28110,인천광역시 중구,28110,인천광역시 중구,split_2026-07-01: 인천 중구+동구 -> 제물포구(28125)+영종구(28155); no 1:1 successor,2025,2025-01-01,인천중구,42.07,48.03,240477034,172376000,68101034,34020670,274497704,571555432,"당초예산(일반회계, 총계), 세입과목 개편 후"
28140,인천광역시 동구,28140,인천광역시 동구,split_2026-07-01: 인천 중구+동구 -> 제물포구(28125)+영종구(28155); no 1:1 successor,2025,2025-01-01,인천동구,12.77,40.4,43678447,26561000,17117447,94506000,138184447,342046061,"당초예산(일반회계, 총계), 세입과목 개편 후"
28177,인천광역시 미추홀구,28177,인천광역시 미추홀구,,2025,2025-01-01,인천미추홀구,13.23,28.35,137525288,95760000,41765288,157171251,294696539,1039560971,"당초예산(일반회계, 총계), 세입과목 개편 후"
28185,인천광역시 연수구,28185,인천광역시 연수구,,2025,2025-01-01,인천연수구,29.9,37.7,250359387,195807553,54551834,65338022,315697409,837328329,"당초예산(일반회계, 총계), 세입과목 개편 후"
28200,인천광역시 남동구,28200,인천광역시 남동구,,2025,2025-01-01,인천남동구,16.78,28.22,202417813,146867000,55550813,137941560,340359373,1205985393,"당초예산(일반회계, 총계), 세입과목 개편 후"
28237,인천광역시 부평구,28237,인천광역시 부평구,,2025,2025-01-01,인천부평구,15.65,28.63,185308366,121501461,63806905,153626855,338935221,1183872266,"당초예산(일반회계, 총계), 세입과목 개편 후"
28245,인천광역시 계양구,28245,인천광역시 계양구,,2025,2025-01-01,인천계양구,14.58,33.68,104210561,67070199,37140362,136498999,240709560,714672974,"당초예산(일반회계, 총계), 세입과목 개편 후"
28260,인천광역시 서구,28260,인천광역시 서구,split_2026-07-01: 인천 서구 -> 서해구(28275)+검단구(28290); no 1:1 successor,2025,2025-01-01,인천서구,27.53,34.23,358401191,278275597,80125594,87241858,445643049,1301875620,"당초예산(일반회계, 총계), 세입과목 개편 후"
28710,인천광역시 강화군,28710,인천광역시 강화군,,2025,2025-01-01,인천강화군,11.96,53.66,79960807,50538825,29421982,278827840,358788647,668654974,"당초예산(일반회계, 총계), 세입과목 개편 후"
28720,인천광역시 옹진군,28720,인천광역시 옹진군,,2025,2025-01-01,인천옹진군,10.05,50.49,44176018,24861000,19315018,177700000,221876018,439422876,"당초예산(일반회계, 총계), 세입과목 개편 후"
30110,대전광역시 동구,30110,대전광역시 동구,,2025,2025-01-01,대전동구,9.88,24.46,70719794,54822000,15897794,104406000,175125794,716101532,"당초예산(일반회계, 총계), 세입과목 개편 후"
30140,대전광역시 중구,30140,대전광역시 중구,,2025,2025-01-01,대전중구,12.02,26.86,81661211,62273300,19387911,100766000,182427211,679123588,"당초예산(일반회계, 총계), 세입과목 개편 후"
30170,대전광역시 서구,30170,대전광역시 서구,,2025,2025-01-01,대전서구,16.28,26.26,161026993,126232326,34794667,98765000,259791993,989249000,"당초예산(일반회계, 총계), 세입과목 개편 후"
30200,대전광역시 유성구,30200,대전광역시 유성구,,2025,2025-01-01,대전유성구,25.73,31.48,201910940,161703000,40207940,45140000,247050940,784868156,"당초예산(일반회계, 총계), 세입과목 개편 후"
30230,대전광역시 대덕구,30230,대전광역시 대덕구,,2025,2025-01-01,대전대덕구,13.51,29.28,76672319,61750000,14922319,89543076,166215395,567600000,"당초예산(일반회계, 총계), 세입과목 개편 후"
31110,울산광역시 중구,31110,울산광역시 중구,,2025,2025-01-01,울산중구,14.59,33.08,73303659,53325000,19978659,92930014,166233673,502540605,"당초예산(일반회계, 총계), 세입과목 개편 후"
31140,울산광역시 남구,31140,울산광역시 남구,,2025,2025-01-01,울산남구,25.92,36.34,173169466,138550000,34619466,69668080,242837546,668203907,"당초예산(일반회계, 총계), 세입과목 개편 후"
31170,울산광역시 동구,31170,울산광역시 동구,,2025,2025-01-01,울산동구,16.25,35.29,65018887,50185000,14833887,76157931,141176818,400016816,"당초예산(일반회계, 총계), 세입과목 개편 후"
31200,울산광역시 북구,31200,울산광역시 북구,,2025,2025-01-01,울산북구,24.31,38.8,120101846,94860000,25241846,71585000,191686846,494034925,"당초예산(일반회계, 총계), 세입과목 개편 후"
31710,울산광역시 울주군,31710,울산광역시 울주군,,2025,2025-01-01,울산울주군,31.75,53.86,371693000,328781000,42912000,258865000,630558000,1170772723,"당초예산(일반회계, 총계), 세입과목 개편 후"
36110,세종특별자치시,36110,세종특별자치시,,2025,2025-01-01,세종본청,54.31,62.34,868357405,799653476,68703929,128414000,996771405,1599032816,"당초예산(일반회계, 총계), 세입과목 개편 후"
41110,경기도 수원시,41110,경기도 수원시,parent_si_of_ilbangu_2026,2025,2025-01-01,경기수원시,42.86,52.75,1235114174,1060000000,175114174,285000000,1520114174,2881487649,"당초예산(일반회계, 총계), 세입과목 개편 후"
41130,경기도 성남시,41130,경기도 성남시,parent_si_of_ilbangu_2026,2025,2025-01-01,경기성남시,53.69,60.68,1696502957,1493219000,203283957,220840000,1917342957,3159920163,"당초예산(일반회계, 총계), 세입과목 개편 후"
41150,경기도 의정부시,41150,경기도 의정부시,,2025,2025-01-01,경기의정부시,22.11,45.96,285162145,234934339,50227806,307617700,592779845,1289635510,"당초예산(일반회계, 총계), 세입과목 개편 후"
41170,경기도 안양시,41170,경기도 안양시,parent_si_of_ilbangu_2026,2025,2025-01-01,경기안양시,35.85,51.38,553694654,493352000,60342654,239888000,793582654,1544602081,"당초예산(일반회계, 총계), 세입과목 개편 후"
41190,경기도 부천시,41190,경기도 부천시,parent_si: 부천시 has 일반구 since 2024-01-01 (41192/41194/41196),2025,2025-01-01,경기부천시,28.12,47.97,585573510,503773000,81800510,413441258,999014768,2082675647,"당초예산(일반회계, 총계), 세입과목 개편 후"
41210,경기도 광명시,41210,경기도 광명시,,2025,2025-01-01,경기광명시,35.86,57.49,330996030,272300000,58696030,199600000,530596030,922919455,"당초예산(일반회계, 총계), 세입과목 개편 후"
41220,경기도 평택시,41220,경기도 평택시,,2025,2025-01-01,경기평택시,41.62,55.33,844075822,750880000,93195822,278000000,1122075822,2027937755,"당초예산(일반회계, 총계), 세입과목 개편 후"
41250,경기도 동두천시,41250,경기도 동두천시,,2025,2025-01-01,경기동두천시,12.57,49.24,67722257,52600000,15122257,197553000,265275257,538702442,"당초예산(일반회계, 총계), 세입과목 개편 후"
41270,경기도 안산시,41270,경기도 안산시,parent_si_of_ilbangu_2026,2025,2025-01-01,경기안산시,34.24,56.68,679837822,566784000,113053822,445455000,1125292822,1985463463,"당초예산(일반회계, 총계), 세입과목 개편 후"
41280,경기도 고양시,41280,경기도 고양시,parent_si_of_ilbangu_2026,2025,2025-01-01,경기고양시,32.27,51.06,906561396,772220000,134341396,527978000,1434539396,2809601107,"당초예산(일반회계, 총계), 세입과목 개편 후"
41290,경기도 과천시,41290,경기도 과천시,,2025,2025-01-01,경기과천시,41.64,59.13,186162458,146850000,39312458,78227000,264389458,447118984,"당초예산(일반회계, 총계), 세입과목 개편 후"
41310,경기도 구리시,41310,경기도 구리시,,2025,2025-01-01,경기구리시,27.14,56.67,174462517,128204000,46258517,189782000,364244517,642709761,"당초예산(일반회계, 총계), 세입과목 개편 후"
41360,경기도 남양주시,41360,경기도 남양주시,,2025,2025-01-01,경기남양주시,28.01,52.01,575268363,465400000,109868363,493066000,1068334363,2054086214,"당초예산(일반회계, 총계), 세입과목 개편 후"
41370,경기도 오산시,41370,경기도 오산시,,2025,2025-01-01,경기오산시,34.85,55.17,262413898,180400000,82013898,153000000,415413898,753006509,"당초예산(일반회계, 총계), 세입과목 개편 후"
41390,경기도 시흥시,41390,경기도 시흥시,,2025,2025-01-01,경기시흥시,34.07,49.76,525428667,457461000,67967667,241948000,767376667,1542062272,"당초예산(일반회계, 총계), 세입과목 개편 후"
41410,경기도 군포시,41410,경기도 군포시,,2025,2025-01-01,경기군포시,28.59,53.04,217174726,191732000,25442726,185665520,402840246,759531680,"당초예산(일반회계, 총계), 세입과목 개편 후"
41430,경기도 의왕시,41430,경기도 의왕시,,2025,2025-01-01,경기의왕시,37.8,57.38,206618924,174860000,31758924,107000000,313618924,546596864,"당초예산(일반회계, 총계), 세입과목 개편 후"
41450,경기도 하남시,41450,경기도 하남시,,2025,2025-01-01,경기하남시,43.21,53.54,394794765,331250000,63544765,94390900,489185665,913708358,"당초예산(일반회계, 총계), 세입과목 개편 후"
41460,경기도 용인시,41460,경기도 용인시,parent_si_of_ilbangu_2026,2025,2025-01-01,경기용인시,47.87,57.2,1403565723,1177400000,226165723,273686000,1677251723,2932199314,"당초예산(일반회계, 총계), 세입과목 개편 후"
41480,경기도 파주시,41480,경기도 파주시,,2025,2025-01-01,경기파주시,28.51,51.06,505809709,425600000,80209709,400000000,905809709,1774080875,"당초예산(일반회계, 총계), 세입과목 개편 후"
41500,경기도 이천시,41500,경기도 이천시,,2025,2025-01-01,경기이천시,45.42,57.17,541147506,486270000,54877506,140000000,681147506,1191428369,"당초예산(일반회계, 총계), 세입과목 개편 후"
41550,경기도 안성시,41550,경기도 안성시,,2025,2025-01-01,경기안성시,28.53,58.11,310640162,266647000,43993162,322017312,632657474,1088680959,"당초예산(일반회계, 총계), 세입과목 개편 후"
41570,경기도 김포시,41570,경기도 김포시,,2025,2025-01-01,경기김포시,33.41,52.97,487144577,399000000,88144577,285273496,772418073,1458096775,"당초예산(일반회계, 총계), 세입과목 개편 후"
41590,경기도 화성시,41590,경기도 화성시,parent_si: 화성시 has 일반구 since 2026-02-01 (41591/41593/41595/41597),2025,2025-01-01,경기화성시,52.02,59.39,1622458639,1465005000,157453639,229886000,1852344639,3118752884,"당초예산(일반회계, 총계), 세입과목 개편 후"
41610,경기도 광주시,41610,경기도 광주시,,2025,2025-01-01,경기광주시,31.68,51.86,394392606,320797000,73595606,251187550,645580156,1244943886,"당초예산(일반회계, 총계), 세입과목 개편 후"
41630,경기도 양주시,41630,경기도 양주시,,2025,2025-01-01,경기양주시,26.49,54.0,283467459,205187473,78279986,294281000,577748459,1069950294,"당초예산(일반회계, 총계), 세입과목 개편 후"
41650,경기도 포천시,41650,경기도 포천시,,2025,2025-01-01,경기포천시,19.6,52.79,204958000,163300000,41658000,347004000,551962000,1045668056,"당초예산(일반회계, 총계), 세입과목 개편 후"
41670,경기도 여주시,41670,경기도 여주시,,2025,2025-01-01,경기여주시,21.11,58.34,172584556,147684000,24900556,304435000,477019556,817633766,"당초예산(일반회계, 총계), 세입과목 개편 후"
41800,경기도 연천군,41800,경기도 연천군,,2025,2025-01-01,경기연천군,15.29,65.01,83026711,57050000,25976711,270000000,353026711,543002000,"당초예산(일반회계, 총계), 세입과목 개편 후"
41820,경기도 가평군,41820,경기도 가평군,,2025,2025-01-01,경기가평군,17.11,57.67,80110685,66118000,13992685,190000000,270110685,468343122,"당초예산(일반회계, 총계), 세입과목 개편 후"
41830,경기도 양평군,41830,경기도 양평군,,2025,2025-01-01,경기양평군,17.32,59.95,137014333,94155000,42859333,337128000,474142333,790885290,"당초예산(일반회계, 총계), 세입과목 개편 후"
43110,충청북도 청주시,43110,충청북도 청주시,parent_si_of_ilbangu_2026,2025,2025-01-01,충북청주시,29.08,52.53,910980156,782227123,128753033,734706850,1645687006,3132644391,"당초예산(일반회계, 총계), 세입과목 개편 후"
43130,충청북도 충주시,43130,충청북도 충주시,,2025,2025-01-01,충북충주시,17.32,55.69,216292403,172200000,44092403,479000000,695292403,1248471845,"당초예산(일반회계, 총계), 세입과목 개편 후"
43150,충청북도 제천시,43150,충청북도 제천시,,2025,2025-01-01,충북제천시,14.05,59.58,137008503,97311000,39697503,444200000,581208503,975453470,"당초예산(일반회계, 총계), 세입과목 개편 후"
43720,충청북도 보은군,43720,충청북도 보은군,,2025,2025-01-01,충북보은군,9.87,60.05,46700023,32646800,14053223,237531818,284231841,473352737,"당초예산(일반회계, 총계), 세입과목 개편 후"
43730,충청북도 옥천군,43730,충청북도 옥천군,,2025,2025-01-01,충북옥천군,11.16,60.66,58678257,41827288,16850969,260324473,319002730,525929492,"당초예산(일반회계, 총계), 세입과목 개편 후"
43740,충청북도 영동군,43740,충청북도 영동군,,2025,2025-01-01,충북영동군,11.8,59.5,54199179,31646000,22553179,219137581,273336760,459370768,"당초예산(일반회계, 총계), 세입과목 개편 후"
43745,충청북도 증평군,43745,충청북도 증평군,,2025,2025-01-01,충북증평군,15.88,56.06,41495330,34880000,6615330,105003788,146499118,261317900,"당초예산(일반회계, 총계), 세입과목 개편 후"
43750,충청북도 진천군,43750,충청북도 진천군,,2025,2025-01-01,충북진천군,28.64,62.92,167675857,125788000,41887857,200750000,368425857,585522577,"당초예산(일반회계, 총계), 세입과목 개편 후"
43760,충청북도 괴산군,43760,충청북도 괴산군,,2025,2025-01-01,충북괴산군,10.65,56.76,50635478,33716358,16919120,219300000,269935478,475600520,"당초예산(일반회계, 총계), 세입과목 개편 후"
43770,충청북도 음성군,43770,충청북도 음성군,,2025,2025-01-01,충북음성군,22.11,54.83,162825372,134655000,28170372,241000000,403825372,736443229,"당초예산(일반회계, 총계), 세입과목 개편 후"
43800,충청북도 단양군,43800,충청북도 단양군,,2025,2025-01-01,충북단양군,12.29,62.92,49348598,29552500,19796098,203322888,252671486,401557929,"당초예산(일반회계, 총계), 세입과목 개편 후"
44130,충청남도 천안시,44130,충청남도 천안시,parent_si_of_ilbangu_2026,2025,2025-01-01,충남천안시,33.65,55.8,706746000,600000000,106746000,465000000,1171746000,2100000000,"당초예산(일반회계, 총계), 세입과목 개편 후"
44150,충청남도 공주시,44150,충청남도 공주시,,2025,2025-01-01,충남공주시,12.87,58.36,120086920,90430000,29656920,424600000,544686920,933300000,"당초예산(일반회계, 총계), 세입과목 개편 후"
44180,충청남도 보령시,44180,충청남도 보령시,,2025,2025-01-01,충남보령시,13.56,58.47,117379335,72548000,44831335,388810000,506189335,865671000,"당초예산(일반회계, 총계), 세입과목 개편 후"
44200,충청남도 아산시,44200,충청남도 아산시,,2025,2025-01-01,충남아산시,32.37,53.15,526393661,470000000,56393661,338080000,864473661,1626400000,"당초예산(일반회계, 총계), 세입과목 개편 후"
44210,충청남도 서산시,44210,충청남도 서산시,,2025,2025-01-01,충남서산시,18.63,57.6,209626363,177900000,31726363,438574810,648201173,1125346515,"당초예산(일반회계, 총계), 세입과목 개편 후"
44230,충청남도 논산시,44230,충청남도 논산시,,2025,2025-01-01,충남논산시,10.65,53.96,105239803,78643000,26596803,427769925,533009728,987812209,"당초예산(일반회계, 총계), 세입과목 개편 후"
44250,충청남도 계룡시,44250,충청남도 계룡시,,2025,2025-01-01,충남계룡시,14.46,58.34,34420363,29200000,5220363,104410315,138830678,237967725,"당초예산(일반회계, 총계), 세입과목 개편 후"
44270,충청남도 당진시,44270,충청남도 당진시,,2025,2025-01-01,충남당진시,21.62,55.52,228546000,192546000,36000000,358300000,586846000,1056993249,"당초예산(일반회계, 총계), 세입과목 개편 후"
44710,충청남도 금산군,44710,충청남도 금산군,,2025,2025-01-01,충남금산군,9.27,50.75,62715807,48018300,14697507,280500000,343215807,676263000,"당초예산(일반회계, 총계), 세입과목 개편 후"
44760,충청남도 부여군,44760,충청남도 부여군,,2025,2025-01-01,충남부여군,10.01,52.74,69993250,41100000,28893250,298800000,368793250,699300000,"당초예산(일반회계, 총계), 세입과목 개편 후"
44770,충청남도 서천군,44770,충청남도 서천군,,2025,2025-01-01,충남서천군,8.92,49.12,61671319,39540000,22131319,278071000,339742319,691614000,"당초예산(일반회계, 총계), 세입과목 개편 후"
44790,충청남도 청양군,44790,충청남도 청양군,,2025,2025-01-01,충남청양군,9.32,50.42,51004897,28969000,22035897,224800000,275804897,547000000,"당초예산(일반회계, 총계), 세입과목 개편 후"
44800,충청남도 홍성군,44800,충청남도 홍성군,,2025,2025-01-01,충남홍성군,13.74,53.75,106794560,75405228,31389332,310935489,417730049,777200000,"당초예산(일반회계, 총계), 세입과목 개편 후"
44810,충청남도 예산군,44810,충청남도 예산군,,2025,2025-01-01,충남예산군,13.69,53.17,112851904,72940000,39911904,325605696,438457600,824591554,"당초예산(일반회계, 총계), 세입과목 개편 후"
44825,충청남도 태안군,44825,충청남도 태안군,,2025,2025-01-01,충남태안군,12.46,58.83,81955948,54073000,27882948,305040000,386995948,657824764,"당초예산(일반회계, 총계), 세입과목 개편 후"
47110,경상북도 포항시,47110,경상북도 포항시,parent_si_of_ilbangu_2026,2025,2025-01-01,경북포항시,20.99,50.07,533870596,422073686,111796910,740000000,1273870596,2544000000,"당초예산(일반회계, 총계), 세입과목 개편 후"
47130,경상북도 경주시,47130,경상북도 경주시,,2025,2025-01-01,경북경주시,19.07,54.79,329835619,242900000,86935619,617572500,947408119,1729200000,"당초예산(일반회계, 총계), 세입과목 개편 후"
47150,경상북도 김천시,47150,경상북도 김천시,,2025,2025-01-01,경북김천시,11.22,56.53,143493991,107100000,36393991,579231000,722724991,1278500000,"당초예산(일반회계, 총계), 세입과목 개편 후"
47170,경상북도 안동시,47170,경상북도 안동시,,2025,2025-01-01,경북안동시,9.84,56.47,144019158,100912500,43106658,682200000,826219158,1463000000,"당초예산(일반회계, 총계), 세입과목 개편 후"
47190,경상북도 구미시,47190,경상북도 구미시,,2025,2025-01-01,경북구미시,26.21,54.95,465115840,400591000,64524840,510000000,975115840,1774500000,"당초예산(일반회계, 총계), 세입과목 개편 후"
47210,경상북도 영주시,47210,경상북도 영주시,,2025,2025-01-01,경북영주시,10.25,56.2,102280594,73487804,28792790,458700000,560980594,998100000,"당초예산(일반회계, 총계), 세입과목 개편 후"
47230,경상북도 영천시,47230,경상북도 영천시,,2025,2025-01-01,경북영천시,12.3,60.14,120601756,90200000,30401756,469300000,589901756,980800000,"당초예산(일반회계, 총계), 세입과목 개편 후"
47250,경상북도 상주시,47250,경상북도 상주시,,2025,2025-01-01,경북상주시,8.37,59.36,94950382,59541000,35409382,578720000,673670382,1134800000,"당초예산(일반회계, 총계), 세입과목 개편 후"
47280,경상북도 문경시,47280,경상북도 문경시,,2025,2025-01-01,경북문경시,10.08,57.5,94025360,42850000,51175360,442434000,536459360,933000000,"당초예산(일반회계, 총계), 세입과목 개편 후"
47290,경상북도 경산시,47290,경상북도 경산시,,2025,2025-01-01,경북경산시,19.78,52.55,242869739,204700000,38169739,402500000,645369739,1228000000,"당초예산(일반회계, 총계), 세입과목 개편 후"
47730,경상북도 의성군,47730,경상북도 의성군,,2025,2025-01-01,경북의성군,8.5,55.18,56775652,35170000,21605652,311990537,368766189,668318076,"당초예산(일반회계, 총계), 세입과목 개편 후"
47750,경상북도 청송군,47750,경상북도 청송군,,2025,2025-01-01,경북청송군,7.91,64.76,35229017,19955478,15273539,253114000,288343017,445228000,"당초예산(일반회계, 총계), 세입과목 개편 후"
47760,경상북도 영양군,47760,경상북도 영양군,,2025,2025-01-01,경북영양군,6.08,63.28,22778220,13278530,9499690,214402500,237180720,374800000,"당초예산(일반회계, 총계), 세입과목 개편 후"
47770,경상북도 영덕군,47770,경상북도 영덕군,,2025,2025-01-01,경북영덕군,7.72,55.29,45503950,27023000,18480950,280400000,325903950,589467000,"당초예산(일반회계, 총계), 세입과목 개편 후"
47820,경상북도 청도군,47820,경상북도 청도군,,2025,2025-01-01,경북청도군,9.3,59.19,53144110,33550000,19594110,285000000,338144110,571293189,"당초예산(일반회계, 총계), 세입과목 개편 후"
47830,경상북도 고령군,47830,경상북도 고령군,,2025,2025-01-01,경북고령군,11.42,53.45,50074856,33803000,16271856,184200000,234274856,438322000,"당초예산(일반회계, 총계), 세입과목 개편 후"
47840,경상북도 성주군,47840,경상북도 성주군,,2025,2025-01-01,경북성주군,11.57,56.4,65614262,46680000,18934262,254200000,319814262,567000000,"당초예산(일반회계, 총계), 세입과목 개편 후"
47850,경상북도 칠곡군,47850,경상북도 칠곡군,,2025,2025-01-01,경북칠곡군,17.68,50.72,122000000,100000000,22000000,228000000,350000000,690000000,"당초예산(일반회계, 총계), 세입과목 개편 후"
47900,경상북도 예천군,47900,경상북도 예천군,,2025,2025-01-01,경북예천군,9.53,55.51,60800000,38800000,22000000,293283226,354083226,637838000,"당초예산(일반회계, 총계), 세입과목 개편 후"
47920,경상북도 봉화군,47920,경상북도 봉화군,,2025,2025-01-01,경북봉화군,7.28,67.53,37387362,21704028,15683334,309300000,346687362,513400000,"당초예산(일반회계, 총계), 세입과목 개편 후"
47930,경상북도 울진군,47930,경상북도 울진군,,2025,2025-01-01,경북울진군,12.25,54.16,72490918,46500000,25990918,248112974,320603892,592000000,"당초예산(일반회계, 총계), 세입과목 개편 후"
47940,경상북도 울릉군,47940,경상북도 울릉군,,2025,2025-01-01,경북울릉군,14.23,65.98,29876140,9481000,20395140,108692218,138568358,210000000,"당초예산(일반회계, 총계), 세입과목 개편 후"
48120,경상남도 창원시,48120,경상남도 창원시,parent_si_of_ilbangu_2026,2025,2025-01-01,경남창원시,31.42,55.3,1033997894,882646000,151351894,785976216,1819974110,3291189033,"당초예산(일반회계, 총계), 세입과목 개편 후"
48170,경상남도 진주시,48170,경상남도 진주시,,2025,2025-01-01,경남진주시,19.67,54.08,292133715,235200000,56933715,511030000,803163715,1485036523,"당초예산(일반회계, 총계), 세입과목 개편 후"
48220,경상남도 통영시,48220,경상남도 통영시,,2025,2025-01-01,경남통영시,13.06,51.34,101002019,73099500,27902519,296000000,397002019,773351633,"당초예산(일반회계, 총계), 세입과목 개편 후"
48240,경상남도 사천시,48240,경상남도 사천시,,2025,2025-01-01,경남사천시,15.48,53.21,132110078,93000000,39110078,322000000,454110078,853420611,"당초예산(일반회계, 총계), 세입과목 개편 후"
48250,경상남도 김해시,48250,경상남도 김해시,,2025,2025-01-01,경남김해시,27.35,55.26,515374418,426300000,89074418,525999598,1041374016,1884406696,"당초예산(일반회계, 총계), 세입과목 개편 후"
48270,경상남도 밀양시,48270,경상남도 밀양시,,2025,2025-01-01,경남밀양시,12.99,58.65,128426822,94650000,33776822,451200000,579626822,988361864,"당초예산(일반회계, 총계), 세입과목 개편 후"
48310,경상남도 거제시,48310,경상남도 거제시,,2025,2025-01-01,경남거제시,16.51,53.95,190973660,159345000,31628660,433000000,623973660,1156579240,"당초예산(일반회계, 총계), 세입과목 개편 후"
48330,경상남도 양산시,48330,경상남도 양산시,,2025,2025-01-01,경남양산시,28.21,52.92,430803357,321200000,109603357,377320000,808123357,1526964390,"당초예산(일반회계, 총계), 세입과목 개편 후"
48720,경상남도 의령군,48720,경상남도 의령군,,2025,2025-01-01,경남의령군,8.42,54.87,35971439,24100000,11871439,198558152,234529591,427415591,"당초예산(일반회계, 총계), 세입과목 개편 후"
48730,경상남도 함안군,48730,경상남도 함안군,,2025,2025-01-01,경남함안군,16.12,54.19,110467920,83216000,27251920,260860000,371327920,685261704,"당초예산(일반회계, 총계), 세입과목 개편 후"
48740,경상남도 창녕군,48740,경상남도 창녕군,,2025,2025-01-01,경남창녕군,13.07,51.41,85769378,55695755,30073623,251695953,337465331,656472304,"당초예산(일반회계, 총계), 세입과목 개편 후"
48820,경상남도 고성군,48820,경상남도 고성군,,2025,2025-01-01,경남고성군,10.3,51.65,63768244,46188042,17580202,256140000,319908244,619359445,"당초예산(일반회계, 총계), 세입과목 개편 후"
48840,경상남도 남해군,48840,경상남도 남해군,,2025,2025-01-01,경남남해군,10.04,53.89,53751134,30383958,23367176,234693805,288444939,535249440,"당초예산(일반회계, 총계), 세입과목 개편 후"
48850,경상남도 하동군,48850,경상남도 하동군,,2025,2025-01-01,경남하동군,9.79,61.16,56450061,32139000,24311061,296025934,352475995,576325327,"당초예산(일반회계, 총계), 세입과목 개편 후"
48860,경상남도 산청군,48860,경상남도 산청군,,2025,2025-01-01,경남산청군,10.48,56.73,62196788,32918000,29278788,274435000,336631788,593374752,"당초예산(일반회계, 총계), 세입과목 개편 후"
48870,경상남도 함양군,48870,경상남도 함양군,,2025,2025-01-01,경남함양군,10.39,55.56,63123807,33455000,29668807,274515000,337638807,607670020,"당초예산(일반회계, 총계), 세입과목 개편 후"
48880,경상남도 거창군,48880,경상남도 거창군,,2025,2025-01-01,경남거창군,8.97,54.78,66660143,40982547,25677596,340400000,407060143,743076095,"당초예산(일반회계, 총계), 세입과목 개편 후"
48890,경상남도 합천군,48890,경상남도 합천군,,2025,2025-01-01,경남합천군,8.06,57.46,57951670,31479208,26472462,355080000,413031670,718843566,"당초예산(일반회계, 총계), 세입과목 개편 후"
51110,강원특별자치도 춘천시,51110,강원특별자치도 춘천시,,2025,2025-01-01,강원춘천시,18.9,58.17,268113929,207600000,60513929,556875000,824988929,1418272642,"당초예산(일반회계, 총계), 세입과목 개편 후"
51130,강원특별자치도 원주시,51130,강원특별자치도 원주시,,2025,2025-01-01,강원원주시,18.1,54.28,265673122,191911604,73761518,531125278,796798400,1468011730,"당초예산(일반회계, 총계), 세입과목 개편 후"
51150,강원특별자치도 강릉시,51150,강원특별자치도 강릉시,,2025,2025-01-01,강원강릉시,17.08,58.81,218547926,158864000,59683926,534070000,752617926,1279668935,"당초예산(일반회계, 총계), 세입과목 개편 후"
51170,강원특별자치도 동해시,51170,강원특별자치도 동해시,,2025,2025-01-01,강원동해시,17.48,53.15,87729140,58235000,29494140,179059985,266789125,502001116,"당초예산(일반회계, 총계), 세입과목 개편 후"
51190,강원특별자치도 태백시,51190,강원특별자치도 태백시,,2025,2025-01-01,강원태백시,15.08,61.2,65766054,25517000,40249054,201200000,266966054,436192343,"당초예산(일반회계, 총계), 세입과목 개편 후"
51210,강원특별자치도 속초시,51210,강원특별자치도 속초시,,2025,2025-01-01,강원속초시,17.77,55.67,77897115,55972368,21924747,166137703,244034818,438323638,"당초예산(일반회계, 총계), 세입과목 개편 후"
51230,강원특별자치도 삼척시,51230,강원특별자치도 삼척시,,2025,2025-01-01,강원삼척시,13.01,67.72,89215926,49400000,39815926,375047519,464263445,685524026,"당초예산(일반회계, 총계), 세입과목 개편 후"
51720,강원특별자치도 홍천군,51720,강원특별자치도 홍천군,,2025,2025-01-01,강원홍천군,12.2,71.25,87750223,58030143,29720080,424746254,512496477,719285797,"당초예산(일반회계, 총계), 세입과목 개편 후"
51730,강원특별자치도 횡성군,51730,강원특별자치도 횡성군,,2025,2025-01-01,강원횡성군,11.97,65.9,65156311,42783164,22373147,293492987,358649298,544255006,"당초예산(일반회계, 총계), 세입과목 개편 후"
51750,강원특별자치도 영월군,51750,강원특별자치도 영월군,,2025,2025-01-01,강원영월군,13.14,64.74,76398705,30725275,45673430,300005454,376404159,581450184,"당초예산(일반회계, 총계), 세입과목 개편 후"
51760,강원특별자치도 평창군,51760,강원특별자치도 평창군,,2025,2025-01-01,강원평창군,12.62,69.21,65134057,42655362,22478695,292005350,357139407,515987488,"당초예산(일반회계, 총계), 세입과목 개편 후"
51770,강원특별자치도 정선군,51770,강원특별자치도 정선군,,2025,2025-01-01,강원정선군,14.47,65.74,73540483,45987000,27553483,260563364,334103847,508243402,"당초예산(일반회계, 총계), 세입과목 개편 후"
51780,강원특별자치도 철원군,51780,강원특별자치도 철원군,,2025,2025-01-01,강원철원군,10.98,64.09,60580003,24889404,35690599,292969857,353549860,551650446,"당초예산(일반회계, 총계), 세입과목 개편 후"
51790,강원특별자치도 화천군,51790,강원특별자치도 화천군,,2025,2025-01-01,강원화천군,8.18,58.56,30712822,15619710,15093112,189200000,219912822,375516362,"당초예산(일반회계, 총계), 세입과목 개편 후"
51800,강원특별자치도 양구군,51800,강원특별자치도 양구군,,2025,2025-01-01,강원양구군,8.63,63.77,31391305,14192000,17199305,200502204,231893509,363640068,"당초예산(일반회계, 총계), 세입과목 개편 후"
51810,강원특별자치도 인제군,51810,강원특별자치도 인제군,,2025,2025-01-01,강원인제군,8.52,68.23,47105705,21473861,25631844,329947619,377053324,552593678,"당초예산(일반회계, 총계), 세입과목 개편 후"
51820,강원특별자치도 고성군,51820,강원특별자치도 고성군,,2025,2025-01-01,강원고성군,10.19,62.94,39211193,21849219,17361974,202889317,242100510,384632539,"당초예산(일반회계, 총계), 세입과목 개편 후"
51830,강원특별자치도 양양군,51830,강원특별자치도 양양군,,2025,2025-01-01,강원양양군,13.72,64.79,52984891,25900000,27084891,197182895,250167786,386144305,"당초예산(일반회계, 총계), 세입과목 개편 후"
52110,전북특별자치도 전주시,52110,전북특별자치도 전주시,parent_si_of_ilbangu_2026,2025,2025-01-01,전북전주시,21.96,45.87,537742189,445191000,92551189,585650458,1123392647,2448858097,"당초예산(일반회계, 총계), 세입과목 개편 후"
52130,전북특별자치도 군산시,52130,전북특별자치도 군산시,,2025,2025-01-01,전북군산시,17.32,50.22,255242030,206765327,48476703,484820011,740062041,1473514530,"당초예산(일반회계, 총계), 세입과목 개편 후"
52140,전북특별자치도 익산시,52140,전북특별자치도 익산시,,2025,2025-01-01,전북익산시,14.15,47.98,233895208,182351000,51544208,559380000,793275208,1653328331,"당초예산(일반회계, 총계), 세입과목 개편 후"
52180,전북특별자치도 정읍시,52180,전북특별자치도 정읍시,,2025,2025-01-01,전북정읍시,9.94,56.35,106677350,72130356,34546994,498412493,605089843,1073725468,"당초예산(일반회계, 총계), 세입과목 개편 후"
52190,전북특별자치도 남원시,52190,전북특별자치도 남원시,,2025,2025-01-01,전북남원시,8.98,60.38,83416018,53221548,30194470,477475706,560891724,928889477,"당초예산(일반회계, 총계), 세입과목 개편 후"
52210,전북특별자치도 김제시,52210,전북특별자치도 김제시,,2025,2025-01-01,전북김제시,9.77,53.6,100592351,70227600,30364751,451200332,551792683,1029406978,"당초예산(일반회계, 총계), 세입과목 개편 후"
52710,전북특별자치도 완주군,52710,전북특별자치도 완주군,,2025,2025-01-01,전북완주군,16.12,51.5,136987551,109064000,27923551,300700000,437687551,849897523,"당초예산(일반회계, 총계), 세입과목 개편 후"
52720,전북특별자치도 진안군,52720,전북특별자치도 진안군,,2025,2025-01-01,전북진안군,6.68,60.72,32854039,19431002,13423037,265700000,298554039,491705313,"당초예산(일반회계, 총계), 세입과목 개편 후"
52730,전북특별자치도 무주군,52730,전북특별자치도 무주군,,2025,2025-01-01,전북무주군,8.65,61.27,36492429,21431518,15060911,222115776,258608205,422103748,"당초예산(일반회계, 총계), 세입과목 개편 후"
52740,전북특별자치도 장수군,52740,전북특별자치도 장수군,,2025,2025-01-01,전북장수군,7.57,61.02,32198303,20182865,12015438,227197049,259395352,425078306,"당초예산(일반회계, 총계), 세입과목 개편 후"
52750,전북특별자치도 임실군,52750,전북특별자치도 임실군,,2025,2025-01-01,전북임실군,8.69,61.76,41602492,26854000,14748492,253990383,295592875,478592060,"당초예산(일반회계, 총계), 세입과목 개편 후"
52770,전북특별자치도 순창군,52770,전북특별자치도 순창군,,2025,2025-01-01,전북순창군,8.26,55.33,42086748,24427000,17659748,239881004,281967752,509638923,"당초예산(일반회계, 총계), 세입과목 개편 후"
52790,전북특별자치도 고창군,52790,전북특별자치도 고창군,,2025,2025-01-01,전북고창군,9.54,51.82,79242093,38473000,40769093,351197866,430439959,830621742,"당초예산(일반회계, 총계), 세입과목 개편 후"
52800,전북특별자치도 부안군,52800,전북특별자치도 부안군,,2025,2025-01-01,전북부안군,9.61,51.26,74777312,37220993,37556319,324229720,399007032,778472858,"당초예산(일반회계, 총계), 세입과목 개편 후"
