sgg_cd,sgg_nm,sgg_cd_ref,sgg_nm_ref,map_note,ref_date,src_sido,src_sgg,altteul_members,altteul_members_foreign
11110,서울특별시 종로구,11110,서울특별시 종로구,,2023-02-28,서울,종로구,2480,1
11140,서울특별시 중구,11140,서울특별시 중구,,2023-02-28,서울,중구,1880,3
11170,서울특별시 용산구,11170,서울특별시 용산구,,2023-02-28,서울,용산구,3269,4
11200,서울특별시 성동구,11200,서울특별시 성동구,,2023-02-28,서울,성동구,4211,0
11215,서울특별시 광진구,11215,서울특별시 광진구,,2023-02-28,서울,광진구,6704,1
11230,서울특별시 동대문구,11230,서울특별시 동대문구,,2023-02-28,서울,동대문구,5692,5
11260,서울특별시 중랑구,11260,서울특별시 중랑구,,2023-02-28,서울,중랑구,6610,2
11290,서울특별시 성북구,11290,서울특별시 성북구,,2023-02-28,서울,성북구,7105,1
11305,서울특별시 강북구,11305,서울특별시 강북구,,2023-02-28,서울,강북구,4540,0
11320,서울특별시 도봉구,11320,서울특별시 도봉구,,2023-02-28,서울,도봉구,4757,0
11350,서울특별시 노원구,11350,서울특별시 노원구,,2023-02-28,서울,노원구,7574,1
11380,서울특별시 은평구,11380,서울특별시 은평구,,2023-02-28,서울,은평구,8398,1
11410,서울특별시 서대문구,11410,서울특별시 서대문구,,2023-02-28,서울,서대문구,5254,2
11440,서울특별시 마포구,11440,서울특별시 마포구,,2023-02-28,서울,마포구,6329,2
11470,서울특별시 양천구,11470,서울특별시 양천구,,2023-02-28,서울,양천구,6444,1
11500,서울특별시 강서구,11500,서울특별시 강서구,,2023-02-28,서울,강서구,10525,3
11530,서울특별시 구로구,11530,서울특별시 구로구,,2023-02-28,서울,구로구,8111,2
11545,서울특별시 금천구,11545,서울특별시 금천구,,2023-02-28,서울,금천구,4240,2
11560,서울특별시 영등포구,11560,서울특별시 영등포구,,2023-02-28,서울,영등포구,7295,3
11590,서울특별시 동작구,11590,서울특별시 동작구,,2023-02-28,서울,동작구,7974,5
11620,서울특별시 관악구,11620,서울특별시 관악구,,2023-02-28,서울,관악구,13126,3
11650,서울특별시 서초구,11650,서울특별시 서초구,,2023-02-28,서울,서초구,5201,3
11680,서울특별시 강남구,11680,서울특별시 강남구,,2023-02-28,서울,강남구,5740,1
11710,서울특별시 송파구,11710,서울특별시 송파구,,2023-02-28,서울,송파구,9249,2
11740,서울특별시 강동구,11740,서울특별시 강동구,,2023-02-28,서울,강동구,6753,0
36110,세종특별자치시,36110,세종특별자치시,,2023-02-28,세종,세종특별자치시,3410,1
41110,경기도 수원시,41110,경기도 수원시,parent_si_of_ilbangu_2026,2023-02-28,경기,수원시,21673,4
41130,경기도 성남시,41130,경기도 성남시,parent_si_of_ilbangu_2026,2023-02-28,경기,성남시,16802,4
41150,경기도 의정부시,41150,경기도 의정부시,,2023-02-28,경기,의정부시,6834,2
41170,경기도 안양시,41170,경기도 안양시,parent_si_of_ilbangu_2026,2023-02-28,경기,안양시,10412,7
41190,경기도 부천시,41190,경기도 부천시,parent_si: 부천시 has 일반구 since 2024-01-01 (41192/41194/41196),2023-02-28,경기,부천시,17182,5
41210,경기도 광명시,41210,경기도 광명시,,2023-02-28,경기,광명시,4982,1
41220,경기도 평택시,41220,경기도 평택시,,2023-02-28,경기,평택시,3606,0
41250,경기도 동두천시,41250,경기도 동두천시,,2023-02-28,경기,동두천시,582,0
41270,경기도 안산시,41270,경기도 안산시,parent_si_of_ilbangu_2026,2023-02-28,경기,안산시,8872,1
41280,경기도 고양시,41280,경기도 고양시,parent_si_of_ilbangu_2026,2023-02-28,경기,고양시,16681,9
41290,경기도 과천시,41290,경기도 과천시,,2023-02-28,경기,과천시,1440,0
41310,경기도 구리시,41310,경기도 구리시,,2023-02-28,경기,구리시,3072,0
41360,경기도 남양주시,41360,경기도 남양주시,,2023-02-28,경기,남양주시,9842,2
41370,경기도 오산시,41370,경기도 오산시,,2023-02-28,경기,오산시,2137,1
41390,경기도 시흥시,41390,경기도 시흥시,,2023-02-28,경기,시흥시,6522,1
41410,경기도 군포시,41410,경기도 군포시,,2023-02-28,경기,군포시,5320,1
41430,경기도 의왕시,41430,경기도 의왕시,,2023-02-28,경기,의왕시,2805,0
41450,경기도 하남시,41450,경기도 하남시,,2023-02-28,경기,하남시,5691,0
41460,경기도 용인시,41460,경기도 용인시,parent_si_of_ilbangu_2026,2023-02-28,경기,용인시,15588,4
41480,경기도 파주시,41480,경기도 파주시,,2023-02-28,경기,파주시,4731,1
41500,경기도 이천시,41500,경기도 이천시,,2023-02-28,경기,이천시,928,0
41550,경기도 안성시,41550,경기도 안성시,,2023-02-28,경기,안성시,828,0
41570,경기도 김포시,41570,경기도 김포시,,2023-02-28,경기,김포시,6353,0
41590,경기도 화성시,41590,경기도 화성시,parent_si: 화성시 has 일반구 since 2026-02-01 (41591/41593/41595/41597),2023-02-28,경기,화성시,8405,2
41610,경기도 광주시,41610,경기도 광주시,,2023-02-28,경기,광주시,4488,4
41630,경기도 양주시,41630,경기도 양주시,,2023-02-28,경기,양주시,2199,0
41650,경기도 포천시,41650,경기도 포천시,,2023-02-28,경기,포천시,724,0
41670,경기도 여주시,41670,경기도 여주시,,2023-02-28,경기,여주시,340,0
41800,경기도 연천군,41800,경기도 연천군,,2023-02-28,경기,연천군,121,0
41820,경기도 가평군,41820,경기도 가평군,,2023-02-28,경기,가평군,262,0
41830,경기도 양평군,41830,경기도 양평군,,2023-02-28,경기,양평군,440,0
51110,강원특별자치도 춘천시,42110,강원도 춘천시,recoded 42110->51110,2023-02-28,강원,춘천시,702,0
51130,강원특별자치도 원주시,42130,강원도 원주시,recoded 42130->51130,2023-02-28,강원,원주시,440,0
51150,강원특별자치도 강릉시,42150,강원도 강릉시,recoded 42150->51150,2023-02-28,강원,강릉시,194,0
43110,충청북도 청주시,43110,충청북도 청주시,parent_si_of_ilbangu_2026,2023-02-28,충북,청주시,3411,1
43130,충청북도 충주시,43130,충청북도 충주시,,2023-02-28,충북,충주시,109,0
43150,충청북도 제천시,43150,충청북도 제천시,,2023-02-28,충북,제천시,165,0
43730,충청북도 옥천군,43730,충청북도 옥천군,,2023-02-28,충북,옥천군,96,0
44130,충청남도 천안시,44130,충청남도 천안시,parent_si_of_ilbangu_2026,2023-02-28,충남,천안시,3454,0
44150,충청남도 공주시,44150,충청남도 공주시,,2023-02-28,충남,공주시,130,0
44180,충청남도 보령시,44180,충청남도 보령시,,2023-02-28,충남,보령시,62,0
44200,충청남도 아산시,44200,충청남도 아산시,,2023-02-28,충남,아산시,2043,1
44210,충청남도 서산시,44210,충청남도 서산시,,2023-02-28,충남,서산시,123,0
44230,충청남도 논산시,44230,충청남도 논산시,,2023-02-28,충남,논산시,91,0
44250,충청남도 계룡시,44250,충청남도 계룡시,,2023-02-28,충남,계룡시,125,0
44270,충청남도 당진시,44270,충청남도 당진시,,2023-02-28,충남,당진시,168,0
44710,충청남도 금산군,44710,충청남도 금산군,,2023-02-28,충남,금산군,40,0
44760,충청남도 부여군,44760,충청남도 부여군,,2023-02-28,충남,부여군,39,0
44770,충청남도 서천군,44770,충청남도 서천군,,2023-02-28,충남,서천군,24,0
44790,충청남도 청양군,44790,충청남도 청양군,,2023-02-28,충남,청양군,23,0
44800,충청남도 홍성군,44800,충청남도 홍성군,,2023-02-28,충남,홍성군,70,0
44810,충청남도 예산군,44810,충청남도 예산군,,2023-02-28,충남,예산군,53,0
44825,충청남도 태안군,44825,충청남도 태안군,,2023-02-28,충남,태안군,26,0
52110,전북특별자치도 전주시,45110,전라북도 전주시,parent_si_of_ilbangu_2026,2023-02-28,전북,전주시,1650,0
52130,전북특별자치도 군산시,45130,전라북도 군산시,recoded 45130->52130,2023-02-28,전북,군산시,489,0
52140,전북특별자치도 익산시,45140,전라북도 익산시,recoded 45140->52140,2023-02-28,전북,익산시,811,0
52180,전북특별자치도 정읍시,45180,전라북도 정읍시,recoded 45180->52180,2023-02-28,전북,정읍시,49,0
52190,전북특별자치도 남원시,45190,전라북도 남원시,recoded 45190->52190,2023-02-28,전북,남원시,75,0
52710,전북특별자치도 완주군,45710,전라북도 완주군,recoded 45710->52710,2023-02-28,전북,완주군,142,0
12110,전남광주통합특별시 목포시,46110,전라남도 목포시,recoded 46110->12110,2023-02-28,전남,목포시,251,0
12130,전남광주통합특별시 여수시,46130,전라남도 여수시,recoded 46130->12130,2023-02-28,전남,여수시,759,0
12150,전남광주통합특별시 순천시,46150,전라남도 순천시,recoded 46150->12150,2023-02-28,전남,순천시,804,0
12170,전남광주통합특별시 나주시,46170,전라남도 나주시,recoded 46170->12170,2023-02-28,전남,나주시,142,0
12190,전남광주통합특별시 광양시,46230,전라남도 광양시,recoded 46230->12190,2023-02-28,전남,광양시,102,0
12710,전남광주통합특별시 담양군,46710,전라남도 담양군,recoded 46710->12710,2023-02-28,전남,담양군,8,0
12790,전남광주통합특별시 해남군,46820,전라남도 해남군,recoded 46820->12790,2023-02-28,전남,해남군,33,0
12810,전남광주통합특별시 무안군,46840,전라남도 무안군,recoded 46840->12810,2023-02-28,전남,무안군,96,0
12870,전남광주통합특별시 신안군,46910,전라남도 신안군,recoded 46910->12870,2023-02-28,전남,신안군,18,0
47110,경상북도 포항시,47110,경상북도 포항시,parent_si_of_ilbangu_2026,2023-02-28,경북,포항시,1366,0
47130,경상북도 경주시,47130,경상북도 경주시,,2023-02-28,경북,경주시,493,0
47150,경상북도 김천시,47150,경상북도 김천시,,2023-02-28,경북,김천시,210,0
47170,경상북도 안동시,47170,경상북도 안동시,,2023-02-28,경북,안동시,83,0
47190,경상북도 구미시,47190,경상북도 구미시,,2023-02-28,경북,구미시,592,0
47210,경상북도 영주시,47210,경상북도 영주시,,2023-02-28,경북,영주시,157,0
47230,경상북도 영천시,47230,경상북도 영천시,,2023-02-28,경북,영천시,145,0
47250,경상북도 상주시,47250,경상북도 상주시,,2023-02-28,경북,상주시,45,0
47290,경상북도 경산시,47290,경상북도 경산시,,2023-02-28,경북,경산시,610,0
47850,경상북도 칠곡군,47850,경상북도 칠곡군,,2023-02-28,경북,칠곡군,69,0
48120,경상남도 창원시,48120,경상남도 창원시,parent_si_of_ilbangu_2026,2023-02-28,경남,창원시,5220,0
48170,경상남도 진주시,48170,경상남도 진주시,,2023-02-28,경남,진주시,1292,0
48220,경상남도 통영시,48220,경상남도 통영시,,2023-02-28,경남,통영시,291,1
48240,경상남도 사천시,48240,경상남도 사천시,,2023-02-28,경남,사천시,65,0
48250,경상남도 김해시,48250,경상남도 김해시,,2023-02-28,경남,김해시,2882,0
48270,경상남도 밀양시,48270,경상남도 밀양시,,2023-02-28,경남,밀양시,145,0
48310,경상남도 거제시,48310,경상남도 거제시,,2023-02-28,경남,거제시,483,0
48330,경상남도 양산시,48330,경상남도 양산시,,2023-02-28,경남,양산시,2408,0
48720,경상남도 의령군,48720,경상남도 의령군,,2023-02-28,경남,의령군,2,0
48730,경상남도 함안군,48730,경상남도 함안군,,2023-02-28,경남,함안군,64,0
48740,경상남도 창녕군,48740,경상남도 창녕군,,2023-02-28,경남,창녕군,54,0
48820,경상남도 고성군,48820,경상남도 고성군,,2023-02-28,경남,고성군,32,0
48840,경상남도 남해군,48840,경상남도 남해군,,2023-02-28,경남,남해군,2,0
48850,경상남도 하동군,48850,경상남도 하동군,,2023-02-28,경남,하동군,2,0
48860,경상남도 산청군,48860,경상남도 산청군,,2023-02-28,경남,산청군,38,0
48870,경상남도 함양군,48870,경상남도 함양군,,2023-02-28,경남,함양군,3,0
48880,경상남도 거창군,48880,경상남도 거창군,,2023-02-28,경남,거창군,4,0
48890,경상남도 합천군,48890,경상남도 합천군,,2023-02-28,경남,합천군,6,0
50110,제주특별자치도 제주시,50110,제주특별자치도 제주시,,2023-02-28,제주,제주시,2419,0
50130,제주특별자치도 서귀포시,50130,제주특별자치도 서귀포시,,2023-02-28,제주,서귀포시,604,1
