sido_cd,sido_nm,sido_cd_ref,sido_nm_ref,map_note,ref_date,year,members_2025end,refund_recipients_month_avg,usage_amount_mil_krw,refund_amount_mil_krw,usage_per_recipient_month_krw,refund_per_recipient_month_krw
11,서울특별시,11,서울특별시,,2025-12-31,2025,1047961,625069,488514,123497,65128,16464
26,부산광역시,26,부산광역시,,2025-12-31,2025,275657,94940,58768,16195,51583,14215
27,대구광역시,27,대구광역시,,2025-12-31,2025,162974,89025,60616,15777,56741,14768
28,인천광역시,28,인천광역시,,2025-12-31,2025,350752,212503,173355,43950,67981,17235
12,전남광주통합특별시,29,광주광역시,merged_2026-07-01: 29 -> 12 전남광주통합특별시 (29 광주+46 전남 n:1),2025-12-31,2025,127211,61911,32632,8574,43923,11541
30,대전광역시,30,대전광역시,,2025-12-31,2025,104246,52848,34282,9006,54058,14201
31,울산광역시,31,울산광역시,,2025-12-31,2025,48111,20961,14057,3685,55888,14649
36,세종특별자치시,36,세종특별자치시,,2025-12-31,2025,18098,8026,5631,1369,58465,14213
41,경기도,41,경기도,,2025-12-31,2025,1622908,979346,869772,217958,74010,18546
51,강원특별자치도,51,강원특별자치도,,2025-12-31,2025,25048,9397,6132,1670,54380,14808
43,충청북도,43,충청북도,,2025-12-31,2025,27921,10408,6647,1824,53217,14606
44,충청남도,44,충청남도,,2025-12-31,2025,47822,19644,12742,3380,54053,14339
52,전북특별자치도,52,전북특별자치도,,2025-12-31,2025,29645,10336,6127,1760,49403,14192
12,전남광주통합특별시,46,전라남도,merged_2026-07-01: 46 -> 12 전남광주통합특별시 (29 광주+46 전남 n:1),2025-12-31,2025,32380,12600,7738,2077,51179,13735
47,경상북도,47,경상북도,,2025-12-31,2025,48513,19767,12460,3400,52528,14333
48,경상남도,48,경상남도,,2025-12-31,2025,279187,149878,70402,17621,39144,9797
50,제주특별자치도,50,제주특별자치도,,2025-12-31,2025,19045,8276,4655,1253,46868,12613
