sido_cd,sido_nm,sido_cd_2026,sido_nm_2026,map_note,year,ret_total_all_ages,ret_lt65,ret_65p,ret_65_69,ret_70_74,ret_75_79,ret_80_84,ret_85_89,ret_90p,ret_70p,ret_75p,share_65p_of_returns,lic_65p_2025,lic_70p_2025,ret_65p_per_1000_lic65p,ret_70p_per_1000_lic70p
11,서울특별시,11,서울특별시,,2025,33528,431,33097,1002,12443,11511,6065,1776,300,32095,19652,0.9871,999152,511376,33.13,62.76
26,부산광역시,26,부산광역시,,2025,13280,136,13144,2313,3732,4541,1889,590,79,10831,7099,0.9898,364588,177415,36.05,61.05
27,대구광역시,27,대구광역시,,2025,6577,96,6481,1022,1995,1980,1106,335,43,5459,3464,0.9854,268571,132334,24.13,41.25
28,인천광역시,28,인천광역시,,2025,8961,128,8833,1303,3100,2907,1141,336,46,7530,4430,0.9857,292897,129509,30.16,58.14
29,광주광역시,12,전남광주통합특별시,pre-2026-07 unit kept (광주 29 / 전남 46); merged into 12 전남광주통합특별시 on 2026-07-01,2025,3252,27,3225,323,1010,1070,626,173,23,2902,1892,0.9917,134263,64957,24.02,44.68
30,대전광역시,30,대전광역시,,2025,3581,87,3494,168,1208,1213,648,223,34,3326,2118,0.9757,144386,68708,24.2,48.41
31,울산광역시,31,울산광역시,,2025,2994,39,2955,565,984,861,388,136,21,2390,1406,0.987,116205,52126,25.43,45.85
36,세종특별자치시,36,세종특별자치시,,2025,444,6,438,23,142,154,67,45,7,415,273,0.9865,28744,13511,15.24,30.72
41,경기도,41,경기도,경기도 = 경기남부경찰청 + 경기북부경찰청 (summed),2025,30891,446,30445,4823,8718,9310,5357,1900,337,25622,16904,0.9856,1348425,637321,22.58,40.2
51,강원특별자치도,51,강원특별자치도,,2025,4721,80,4641,601,1155,1243,1060,506,76,4040,2885,0.9831,215299,106934,21.56,37.78
43,충청북도,43,충청북도,,2025,3647,91,3556,152,1134,1097,749,368,56,3404,2270,0.975,193722,94160,18.36,36.15
44,충청남도,44,충청남도,,2025,5061,98,4963,167,1485,1585,1062,568,96,4796,3311,0.9806,256629,130899,19.34,36.64
52,전북특별자치도,52,전북특별자치도,,2025,5355,62,5293,164,1608,1801,1103,528,89,5129,3521,0.9884,225062,116905,23.52,43.87
46,전라남도,12,전남광주통합특별시,pre-2026-07 unit kept (광주 29 / 전남 46); merged into 12 전남광주통합특별시 on 2026-07-01,2025,4276,47,4229,186,1179,1371,1019,421,53,4043,2864,0.989,232128,118808,18.22,34.03
47,경상북도,47,경상북도,,2025,7065,135,6930,697,1856,2133,1484,656,104,6233,4377,0.9809,357403,182442,19.39,34.16
48,경상남도,48,경상남도,,2025,8040,160,7880,673,2765,2417,1408,544,73,7207,4442,0.9801,380865,182277,20.69,39.54
50,제주특별자치도,50,제주특별자치도,,2025,1700,18,1682,225,395,479,384,166,33,1457,1062,0.9894,74479,37545,22.58,38.81
