sgg_cd,sgg_nm,sgg_cd_ref,sgg_nm_ref,map_note,ref_date,src_code,src_name,pop_total,pop_male,pop_female,households,age_0_4,age_5_9,age_10_14,age_15_19,age_20_24,age_25_29,age_30_34,age_35_39,age_40_44,age_45_49,age_50_54,age_55_59,age_60_64,age_65_69,age_70_74,age_75_79,age_80_84,age_85_89,age_90_94,age_95_99,age_100p,pop_0_14,pop_15_64,pop_65p,pop_75p,pop_80p,share_65p,share_75p,share_80p
11110,서울특별시 종로구,11110,서울특별시 종로구,,2026-08-31,1111000000,서울특별시 종로구,135935,65042,70893,72464,2194,2702,4044,4998,7846,11871,11292,8618,8715,9255,10369,11964,10647,10267,7545,5323,4273,2688,1023,257,44,8940,95575,31420,13608,8285,0.23114,0.100107,0.060948
11140,서울특별시 중구,11140,서울특별시 중구,,2026-08-31,1114000000,서울특별시 중구,117305,56257,61048,63818,2500,2293,2678,3172,5519,9628,11629,9638,8336,7775,8173,9494,8667,9035,6902,4910,3652,2220,845,211,28,7471,82031,27803,11866,6956,0.237015,0.101155,0.059298
11170,서울특별시 용산구,11170,서울특별시 용산구,,2026-08-31,1117000000,서울특별시 용산구,199459,94706,104753,101969,4779,4948,6010,6542,9376,15995,20281,16670,15011,13912,14952,16371,14226,13590,9784,6726,5140,3392,1379,315,60,15737,143336,40386,17012,10286,0.202478,0.085291,0.051569
11200,서울특별시 성동구,11200,서울특별시 성동구,,2026-08-31,1120000000,서울특별시 성동구,274199,132196,142003,133694,8041,7554,8134,8911,14798,22270,25302,22965,20752,18706,20289,22291,19311,19120,13313,9616,7011,4090,1397,296,32,23729,195595,54875,22442,12826,0.200128,0.081846,0.046776
11215,서울특별시 광진구,11215,서울특별시 광진구,,2026-08-31,1121500000,서울특별시 광진구,330791,158118,172673,172318,5925,7255,10603,12140,19921,33994,33490,23719,22612,23141,24260,26247,23047,22895,16308,11180,7723,4394,1563,329,45,23783,242571,64437,25234,14054,0.194797,0.076284,0.042486
11230,서울특별시 동대문구,11230,서울특별시 동대문구,,2026-08-31,1123000000,서울특별시 동대문구,353448,172051,181397,181313,9050,9019,10763,12441,24259,31216,30643,25904,24457,24099,25450,27172,23872,24983,18842,13385,10017,5549,1888,389,50,28832,249513,75103,31278,17893,0.212487,0.088494,0.050624
11260,서울특별시 중랑구,11260,서울특별시 중랑구,,2026-08-31,1126000000,서울특별시 중랑구,376504,183550,192954,190744,7969,8085,10856,11965,16134,27790,33240,26309,24858,25471,27495,33061,31823,32605,23434,16036,10899,5999,1978,434,63,26910,258146,91448,35409,19373,0.242887,0.094047,0.051455
11290,서울특별시 성북구,11290,서울특별시 성북구,,2026-08-31,1129000000,서울특별시 성북구,421106,200771,220335,199768,9433,11429,15510,18194,29224,32604,30426,26692,28652,30226,34480,35630,28945,29517,22043,16053,12096,6962,2376,541,73,36372,295073,89661,38101,22048,0.212918,0.090478,0.052357
11305,서울특별시 강북구,11305,서울특별시 강북구,,2026-08-31,1130500000,서울특별시 강북구,277509,133228,144281,142743,4093,5205,7797,9774,14383,18915,19158,15339,16633,18978,22549,25385,23024,24559,18669,14320,10585,5869,1844,382,48,17095,184138,76276,33048,18728,0.27486,0.119088,0.067486
11320,서울특별시 도봉구,11320,서울특별시 도봉구,,2026-08-31,1132000000,서울특별시 도봉구,297820,143615,154205,139194,4982,6389,9585,11225,13440,18675,20134,16950,18541,20336,23670,27508,25508,27680,20404,14017,10156,6068,2044,438,70,20956,195987,80877,32793,18776,0.271563,0.11011,0.063045
11350,서울특별시 노원구,11350,서울특별시 노원구,,2026-08-31,1135000000,서울특별시 노원구,480045,229266,250779,217433,10232,12149,19609,23539,28329,31082,33082,29069,31209,36465,40438,41686,35450,36635,27535,18798,13263,7802,2943,645,85,41990,330349,107706,43536,24738,0.224366,0.090691,0.051533
11380,서울특별시 은평구,11380,서울특별시 은평구,,2026-08-31,1138000000,서울특별시 은평구,452626,213742,238884,214995,9163,10407,15267,17647,21117,32986,37204,29957,30307,33109,36986,38930,33981,35143,26206,19186,13856,7907,2629,566,72,34837,312224,105565,44216,25030,0.233228,0.097688,0.0553
11410,서울특별시 서대문구,11410,서울특별시 서대문구,,2026-08-31,1141000000,서울특별시 서대문구,299492,141003,158489,147190,6889,7928,10321,11266,18962,25206,24652,20886,20791,20810,22857,24402,20842,20890,15138,11237,8719,5346,1887,404,59,25138,210674,63680,27652,16415,0.212627,0.09233,0.054809
11440,서울특별시 마포구,11440,서울특별시 마포구,,2026-08-31,1144000000,서울특별시 마포구,356008,165141,190867,180559,8333,9430,12296,13297,20489,32714,35771,28660,27442,26543,28437,27335,21848,20883,15254,11066,8609,5191,1931,427,52,30059,262536,63413,27276,16210,0.178122,0.076616,0.045533
11470,서울특별시 양천구,11470,서울특별시 양천구,,2026-08-31,1147000000,서울특별시 양천구,420127,204281,215846,178800,8129,13758,22584,22978,19386,25149,27133,24178,31593,36765,35783,34904,30673,31381,23518,15445,9325,5081,1888,415,61,44471,288542,87114,32215,16770,0.207352,0.076679,0.039917
11500,서울특별시 강서구,11500,서울특별시 강서구,,2026-08-31,1150000000,서울특별시 강서구,547821,261347,286474,274703,12263,13618,19104,20533,24001,45046,54054,42785,40328,40725,40857,40011,37302,41234,30988,21034,13024,7395,2757,661,101,44985,385642,117194,44972,23938,0.213928,0.082093,0.043697
11530,서울특별시 구로구,11530,서울특별시 구로구,,2026-08-31,1153000000,서울특별시 구로구,382302,186391,195911,185341,9407,9547,12602,13979,16444,28372,33529,28564,26469,27404,29098,30377,27899,29688,23149,16824,10929,5672,1898,406,45,31556,262135,88611,35774,18950,0.231783,0.093575,0.049568
11545,서울특별시 금천구,11545,서울특별시 금천구,,2026-08-31,1154500000,서울특별시 금천구,222368,111482,110886,122242,3888,4088,5446,6353,9243,21317,24224,16240,13640,13615,15583,18557,18636,18525,13042,9173,6241,3235,1075,222,25,13422,157408,51538,19971,10798,0.231769,0.089811,0.048559
11560,서울특별시 영등포구,11560,서울특별시 영등포구,,2026-08-31,1156000000,서울특별시 영등포구,371420,180924,190496,193589,10266,9229,10950,11326,16049,35266,42563,32636,26959,24913,26048,27520,24378,24625,18132,13426,9360,5378,1959,383,54,30445,267658,73317,30560,17134,0.197396,0.082279,0.046131
11590,서울특별시 동작구,11590,서울특별시 동작구,,2026-08-31,1159000000,서울특별시 동작구,371324,179201,192123,187770,8400,8755,11465,13310,22720,35920,35334,27051,24902,25409,27541,28642,24421,25222,19138,14478,10338,5770,1999,457,52,28620,265250,77454,33094,18616,0.208589,0.089124,0.050134
11620,서울특별시 관악구,11620,서울특별시 관악구,,2026-08-31,1162000000,서울특별시 관악구,477297,239751,237546,291443,6523,6798,9902,13374,32048,68601,59751,35335,28208,28955,31238,32639,29401,30264,23826,18408,12841,6694,2022,418,51,23223,359550,94524,40434,22026,0.19804,0.084715,0.046147
11650,서울특별시 서초구,11650,서울특별시 서초구,,2026-08-31,1165000000,서울특별시 서초구,416928,197836,219092,175016,10791,15426,22721,23105,20781,26614,29417,28042,33393,37790,36787,32603,24628,24315,19498,14255,9444,4959,1842,455,62,48938,293160,74830,31017,16762,0.179479,0.074394,0.040204
11680,서울특별시 강남구,11680,서울특별시 강남구,,2026-08-31,1168000000,서울특별시 강남구,552357,263451,288906,245029,12503,18487,31477,32288,25909,35299,40826,37817,45452,53308,48348,40777,31613,31570,26765,18874,11950,6127,2273,593,101,62467,391637,98253,39918,21044,0.17788,0.072268,0.038099
11710,서울특별시 송파구,11710,서울특별시 송파구,,2026-08-31,1171000000,서울특별시 송파구,649212,310414,338798,289460,16934,22181,29285,28573,28336,45983,56090,50458,52634,52395,49245,49411,43464,44702,33876,22102,13286,6806,2717,646,88,68400,456589,124223,45645,23543,0.191344,0.070308,0.036264
11740,서울특별시 강동구,11740,서울특별시 강동구,,2026-08-31,1174000000,서울특별시 강동구,498222,242526,255696,223466,14032,17327,22683,21359,20710,32880,40099,36770,39995,41171,37529,37525,34599,37156,27983,17827,10728,5258,2003,506,82,54042,342637,101543,36404,18577,0.203811,0.073068,0.037287
12110,전남광주통합특별시 목포시,12110,전남광주통합특별시 목포시,,2026-08-31,1211000000,전남광주통합특별시 목포시,198981,98948,100033,102492,3565,5859,10096,10858,9148,10961,10304,8911,13282,16551,18043,17762,15890,16183,11482,8932,6291,3485,1104,245,29,19520,131710,47751,20086,11154,0.239978,0.100944,0.056056
12130,전남광주통합특별시 여수시,12130,전남광주통합특별시 여수시,,2026-08-31,1213000000,전남광주통합특별시 여수시,259857,131941,127916,127175,5889,7876,11503,12010,10773,13129,14470,12570,16107,18852,21230,23782,22913,23016,16763,13210,8404,5097,1783,418,62,25268,165836,68753,28974,15764,0.26458,0.1115,0.060664
12150,전남광주통합특별시 순천시,12150,전남광주통합특별시 순천시,,2026-08-31,1215000000,전남광주통합특별시 순천시,273399,136375,137024,128047,7733,9820,13589,14074,13100,15541,17485,15151,18092,19843,22278,24909,22777,21235,13469,10144,6868,4735,2069,432,55,31142,183250,59007,24303,14159,0.215827,0.088892,0.051789
12170,전남광주통합특별시 나주시,12170,전남광주통합특별시 나주시,,2026-08-31,1217000000,전남광주통합특별시 나주시,116667,59091,57576,60226,3899,4353,5477,5050,4125,5546,7411,7172,7959,8379,8387,8830,9164,9784,6821,5484,4355,3030,1152,251,38,13729,72023,30915,14310,8826,0.264985,0.122657,0.075651
12190,전남광주통합특별시 광양시,12190,전남광주통합특별시 광양시,,2026-08-31,1219000000,전남광주통합특별시 광양시,156052,81891,74161,74276,5052,5612,7755,8112,6401,9086,11069,9294,10610,11764,12728,16561,13569,11079,6596,4638,2839,2138,901,225,23,18419,109194,28439,10764,6126,0.182241,0.068977,0.039256
12210,전남광주통합특별시 동구,12210,전남광주통합특별시 동구,,2026-08-31,1221000000,전남광주통합특별시 동구,105328,51493,53835,55821,3110,3424,3940,3874,5959,7350,7750,6618,7004,7026,7406,7953,7476,7969,6183,5167,3827,2316,781,182,13,10474,68416,26438,12286,7119,0.251006,0.116645,0.067589
12240,전남광주통합특별시 서구,12240,전남광주통합특별시 서구,,2026-08-31,1224000000,전남광주통합특별시 서구,274234,134015,140219,133876,5695,8472,12435,13807,14819,19616,19257,14984,18222,21479,23975,25174,20807,19562,13245,10111,6837,3885,1471,335,46,26602,192140,55492,22685,12574,0.202353,0.082721,0.045851
12270,전남광주통합특별시 남구,12270,전남광주통합특별시 남구,,2026-08-31,1227000000,전남광주통합특별시 남구,205051,97781,107270,96217,4504,7546,11647,11300,9566,11056,11910,10720,14724,16918,16521,16021,14634,15670,11414,9405,6187,3635,1326,306,41,23697,133370,47984,20900,11495,0.23401,0.101926,0.056059
12300,전남광주통합특별시 북구,12300,전남광주통합특별시 북구,,2026-08-31,1230000000,전남광주통합특별시 북구,416582,205840,210742,203809,10641,14259,19180,20152,21508,26318,28865,24871,28883,31659,34097,36338,32526,31278,20894,15754,10593,5974,2240,494,58,44080,285217,87285,35113,19359,0.209527,0.084288,0.046471
12330,전남광주통합특별시 광산구,12330,전남광주통합특별시 광산구,,2026-08-31,1233000000,전남광주통합특별시 광산구,382763,193367,189396,173296,10344,14660,21879,24463,22221,26176,26931,22359,28222,34324,36928,34932,26436,20706,12055,8866,5954,3593,1366,309,39,46883,282992,52888,20127,11261,0.138174,0.052583,0.02942
12710,전남광주통합특별시 담양군,12710,전남광주통합특별시 담양군,,2026-08-31,1271000000,전남광주통합특별시 담양군,43880,22185,21695,23800,772,839,1343,1418,1286,1728,1658,1476,1995,2264,3150,4209,4768,5148,3634,3029,2447,1840,711,140,25,2954,23952,16974,8192,5163,0.386828,0.186691,0.117662
12720,전남광주통합특별시 곡성군,12720,전남광주통합특별시 곡성군,,2026-08-31,1272000000,전남광주통합특별시 곡성군,27686,13829,13857,16138,341,416,670,934,866,925,1017,795,997,1373,1933,2663,3076,3390,2306,2034,1648,1454,654,165,29,1427,14579,11680,5984,3950,0.421874,0.216138,0.142671
12730,전남광주통합특별시 구례군,12730,전남광주통합특별시 구례군,,2026-08-31,1273000000,전남광주통합특별시 구례군,24627,12055,12572,13861,272,420,706,825,764,814,698,627,920,1306,1723,2530,2770,3001,2074,1790,1580,1208,480,106,13,1398,12977,10252,5177,3387,0.416291,0.210216,0.137532
12740,전남광주통합특별시 고흥군,12740,전남광주통합특별시 고흥군,,2026-08-31,1274000000,전남광주통합특별시 고흥군,59011,29315,29696,35123,808,921,1380,1658,1388,1524,1565,1532,2041,2773,3740,5096,6085,7447,5895,5593,4322,3393,1449,350,51,3109,27402,28500,15158,9565,0.482961,0.256867,0.162088
12750,전남광주통합특별시 보성군,12750,전남광주통합특별시 보성군,,2026-08-31,1275000000,전남광주통합특별시 보성군,38162,18811,19351,22198,529,610,930,1278,1104,1164,1055,1028,1425,1880,2570,3440,4050,4507,3599,3174,2571,2143,867,218,20,2069,18994,17099,8993,5819,0.448064,0.235653,0.152482
12760,전남광주통합특별시 화순군,12760,전남광주통합특별시 화순군,,2026-08-31,1276000000,전남광주통합특별시 화순군,59860,29667,30193,31636,1113,1289,2056,2474,2455,2854,2674,2163,2588,3547,4652,5963,6029,6160,4112,3480,2950,2257,853,169,22,4458,35399,20003,9731,6251,0.334163,0.162563,0.104427
12770,전남광주통합특별시 장흥군,12770,전남광주통합특별시 장흥군,,2026-08-31,1277000000,전남광주통합특별시 장흥군,33877,16763,17114,19649,564,662,1099,1131,990,1191,1090,1113,1434,1817,2261,3117,3413,3858,2909,2550,2078,1686,738,162,14,2325,17557,13995,7228,4678,0.413112,0.21336,0.138088
12780,전남광주통합특별시 강진군,12780,전남광주통합특별시 강진군,,2026-08-31,1278000000,전남광주통합특별시 강진군,31603,15577,16026,18119,677,696,907,1119,880,1168,1093,1055,1318,1607,2120,2718,3156,3713,2643,2403,2003,1573,597,138,19,2280,16234,13089,6733,4330,0.41417,0.213049,0.137012
12790,전남광주통합특별시 해남군,12790,전남광주통합특별시 해남군,,2026-08-31,1279000000,전남광주통합특별시 해남군,61883,31202,30681,34498,1048,1337,1923,2293,1893,2175,2045,1948,2656,3522,4486,5613,6267,7187,5269,4623,3722,2678,959,214,25,4308,32898,24677,12221,7598,0.398769,0.197486,0.12278
12800,전남광주통합특별시 영암군,12800,전남광주통합특별시 영암군,,2026-08-31,1280000000,전남광주통합특별시 영암군,49984,26424,23560,28472,788,1129,1730,2004,1791,2144,1929,1790,2690,3405,4171,4841,5067,4939,3543,2915,2428,1777,736,145,22,3647,29832,16505,8023,5108,0.330206,0.160511,0.102193
12810,전남광주통합특별시 무안군,12810,전남광주통합특별시 무안군,,2026-08-31,1281000000,전남광주통합특별시 무안군,95537,48055,47482,46640,3257,3933,5641,5368,4177,4850,5676,5600,7329,7744,7157,7191,6663,6681,4805,3791,2913,1883,704,153,21,12831,61755,20951,9465,5674,0.219297,0.099072,0.059391
12820,전남광주통합특별시 함평군,12820,전남광주통합특별시 함평군,,2026-08-31,1282000000,전남광주통합특별시 함평군,29753,15225,14528,17856,453,467,736,967,831,991,976,910,1097,1523,2107,2735,3141,3550,2709,2243,1998,1584,590,128,17,1656,15278,12819,6560,4317,0.430847,0.220482,0.145095
12830,전남광주통합특별시 영광군,12830,전남광주통합특별시 영광군,,2026-08-31,1283000000,전남광주통합특별시 영광군,53719,26958,26761,28615,1812,1482,1737,2144,1899,2473,2646,2471,2718,3248,3922,4653,4745,5140,3839,3373,2714,1868,673,142,20,5031,30919,17769,8790,5417,0.330777,0.163629,0.10084
12840,전남광주통합특별시 장성군,12840,전남광주통합특별시 장성군,,2026-08-31,1284000000,전남광주통합특별시 장성군,43079,22115,20964,23608,944,942,1422,1584,1453,1861,1811,1634,1936,2541,3234,3986,4232,4591,3327,2821,2260,1674,691,119,16,3308,24272,15499,7581,4760,0.359781,0.175979,0.110495
12850,전남광주통합특별시 완도군,12850,전남광주통합특별시 완도군,,2026-08-31,1285000000,전남광주통합특별시 완도군,44071,22419,21652,24942,774,1084,1552,1585,1213,1410,1343,1337,2205,2806,3121,3842,4211,4827,3719,3371,2824,1985,691,152,19,3410,23073,17588,9042,5671,0.399083,0.205169,0.128679
12860,전남광주통합특별시 진도군,12860,전남광주통합특별시 진도군,,2026-08-31,1286000000,전남광주통합특별시 진도군,27773,14043,13730,16335,464,592,876,1026,801,1014,879,893,1204,1535,1986,2440,2808,3175,2262,2070,1816,1347,468,107,10,1932,14586,11255,5818,3748,0.40525,0.209484,0.134951
12870,전남광주통합특별시 신안군,12870,전남광주통합특별시 신안군,,2026-08-31,1287000000,전남광주통합특별시 신안군,42384,22795,19589,22566,600,800,1154,1548,1398,1410,1268,1282,1899,2446,3146,4109,4743,5005,3652,2891,2498,1753,638,126,18,2554,23249,16581,7924,5033,0.391209,0.186957,0.118748
26110,부산광역시 중구,26110,부산광역시 중구,,2026-08-31,2611000000,부산광역시 중구,36126,17508,18618,23300,246,333,644,834,1734,2842,2400,1593,1685,2101,2648,3125,3195,3919,3363,2433,1684,973,282,81,11,1223,22157,12746,5464,3031,0.352821,0.151248,0.083901
26140,부산광역시 서구,26140,부산광역시 서구,,2026-08-31,2614000000,부산광역시 서구,100964,48251,52713,53370,1656,2233,3402,3655,4673,5655,5433,4632,5573,6829,7589,8610,8594,10124,8354,6188,4238,2506,814,180,26,7291,61243,32430,13952,7764,0.321204,0.138188,0.076899
26170,부산광역시 동구,26170,부산광역시 동구,,2026-08-31,2617000000,부산광역시 동구,83115,40416,42699,46290,1656,1681,2143,2324,2705,4966,5829,4770,4890,5479,6192,7065,6778,8120,6721,5164,3670,2070,720,154,18,5480,50998,26637,11796,6632,0.320484,0.141924,0.079793
26200,부산광역시 영도구,26200,부산광역시 영도구,,2026-08-31,2620000000,부산광역시 영도구,100170,49135,51035,53125,1470,1888,2893,3305,3865,4520,4568,4112,5178,6521,7649,8763,9027,11126,9435,7254,4893,2700,832,158,13,6251,57508,36411,15850,8596,0.363492,0.158231,0.085814
26230,부산광역시 부산진구,26230,부산광역시 부산진구,,2026-08-31,2623000000,부산광역시 부산진구,364184,173838,190346,189579,8905,9066,11994,12595,18430,26887,29626,24725,23750,25098,26657,28660,27594,30758,23414,16555,10837,6227,1985,374,47,29965,244022,90197,36025,19470,0.247669,0.09892,0.053462
26260,부산광역시 동래구,26260,부산광역시 동래구,,2026-08-31,2626000000,부산광역시 동래구,270512,129981,140531,122486,6759,9749,13731,12681,11083,13674,15641,15918,19664,22260,21542,22121,19737,22323,17679,12327,7680,4189,1446,278,30,30239,174321,65952,25950,13623,0.243804,0.095929,0.05036
26290,부산광역시 남구,26290,부산광역시 남구,,2026-08-31,2629000000,부산광역시 남구,254960,123698,131262,122172,5299,7172,10756,11552,15667,14698,14973,13566,15959,19120,20353,21216,18709,21243,17024,12774,8462,4599,1527,264,27,23227,165813,65920,27653,14879,0.25855,0.10846,0.058358
26320,부산광역시 북구,26320,부산광역시 북구,,2026-08-31,2632000000,부산광역시 북구,260069,127325,132744,122183,5666,6974,9963,10118,10056,13519,16499,14607,15442,17808,19635,24509,25293,26711,18476,11899,7237,4033,1338,248,38,22603,167486,69980,24793,12894,0.269082,0.095332,0.049579
26350,부산광역시 해운대구,26350,부산광역시 해운대구,,2026-08-31,2635000000,부산광역시 해운대구,369727,176710,193017,170074,7852,11667,17513,17056,15014,19059,20862,20290,24741,29931,31304,33657,30274,31414,23715,16115,10418,6242,2097,453,53,37032,242188,90507,35378,19263,0.244794,0.095687,0.052101
26380,부산광역시 사하구,26380,부산광역시 사하구,,2026-08-31,2638000000,부산광역시 사하구,281184,139185,141999,139066,4706,6726,10687,11722,12732,15133,15666,13854,17262,20635,22206,25697,25136,28218,21338,14240,8714,4661,1515,286,50,22119,180043,79022,29466,15226,0.281033,0.104793,0.05415
26410,부산광역시 금정구,26410,부산광역시 금정구,,2026-08-31,2641000000,부산광역시 금정구,205341,99640,105701,105393,3025,4570,7054,8259,13159,12205,10963,9543,10850,14005,15150,17748,18214,20220,15870,11191,7310,4198,1476,290,41,14649,130096,60596,24506,13315,0.295099,0.119343,0.064843
26440,부산광역시 강서구,26440,부산광역시 강서구,,2026-08-31,2644000000,부산광역시 강서구,154782,80008,74774,67136,7194,9469,11365,7540,4394,6291,10684,13681,16945,15378,10436,8968,8354,9492,6596,3918,2210,1293,459,105,10,28028,102671,24083,7995,4077,0.155593,0.051653,0.02634
26470,부산광역시 연제구,26470,부산광역시 연제구,,2026-08-31,2647000000,부산광역시 연제구,211603,100668,110935,101129,5307,6699,8762,8449,8721,12192,14972,13632,14586,16228,16139,17329,15664,17732,14122,9906,6281,3527,1116,211,28,20768,137912,52923,21069,11163,0.250105,0.099569,0.052754
26500,부산광역시 수영구,26500,부산광역시 수영구,,2026-08-31,2650000000,부산광역시 수영구,169336,79296,90040,88468,3201,4068,5756,5744,6995,11851,12919,10392,10960,11996,12564,13510,12569,14751,12359,9073,5912,3335,1112,241,28,13025,109500,46811,19701,10628,0.276439,0.116343,0.062763
26530,부산광역시 사상구,26530,부산광역시 사상구,,2026-08-31,2653000000,부산광역시 사상구,191912,95671,96241,98617,2979,3996,6263,6848,8896,11500,12390,9953,10765,12729,14249,18205,19341,20790,14421,9467,5298,2780,877,144,21,13238,124876,53798,18587,9120,0.280326,0.096852,0.047522
26710,부산광역시 기장군,26710,부산광역시 기장군,,2026-08-31,2671000000,부산광역시 기장군,175482,86988,88494,80868,4724,7115,10821,9378,6638,7804,9781,10409,14084,16896,14968,13455,11484,12562,9909,7108,4606,2588,941,180,31,22660,114897,37925,15454,8346,0.216119,0.088066,0.04756
27110,대구광역시 중구,27110,대구광역시 중구,,2026-08-31,2711000000,대구광역시 중구,101894,48678,53216,51245,4289,3929,3954,3696,5447,8052,9907,8756,7931,7114,7363,6910,5662,5665,4558,3626,2688,1600,616,114,17,12172,70838,18884,8661,5035,0.18533,0.085,0.049414
27140,대구광역시 동구,27140,대구광역시 동구,,2026-08-31,2714000000,대구광역시 동구,338699,165263,173436,166942,8503,10084,12889,13137,13903,18862,23484,21071,21628,24428,26512,29006,27645,28858,22478,16077,10815,6545,2308,417,49,31476,219676,87547,36211,20134,0.25848,0.106912,0.059445
27170,대구광역시 서구,27170,대구광역시 서구,,2026-08-31,2717000000,대구광역시 서구,163319,80700,82619,85709,3292,3496,4693,5026,5642,8415,10683,8989,9149,10218,12366,15587,16644,16821,12956,8877,5790,3356,1094,204,21,11481,102719,49119,19342,10465,0.300755,0.118431,0.064077
27200,대구광역시 남구,27200,대구광역시 남구,,2026-08-31,2720000000,대구광역시 남구,141722,67390,74332,79231,2763,2784,3796,4661,7002,9326,10583,8102,8252,9053,10941,12419,11601,12484,10162,7584,5225,3452,1272,237,23,9343,91940,40439,17793,10209,0.28534,0.125549,0.072035
27230,대구광역시 북구,27230,대구광역시 북구,,2026-08-31,2723000000,대구광역시 북구,406214,200738,205476,194394,8735,11984,17847,19572,23685,25677,25354,22210,25001,30262,36360,39055,33849,31430,21371,14999,10164,6089,2099,415,56,38566,281025,86623,33822,18823,0.213245,0.083262,0.046338
27260,대구광역시 수성구,27260,대구광역시 수성구,,2026-08-31,2726000000,대구광역시 수성구,407570,195514,212056,178106,8644,15357,23859,23060,19576,21474,21400,21552,28198,34254,36005,37443,30879,28832,21482,15365,10350,6658,2622,496,64,47860,273841,85869,35555,20190,0.210685,0.087237,0.049538
27290,대구광역시 달서구,27290,대구광역시 달서구,,2026-08-31,2729000000,대구광역시 달서구,512577,250575,262002,240206,10924,15269,23322,24968,25781,30416,32585,28497,31981,38526,43651,49345,45103,42263,29027,18857,11715,7251,2591,458,47,49515,350853,112209,40919,22062,0.218912,0.07983,0.043041
27710,대구광역시 달성군,27710,대구광역시 달성군,,2026-08-31,2771000000,대구광역시 달성군,251789,127525,124264,113915,7721,11610,14881,12502,9143,11856,15238,16806,20767,22387,20131,20864,19703,18596,12298,8056,4773,3062,1130,239,26,34212,169397,48180,17286,9230,0.191351,0.068653,0.036658
27720,대구광역시 군위군,27720,대구광역시 군위군,,2026-08-31,2772000000,대구광역시 군위군,22493,11747,10746,13517,215,223,336,460,386,496,571,552,680,917,1336,2126,2868,3439,2690,2007,1506,1125,475,84,1,774,10392,11327,5198,3191,0.503579,0.231094,0.141866
28125,인천광역시 제물포구,28125,인천광역시 제물포구,,2026-08-31,2812500000,인천광역시 제물포구,99217,50272,48945,51426,1698,1849,2941,3579,3798,5433,5971,5062,5800,7247,8150,8726,8502,9618,7530,5743,4094,2332,894,219,31,6488,62268,30461,13313,7570,0.307014,0.134181,0.076297
28155,인천광역시 영종구,28155,인천광역시 영종구,,2026-08-31,2815500000,인천광역시 영종구,138659,71759,66900,67609,5595,6035,7319,6659,6338,11786,13146,12050,12194,12588,11140,9577,7339,6536,4474,2690,1816,943,339,81,14,18949,102817,16893,5883,3193,0.121831,0.042428,0.023028
28177,인천광역시 미추홀구,28177,인천광역시 미추홀구,,2026-08-31,2817700000,인천광역시 미추홀구,419123,210834,208289,207969,10969,11894,15397,16969,20794,27271,31024,27988,30074,32397,33736,35003,32389,32881,23182,16302,11400,6395,2426,551,81,38260,287645,93218,37155,20853,0.222412,0.088649,0.049754
28185,인천광역시 연수구,28185,인천광역시 연수구,,2026-08-31,2818500000,인천광역시 연수구,410369,202990,207379,169578,13789,18279,24578,22980,19724,24209,27987,29038,34766,36355,34595,33565,29701,25925,14914,8567,5754,3645,1543,388,67,56646,292920,60803,19964,11397,0.148167,0.048649,0.027773
28200,인천광역시 남동구,28200,인천광역시 남동구,,2026-08-31,2820000000,인천광역시 남동구,478603,237205,241398,227612,9241,13053,20964,22872,22024,30631,33381,27324,32379,39146,40606,43170,40478,39722,26113,16721,11118,6508,2475,591,86,43258,332011,103334,37499,20778,0.215908,0.078351,0.043414
28237,인천광역시 부평구,28237,인천광역시 부평구,,2026-08-31,2823700000,인천광역시 부평구,487282,239078,248204,226716,12192,13218,17879,19909,20738,31571,39325,34102,33858,36123,38441,43455,42197,40345,25800,16653,11181,6895,2710,606,84,43289,339719,104274,38129,21476,0.213991,0.078248,0.044073
28245,인천광역시 계양구,28245,인천광역시 계양구,,2026-08-31,2824500000,인천광역시 계양구,275966,137167,138799,129381,5155,6265,9346,11478,12276,17800,20364,16635,17176,19565,23139,28294,28837,25680,14311,8371,5740,3595,1524,352,63,20766,195564,59636,19645,11274,0.216099,0.071186,0.040853
28275,인천광역시 서해구,28275,인천광역시 서해구,,2026-08-31,2827500000,인천광역시 서해구,392072,197117,194955,176293,11487,14641,19751,18722,17094,25195,30536,27892,31458,32594,31830,33735,31179,28118,16551,9757,6126,3546,1454,349,57,45879,280235,65958,21289,11532,0.168229,0.054299,0.029413
28290,인천광역시 검단구,28290,인천광역시 검단구,,2026-08-31,2829000000,인천광역시 검단구,276078,138369,137709,113242,13511,14302,15719,14071,11823,14768,21750,24839,26473,25057,22418,20772,16359,13767,8456,5438,3378,2023,919,205,30,43532,198330,34216,11993,6555,0.123936,0.043441,0.023743
28710,인천광역시 강화군,28710,인천광역시 강화군,,2026-08-31,2871000000,인천광역시 강화군,69541,34849,34692,36329,1138,1329,1956,2229,1926,2134,2336,2413,2972,3804,4520,5992,7448,9289,6906,5179,3892,2616,1219,220,23,4423,35774,29344,13149,7970,0.421967,0.189083,0.114609
28720,인천광역시 옹진군,28720,인천광역시 옹진군,,2026-08-31,2872000000,인천광역시 옹진군,19275,11010,8265,12190,232,250,359,496,938,1107,858,707,784,1032,1266,1747,2186,2505,1903,1212,846,513,237,80,17,841,11121,7313,2905,1693,0.379403,0.150713,0.087834
30110,대전광역시 동구,30110,대전광역시 동구,,2026-08-31,3011000000,대전광역시 동구,217981,109731,108250,113969,5089,5538,8024,10530,14428,13183,13566,11742,13136,15430,17398,18610,16724,18388,13708,9655,6961,4085,1441,311,34,18651,144747,54583,22487,12832,0.250403,0.10316,0.058868
30140,대전광역시 중구,30140,대전광역시 중구,,2026-08-31,3014000000,대전광역시 중구,223664,109197,114467,109931,4831,6443,9017,10176,10508,13918,14341,12057,13518,16694,18502,19706,17227,18108,14123,10465,7491,4421,1731,338,49,20291,146647,56726,24495,14030,0.253622,0.109517,0.062728
30170,대전광역시 서구,30170,대전광역시 서구,,2026-08-31,3017000000,대전광역시 서구,464238,227315,236923,225454,11976,14942,22537,23377,26297,36222,37122,29647,32307,36360,37833,38856,31944,31891,21693,14021,9139,5400,2153,464,57,49455,329965,84818,31234,17213,0.182704,0.06728,0.037078
30200,대전광역시 유성구,30200,대전광역시 유성구,,2026-08-31,3020000000,대전광역시 유성구,373361,189210,184151,175929,13212,15433,19550,19253,22537,29955,31567,28094,28571,29842,29793,29666,23668,21483,13361,7630,4951,3073,1375,303,44,48195,272946,52220,17376,9746,0.139865,0.046539,0.026103
30230,대전광역시 대덕구,30230,대전광역시 대덕구,,2026-08-31,3023000000,대전광역시 대덕구,163594,82960,80634,81154,3397,3879,5821,7186,7959,10087,10548,8701,9378,11374,13978,17044,14944,14951,9787,6395,4379,2552,988,215,31,13097,111199,39298,14560,8165,0.240217,0.089001,0.04991
31110,울산광역시 중구,31110,울산광역시 중구,,2026-08-31,3111000000,울산광역시 중구,202545,102325,100220,95164,4588,6496,9323,9433,7215,10813,12736,11717,13553,15738,16410,19365,18587,18038,12510,7932,4687,2411,832,149,12,20407,135567,46571,16023,8091,0.229929,0.079108,0.039947
31140,울산광역시 남구,31140,울산광역시 남구,,2026-08-31,3114000000,울산광역시 남구,304655,156022,148633,144437,7654,10013,14023,13846,13176,19898,23064,19961,21142,23385,24995,29715,26272,23710,15485,9348,5139,2727,922,152,28,31690,215454,57511,18316,8968,0.188774,0.06012,0.029437
31170,울산광역시 동구,31170,울산광역시 동구,,2026-08-31,3117000000,울산광역시 동구,147440,77264,70176,68495,3192,5117,8196,7986,5739,8043,8220,8439,12176,13487,11963,11993,11793,13234,8635,5028,2530,1187,401,67,14,16505,99839,31096,9227,4199,0.210906,0.062581,0.028479
31200,울산광역시 북구,31200,울산광역시 북구,,2026-08-31,3120000000,울산광역시 북구,213391,111159,102232,90541,6688,9404,13352,12184,8228,12123,14634,14476,17321,19852,17825,19641,17685,13372,7507,4354,2585,1460,560,125,15,29444,153969,29978,9099,4745,0.140484,0.04264,0.022236
31710,울산광역시 울주군,31710,울산광역시 울주군,,2026-08-31,3171000000,울산광역시 울주군,218342,113351,104991,103750,5126,6309,9755,10694,9398,11341,12465,11302,13361,16762,19940,22740,20423,19092,12557,7685,4855,3036,1207,263,31,21190,148426,48726,17077,9392,0.223164,0.078212,0.043015
36110,세종특별자치시,36110,세종특별자치시,,2026-08-31,3611000000,세종특별자치시,390738,194589,196149,165930,15323,21627,28526,25736,17397,18678,26434,30085,36581,39102,33238,27083,20543,19347,12826,7894,5126,3295,1509,352,36,65476,274877,50385,18212,10318,0.128948,0.046609,0.026406
41111,경기도 수원시 장안구,41111,경기도 수원시 장안구,,2026-08-31,4111100000,경기도 수원시 장안구,269717,135244,134473,123169,5964,7315,11156,13499,16465,20480,19672,15982,16893,20605,23307,25477,21548,19302,12210,8170,6067,3730,1513,324,38,24435,193928,51354,19842,11672,0.1904,0.073566,0.043275
41113,경기도 수원시 권선구,41113,경기도 수원시 권선구,,2026-08-31,4111300000,경기도 수원시 권선구,360795,181791,179004,166998,9672,10708,15710,15915,16822,26790,32089,26044,26774,28778,29152,31715,28353,25353,15600,9559,6304,3728,1401,286,42,36090,262432,62273,21320,11761,0.172599,0.059092,0.032597
41115,경기도 수원시 팔달구,41115,경기도 수원시 팔달구,,2026-08-31,4111500000,경기도 수원시 팔달구,193282,96921,96361,99128,4851,5243,5989,7109,10464,17106,18552,14318,12949,13471,15304,16487,14334,13613,9222,6201,4338,2594,926,169,42,16083,140094,37105,14270,8069,0.191973,0.07383,0.041747
41117,경기도 수원시 영통구,41117,경기도 수원시 영통구,,2026-08-31,4111700000,경기도 수원시 영통구,361883,180897,180986,157112,12278,14515,20278,20140,20409,29509,33501,29474,30261,32357,30144,27763,21130,16813,9603,5915,4073,2480,976,227,37,47071,274688,40124,13708,7793,0.110876,0.03788,0.021535
41131,경기도 성남시 수정구,41131,경기도 성남시 수정구,,2026-08-31,4113100000,경기도 성남시 수정구,234948,118665,116283,117650,6579,6706,7667,8407,10854,16137,19188,17355,16989,17056,17993,20061,18626,19025,13359,8908,5696,3013,1052,246,31,20952,162666,51330,18946,10038,0.218474,0.080639,0.042724
41133,경기도 성남시 중원구,41133,경기도 성남시 중원구,,2026-08-31,4113300000,경기도 성남시 중원구,198233,99758,98475,98022,4757,4837,6379,7202,8482,13832,16578,14004,13840,14125,15304,17210,16503,17138,11519,7688,4945,2720,932,199,39,15973,137080,45180,16523,8835,0.227914,0.083351,0.044569
41135,경기도 성남시 분당구,41135,경기도 성남시 분당구,,2026-08-31,4113500000,경기도 성남시 분당구,466625,225769,240856,192707,13210,17426,25497,25177,21644,29945,33976,32879,36773,40548,40089,38536,30402,28694,19377,13035,9625,6280,2745,682,85,56133,329969,80523,32452,19417,0.172565,0.069546,0.041612
41150,경기도 의정부시,41150,경기도 의정부시,,2026-08-31,4115000000,경기도 의정부시,461977,226540,235437,214172,11670,14442,19033,20415,22146,29728,32266,28721,32164,35225,38960,42409,37489,35297,23674,16156,11874,7200,2507,536,65,45145,319523,97309,38338,22182,0.210636,0.082987,0.048015
41171,경기도 안양시 만안구,41171,경기도 안양시 만안구,,2026-08-31,4117100000,경기도 안양시 만안구,234085,116499,117586,106609,6598,5817,7354,8721,10605,15398,19039,16637,15391,15755,17654,21054,20318,20537,13578,8737,5810,3452,1319,268,43,19769,160572,53744,19629,10892,0.229592,0.083854,0.04653
41173,경기도 안양시 동안구,41173,경기도 안양시 동안구,,2026-08-31,4117300000,경기도 안양시 동안구,327922,160307,167615,134554,10852,11789,16459,16029,14867,20609,26469,25715,25739,25847,26786,27164,23577,22689,14194,8350,5434,3482,1474,361,36,39100,232802,56020,19137,10787,0.170833,0.058358,0.032895
41192,경기도 부천시 원미구,41192,경기도 부천시 원미구,,2026-08-31,4119200000,경기도 부천시 원미구,381864,186939,194925,175101,8601,10518,14898,16494,17706,25876,29251,25808,27237,28872,30990,34489,33106,32478,19792,11743,7350,4346,1808,443,58,34017,269829,78018,25748,14005,0.204308,0.067427,0.036675
41194,경기도 부천시 소사구,41194,경기도 부천시 소사구,,2026-08-31,4119400000,경기도 부천시 소사구,223777,109324,114453,98904,5636,7193,9468,9858,9375,12325,15051,14712,16586,18141,17811,18926,18488,19439,13112,8209,5050,2958,1146,258,35,22297,151273,50207,17656,9447,0.224362,0.0789,0.042216
41196,경기도 부천시 오정구,41196,경기도 부천시 오정구,,2026-08-31,4119600000,경기도 부천시 오정구,148518,74705,73813,70204,2318,3034,4665,5683,6495,10104,10936,8417,8724,9898,12489,15932,15099,14338,8583,5117,3585,2147,734,199,21,10017,103777,34724,11803,6686,0.233803,0.079472,0.045018
41210,경기도 광명시,41210,경기도 광명시,,2026-08-31,4121000000,경기도 광명시,303641,148631,155010,128023,9328,9770,13432,14536,14509,18311,23530,22035,22894,24120,25866,25585,22058,21996,15147,9297,6019,3443,1416,298,51,32530,213444,57667,20524,11227,0.189918,0.067593,0.036975
41220,경기도 평택시,41220,경기도 평택시,,2026-08-31,4122000000,경기도 평택시,622663,327751,294912,301143,21839,24570,30557,28956,27597,44506,54120,48335,50154,52284,51903,51508,41770,36238,22680,14861,10783,6837,2551,541,73,76966,451133,94564,35646,20785,0.15187,0.057248,0.033381
41250,경기도 동두천시,41250,경기도 동두천시,,2026-08-31,4125000000,경기도 동두천시,86168,42885,43283,43845,1398,1986,3319,4017,3766,4466,4416,3823,4951,5961,7337,8323,7795,8042,5638,4307,3408,2250,763,180,22,6703,54855,24610,10930,6623,0.285605,0.126845,0.076861
41271,경기도 안산시 상록구,41271,경기도 안산시 상록구,,2026-08-31,4127100000,경기도 안산시 상록구,320360,163534,156826,152460,5660,7731,12423,15120,18154,24427,23692,17380,19391,23726,29383,34256,30027,24688,13481,8451,6290,4002,1632,369,77,25814,235556,58990,20821,12370,0.184137,0.064993,0.038613
41273,경기도 안산시 단원구,41273,경기도 안산시 단원구,,2026-08-31,4127300000,경기도 안산시 단원구,288127,148043,140084,137022,6949,7905,10836,13206,14757,21461,23069,18948,18678,21428,25510,29250,26146,21972,12007,6948,4589,2868,1282,257,61,25690,212453,49984,16005,9057,0.173479,0.055548,0.031434
41281,경기도 고양시 덕양구,41281,경기도 고양시 덕양구,,2026-08-31,4128100000,경기도 고양시 덕양구,482470,236117,246353,219231,13947,15861,20234,20191,20675,28842,35644,34439,36060,37255,40110,43223,38645,35558,23124,15332,11888,7767,2984,612,79,50042,335084,97344,38662,23330,0.201762,0.080133,0.048355
41285,경기도 고양시 일산동구,41285,경기도 고양시 일산동구,,2026-08-31,4128500000,경기도 고양시 일산동구,298091,144289,153802,134559,7152,9036,12772,13793,13964,20327,22036,19293,20441,23037,26525,28845,24968,21406,12850,8038,6451,4605,2036,468,48,28960,213229,55902,21646,13608,0.187533,0.072615,0.04565
41287,경기도 고양시 일산서구,41287,경기도 고양시 일산서구,,2026-08-31,4128700000,경기도 고양시 일산서구,276028,133058,142970,114696,5674,7880,13020,14699,14007,17395,17320,15345,17702,21217,25760,28346,23787,20235,11963,7904,6593,4796,1946,395,44,26574,195578,53876,21678,13774,0.195183,0.078536,0.049901
41290,경기도 과천시,41290,경기도 과천시,,2026-08-31,4129000000,경기도 과천시,81107,39502,41605,29758,3417,4675,4604,3731,3481,4654,6051,6558,6998,6155,5732,6106,5610,5099,3198,2033,1489,930,459,108,19,12696,55076,13335,5038,3005,0.164412,0.062115,0.03705
41310,경기도 구리시,41310,경기도 구리시,,2026-08-31,4131000000,경기도 구리시,188134,93128,95006,83525,4638,5457,7845,8169,8566,12339,14537,12260,13203,14622,15699,17453,15770,14683,9419,5898,4192,2375,826,158,25,17940,132618,37576,13474,7576,0.19973,0.071619,0.040269
41360,경기도 남양주시,41360,경기도 남양주시,,2026-08-31,4136000000,경기도 남양주시,727158,358974,368184,309549,18454,25697,38248,40027,34402,40079,43217,40968,53008,64408,65863,64443,54551,51149,36341,24448,17220,10072,3602,824,137,82399,500966,143793,56303,31855,0.197747,0.077429,0.043808
41370,경기도 오산시,41370,경기도 오산시,,2026-08-31,4137000000,경기도 오산시,255303,133324,121979,118916,8157,9815,13700,13767,12030,16640,21123,20473,22905,24173,22279,20063,15632,13703,8460,5413,3838,2177,770,159,26,31672,189085,34546,12383,6970,0.135314,0.048503,0.027301
41390,경기도 시흥시,41390,경기도 시흥시,,2026-08-31,4139000000,경기도 시흥시,515337,268168,247169,232166,15889,20742,26481,25670,24305,31756,37450,36543,42743,45573,45047,47236,40152,32352,18077,10823,7422,4741,1854,412,69,63112,376475,75750,25321,14498,0.146991,0.049135,0.028133
41410,경기도 군포시,41410,경기도 군포시,,2026-08-31,4141000000,경기도 군포시,249066,123350,125716,111789,5320,6402,9998,11802,12205,16586,18369,15557,16129,18596,21167,23344,21313,20468,12581,7817,5667,3704,1654,349,38,21720,175068,52278,19229,11412,0.209896,0.077204,0.045819
41430,경기도 의왕시,41430,경기도 의왕시,,2026-08-31,4143000000,경기도 의왕시,166540,82104,84436,69069,6092,5651,6601,6915,7235,10212,13256,12862,11852,11159,12613,14655,13975,13444,8474,4927,3380,2087,891,219,40,18344,114734,33462,11544,6617,0.200925,0.069317,0.039732
41450,경기도 하남시,41450,경기도 하남시,,2026-08-31,4145000000,경기도 하남시,327389,162287,165102,141038,10846,14441,18213,15815,13207,18955,23792,24777,29294,29969,26039,24076,21050,21597,15420,9748,5642,2993,1166,305,44,43500,226974,56915,19898,10150,0.173845,0.060778,0.031003
41461,경기도 용인시 처인구,41461,경기도 용인시 처인구,,2026-08-31,4146100000,경기도 용인시 처인구,288583,147919,140664,132761,7886,9565,12683,16383,14639,17650,19491,18224,20976,23070,24433,25390,22627,20877,13981,8838,6232,3729,1518,355,36,30134,202883,55566,20708,11870,0.192548,0.071758,0.041132
41463,경기도 용인시 기흥구,41463,경기도 용인시 기흥구,,2026-08-31,4146300000,경기도 용인시 기흥구,434133,213684,220449,178014,11303,14653,23010,25144,23978,28143,27847,25153,30682,38345,41276,39173,28506,24513,18353,13931,10767,6362,2394,526,74,48966,308247,76920,34054,20123,0.177181,0.078441,0.046352
41465,경기도 용인시 수지구,41465,경기도 용인시 수지구,,2026-08-31,4146500000,경기도 용인시 수지구,368721,179371,189350,140846,11148,15677,22927,22513,18891,21363,23471,24275,29836,34478,33300,29346,21155,18272,14221,11715,8908,5060,1754,364,47,49752,258628,60341,27848,16133,0.163649,0.075526,0.043754
41480,경기도 파주시,41480,경기도 파주시,,2026-08-31,4148000000,경기도 파주시,535692,269432,266260,238730,16552,21575,28456,27760,23607,30820,36885,37841,43448,45270,45632,44829,37478,34098,22398,15521,11986,7844,2927,686,79,66583,373570,95539,39043,23522,0.178347,0.072883,0.04391
41500,경기도 이천시,41500,경기도 이천시,,2026-08-31,4150000000,경기도 이천시,227032,118656,108376,111152,6124,7231,10412,12702,10520,16026,17251,14596,15948,17522,18096,19002,17320,16983,10942,6743,4978,3117,1242,240,37,23767,158983,44282,16357,9614,0.195047,0.072047,0.042346
41550,경기도 안성시,41550,경기도 안성시,,2026-08-31,4155000000,경기도 안성시,199484,103236,96248,99433,4566,5576,8273,9885,10022,11859,12592,11281,13323,15607,16608,17920,16217,16408,11331,7248,5309,3644,1490,282,43,18415,135314,45755,18016,10768,0.229367,0.090313,0.053979
41570,경기도 김포시,41570,경기도 김포시,,2026-08-31,4157000000,경기도 김포시,483679,241092,242587,208177,14190,21243,30450,26371,19770,25415,29501,31820,42950,47330,40909,36406,31840,30828,21744,14670,9895,5677,2099,508,63,65883,332312,85484,32912,18242,0.176737,0.068045,0.037715
41591,경기도 화성시 만세구,41591,경기도 화성시 만세구,,2026-08-31,4159100000,경기도 화성시 만세구,234222,127676,106546,116671,6456,8862,11947,11302,8826,14341,16148,15464,18722,20606,19789,19924,18171,17024,10610,6572,4598,3195,1346,288,31,27265,163293,43664,16030,9458,0.186421,0.068439,0.04038
41593,경기도 화성시 효행구,41593,경기도 화성시 효행구,,2026-08-31,4159300000,경기도 화성시 효행구,160959,82941,78018,71973,6905,6489,7735,7943,7448,9076,12689,13273,13188,13219,13153,12857,11023,10089,6481,4007,2697,1721,764,170,32,21129,113869,25961,9391,5384,0.16129,0.058344,0.03345
41595,경기도 화성시 병점구,41595,경기도 화성시 병점구,,2026-08-31,4159500000,경기도 화성시 병점구,175182,90591,84591,75907,6614,7581,9195,9307,9027,12945,15195,14361,15494,15384,14590,13310,10118,8797,5647,3403,2306,1340,456,102,10,23390,129731,22061,7617,4214,0.125932,0.04348,0.024055
41597,경기도 화성시 동탄구,41597,경기도 화성시 동탄구,,2026-08-31,4159700000,경기도 화성시 동탄구,430101,216905,213196,169795,20559,24391,32700,28365,19025,27445,39555,39274,44512,45480,34640,26192,17213,13318,7975,4503,2746,1466,627,103,12,77650,321701,30750,9457,4954,0.071495,0.021988,0.011518
41610,경기도 광주시,41610,경기도 광주시,,2026-08-31,4161000000,경기도 광주시,401246,204071,197175,178640,11196,14591,18754,18235,16031,21644,25757,25997,32324,34755,34610,36183,32029,30972,20624,12588,8188,4633,1693,379,63,44541,277565,79140,27544,14956,0.197236,0.068646,0.037274
41630,경기도 양주시,41630,경기도 양주시,,2026-08-31,4163000000,경기도 양주시,297605,149409,148196,133645,10195,11929,14890,14361,13250,16839,20333,19786,22520,23959,25230,25109,21735,20678,14218,9418,7007,4135,1613,348,52,37014,203122,57469,22573,13155,0.193105,0.075849,0.044203
41650,경기도 포천시,41650,경기도 포천시,,2026-08-31,4165000000,경기도 포천시,140397,74320,66077,74510,2432,3011,4341,5271,5723,7885,7700,6335,6789,8437,11232,14316,15262,15862,9934,6174,4765,3316,1280,279,53,9784,88950,41663,15867,9693,0.296751,0.113015,0.06904
41670,경기도 여주시,41670,경기도 여주시,,2026-08-31,4167000000,경기도 여주시,113348,57848,55500,57269,2077,2893,4156,4695,4189,5310,5818,5364,6461,7816,8989,10700,11200,11717,8904,5257,3973,2528,1028,240,33,9126,70542,33680,13059,7802,0.297138,0.115212,0.068832
41800,경기도 연천군,41800,경기도 연천군,,2026-08-31,4180000000,경기도 연천군,43143,22687,20456,22992,821,1000,1288,1478,1854,2574,2409,1851,1998,2224,2818,3619,4304,4925,3597,2426,1985,1350,515,97,10,3109,25129,14905,6383,3957,0.345479,0.14795,0.091718
41820,경기도 가평군,41820,경기도 가평군,,2026-08-31,4182000000,경기도 가평군,62046,31886,30160,33325,1060,1314,1855,2226,2165,2936,2852,2499,2995,3678,4555,5730,6443,7492,5732,3326,2708,1660,677,118,25,4229,36079,21738,8514,5188,0.350353,0.137221,0.083615
41830,경기도 양평군,41830,경기도 양평군,,2026-08-31,4183000000,경기도 양평군,127137,64049,63088,64128,2247,3137,4732,5375,4150,4636,5325,5069,6803,8171,9744,11297,12912,15029,11464,7027,5192,3155,1344,290,38,10116,73482,43539,17046,10019,0.342457,0.134076,0.078805
43111,충청북도 청주시 상당구,43111,충청북도 청주시 상당구,,2026-08-31,4311100000,충청북도 청주시 상당구,192578,95607,96971,89494,5245,7057,9817,9591,8315,10764,12514,11166,13411,14911,15773,17410,15552,15139,10317,6318,4770,3035,1208,237,28,22119,129407,41052,15596,9278,0.213171,0.080985,0.048178
43112,충청북도 청주시 서원구,43112,충청북도 청주시 서원구,,2026-08-31,4311200000,충청북도 청주시 서원구,187612,93500,94112,92556,4637,5106,7759,9375,11879,12488,12889,10230,11357,13434,15948,17560,14867,15024,10040,6218,4609,2821,1120,223,28,17502,130027,40083,15019,8801,0.213648,0.080054,0.046911
43113,충청북도 청주시 흥덕구,43113,충청북도 청주시 흥덕구,,2026-08-31,4311300000,충청북도 청주시 흥덕구,294300,150323,143977,142299,11025,12088,14278,13656,14070,21975,27564,23479,23574,22601,23009,23503,19495,17756,11044,6520,4496,2721,1197,221,28,37391,212926,43983,15183,8663,0.14945,0.05159,0.029436
43114,충청북도 청주시 청원구,43114,충청북도 청주시 청원구,,2026-08-31,4311400000,충청북도 청주시 청원구,185725,95858,89867,91132,5281,6759,10038,9930,9518,12171,14156,12387,14707,15695,14642,14418,12289,12405,8340,5110,3968,2624,1063,203,21,22078,129913,33734,12989,7879,0.181634,0.069937,0.042423
43130,충청북도 충주시,43130,충청북도 충주시,,2026-08-31,4313000000,충청북도 충주시,205691,104390,101301,105357,4543,5831,8187,9017,8747,10827,11731,10747,12586,14233,16337,19139,18419,19714,13732,8196,6801,4649,1862,341,52,18561,131783,55347,21901,13705,0.269078,0.106475,0.066629
43150,충청북도 제천시,43150,충청북도 제천시,,2026-08-31,4315000000,충청북도 제천시,127898,64565,63333,67127,2433,3365,4892,5922,6354,6193,5982,5369,6874,8000,9878,12128,11890,13566,10015,5912,4718,3046,1083,243,35,10690,78590,38618,15037,9125,0.301944,0.11757,0.071346
43720,충청북도 보은군,43720,충청북도 보은군,,2026-08-31,4372000000,충청북도 보은군,31549,16078,15471,17494,397,551,793,988,876,999,944,973,1253,1503,2027,2887,3657,4389,3255,2181,1752,1335,631,146,12,1741,16107,13701,6057,3876,0.434277,0.191987,0.122857
43730,충청북도 옥천군,43730,충청북도 옥천군,,2026-08-31,4373000000,충청북도 옥천군,50730,25813,24917,26730,699,941,1562,1936,1759,2049,1817,1688,2283,2978,3785,4908,5275,6225,4743,3144,2393,1616,758,150,21,3202,28478,19050,8082,4938,0.375517,0.159314,0.097339
43740,충청북도 영동군,43740,충청북도 영동군,,2026-08-31,4374000000,충청북도 영동군,43089,21792,21297,23941,542,709,1185,1488,1388,1463,1397,1238,1618,2148,3117,4165,4759,5721,4227,2982,2508,1639,661,118,16,2436,22781,17872,7924,4942,0.414769,0.183898,0.114693
43745,충청북도 증평군,43745,충청북도 증평군,,2026-08-31,4374500000,충청북도 증평군,36777,19190,17587,19207,928,1197,1702,1709,1426,2076,2406,2059,2483,2749,2866,3306,3030,3142,2238,1380,1054,689,283,47,7,3827,24110,8840,3460,2080,0.240368,0.094081,0.056557
43750,충청북도 진천군,43750,충청북도 진천군,,2026-08-31,4375000000,충청북도 진천군,85649,45340,40309,43472,2365,3160,4224,4181,2999,4229,5352,5287,6457,7174,7092,7580,6915,6809,4509,2727,2123,1642,680,125,19,9749,57266,18634,7316,4589,0.217562,0.085418,0.053579
43760,충청북도 괴산군,43760,충청북도 괴산군,,2026-08-31,4376000000,충청북도 괴산군,37174,19291,17883,22080,415,578,794,925,986,1066,1041,1042,1344,1716,2402,3697,4698,5576,4065,2581,2060,1479,583,112,14,1787,18917,16470,6829,4248,0.443052,0.183704,0.114273
43770,충청북도 음성군,43770,충청북도 음성군,,2026-08-31,4377000000,충청북도 음성군,96114,51412,44702,52607,1851,2298,3514,3926,3196,4911,5511,4661,5480,6876,8150,9632,9515,9811,6604,3915,3080,2098,865,192,28,7663,61858,26593,10178,6263,0.276682,0.105895,0.065162
43800,충청북도 단양군,43800,충청북도 단양군,,2026-08-31,4380000000,충청북도 단양군,26481,13558,12923,15169,268,426,684,803,690,785,783,773,985,1317,1814,2648,3199,3999,2723,1862,1403,928,316,68,7,1378,13797,11306,4584,2722,0.426948,0.173105,0.102791
44131,충청남도 천안시 동남구,44131,충청남도 천안시 동남구,,2026-08-31,4413100000,충청남도 천안시 동남구,263872,133707,130165,129748,6315,7798,11524,13480,15422,16902,17879,15371,17807,20827,22482,23678,21121,20326,13004,8449,5723,3784,1625,319,36,25637,184969,53266,19936,11487,0.201863,0.075552,0.043532
44133,충청남도 천안시 서북구,44133,충청남도 천안시 서북구,,2026-08-31,4413300000,충청남도 천안시 서북구,402712,208228,194484,192688,12073,16019,21851,21210,22114,29624,33874,31428,34974,35164,33075,32599,25672,21619,12727,8071,5371,3531,1417,273,26,49943,299734,53035,18689,10618,0.131695,0.046408,0.026366
44150,충청남도 공주시,44150,충청남도 공주시,,2026-08-31,4415000000,충청남도 공주시,99481,49666,49815,53970,1436,1959,3232,4517,5754,4205,4115,3798,4786,5962,7152,8991,9442,11009,8181,5831,4232,3092,1445,301,41,6627,58722,34132,14942,9111,0.343101,0.1502,0.091585
44180,충청남도 보령시,44180,충청남도 보령시,,2026-08-31,4418000000,충청남도 보령시,91035,46168,44867,48924,1540,2169,3178,3658,2987,3685,3855,3507,4824,5987,7256,8361,8484,9905,7573,5831,4053,2722,1175,244,41,6887,52604,31544,14066,8235,0.346504,0.154512,0.09046
44200,충청남도 아산시,44200,충청남도 아산시,,2026-08-31,4420000000,충청남도 아산시,365299,190549,174750,172134,12207,16151,21449,19988,16473,20963,26153,26944,31929,33250,29341,27938,22944,21371,14342,9870,6973,4613,1949,414,37,49807,255923,59569,23856,13986,0.163069,0.065305,0.038286
44210,충청남도 서산시,44210,충청남도 서산시,,2026-08-31,4421000000,충청남도 서산시,170780,89436,81344,84261,4231,5661,8220,8340,6391,8490,9650,9550,11251,13348,14306,15333,13731,13955,9649,7372,5282,3689,1913,373,45,18112,110390,42278,18674,11302,0.247558,0.109345,0.066179
44230,충청남도 논산시,44230,충청남도 논산시,,2026-08-31,4423000000,충청남도 논산시,105655,53087,52568,56853,1804,2683,3816,4294,3569,4533,4698,4258,5350,6490,8102,9572,9837,11419,8753,6363,4763,3433,1587,293,38,8303,60703,36649,16477,10114,0.346874,0.155951,0.095727
44250,충청남도 계룡시,44250,충청남도 계룡시,,2026-08-31,4425000000,충청남도 계룡시,45937,22823,23114,19703,1286,1912,2879,3094,2223,2105,2493,2771,3562,4192,4296,4042,3188,3062,2039,1228,758,513,235,54,5,6077,31966,7894,2793,1565,0.171844,0.060801,0.034068
44270,충청남도 당진시,44270,충청남도 당진시,,2026-08-31,4427000000,충청남도 당진시,172423,92794,79629,86885,4644,6300,8652,8301,5633,8063,9768,10580,13136,14274,14193,14857,13505,13614,9336,6976,5006,3633,1619,297,36,19596,112310,40517,17567,10591,0.234986,0.101883,0.061425
44710,충청남도 금산군,44710,충청남도 금산군,,2026-08-31,4471000000,충청남도 금산군,48749,24814,23935,26737,578,857,1634,2238,1610,1451,1434,1460,2061,2689,3621,4709,5114,6053,4559,3344,2580,1849,763,127,18,3069,26387,19293,8681,5337,0.395762,0.178075,0.109479
44760,충청남도 부여군,44760,충청남도 부여군,,2026-08-31,4476000000,충청남도 부여군,57591,28715,28876,31918,573,933,1753,1942,1690,1723,1718,1648,2281,2979,3913,5071,5626,7478,5961,4556,3499,2672,1257,280,38,3259,28591,25741,12302,7746,0.446962,0.21361,0.1345
44770,충청남도 서천군,44770,충청남도 서천군,,2026-08-31,4477000000,충청남도 서천군,46589,23232,23357,26045,507,790,1291,1465,1263,1404,1357,1324,1788,2373,3214,4156,4607,5758,4854,3994,2914,2249,1037,223,21,2588,22951,21050,10438,6444,0.451823,0.224044,0.138316
44790,충청남도 청양군,44790,충청남도 청양군,,2026-08-31,4479000000,충청남도 청양군,30010,15456,14554,17017,355,447,729,1135,1123,1066,881,867,1141,1370,1968,2680,3218,3899,2966,2244,1717,1392,679,122,11,1531,15449,13030,6165,3921,0.434189,0.205432,0.130656
44800,충청남도 홍성군,44800,충청남도 홍성군,,2026-08-31,4480000000,충청남도 홍성군,101814,50985,50829,51388,2489,3509,4698,4846,3635,4543,5446,5295,6288,7064,7892,8452,8242,9042,6895,5253,3774,2811,1349,265,26,10696,61703,29415,13478,8225,0.288909,0.132379,0.080785
44810,충청남도 예산군,44810,충청남도 예산군,,2026-08-31,4481000000,충청남도 예산군,78133,39314,38819,41187,1430,1705,2527,2829,2404,2854,3210,3271,3767,4482,5787,6913,7487,8868,7015,5248,3856,2915,1273,254,38,5662,43004,29467,13584,8336,0.377139,0.173857,0.10669
44825,충청남도 태안군,44825,충청남도 태안군,,2026-08-31,4482500000,충청남도 태안군,58858,29860,28998,33402,699,1100,1697,1922,1679,2028,1982,1851,2627,3419,4285,5389,6074,7394,5630,4506,3339,2011,1018,183,25,3496,31256,24106,11082,6576,0.409562,0.188284,0.111727
47111,경상북도 포항시 남구,47111,경상북도 포항시 남구,,2026-08-31,4711100000,경상북도 포항시 남구,211051,109393,101658,108122,3941,6257,10215,9671,7606,11255,11241,10308,13969,16480,17210,19344,18366,20046,15338,9517,5712,3217,1112,223,23,20413,135450,55188,19804,10287,0.261491,0.093835,0.048742
47113,경상북도 포항시 북구,47113,경상북도 포항시 북구,,2026-08-31,4711300000,경상북도 포항시 북구,275879,137200,138679,132494,7775,9345,13239,12784,9612,13515,17280,15819,18605,20510,21948,24748,24059,24790,17945,11078,6769,4152,1546,322,38,30359,178880,66640,23905,12827,0.241555,0.08665,0.046495
47130,경상북도 경주시,47130,경상북도 경주시,,2026-08-31,4713000000,경상북도 경주시,242512,121510,121002,127151,4810,6205,8902,9593,8722,10796,11869,11230,13303,16254,20206,23897,23978,24184,18079,12841,8921,5847,2393,434,48,19917,149848,72747,30484,17643,0.299973,0.125701,0.072751
47150,경상북도 김천시,47150,경상북도 김천시,,2026-08-31,4715000000,경상북도 김천시,132433,66801,65632,69080,2998,3883,5608,6328,4507,5529,6576,6263,7709,9125,10011,11920,11990,12875,9908,6840,4766,3679,1550,332,36,12489,79958,39986,17203,10363,0.301934,0.1299,0.078251
47170,경상북도 안동시,47170,경상북도 안동시,,2026-08-31,4717000000,경상북도 안동시,151343,75058,76285,81332,2948,3996,5933,7013,7533,7208,7382,6584,8089,9904,11841,13248,12830,14742,11352,8113,6180,4308,1736,353,50,12877,91632,46834,20740,12627,0.309456,0.13704,0.083433
47190,경상북도 구미시,47190,경상북도 구미시,,2026-08-31,4719000000,경상북도 구미시,402596,208387,194209,195348,10445,15706,22701,21999,18449,23851,28847,28103,33643,35652,35029,36708,30624,25550,15249,8733,5576,3718,1638,326,49,48852,292905,60839,20040,11307,0.151117,0.049777,0.028085
47210,경상북도 영주시,47210,경상북도 영주시,,2026-08-31,4721000000,경상북도 영주시,96237,47888,48349,51335,1611,2298,3639,4766,3606,3867,3751,3628,4622,6025,7525,8788,8701,10206,8332,5911,4291,3115,1254,266,35,7548,55279,33410,14872,8961,0.347164,0.154535,0.093114
47230,경상북도 영천시,47230,경상북도 영천시,,2026-08-31,4723000000,경상북도 영천시,93605,47848,45757,53492,1858,2068,2707,3252,2545,3259,3822,3729,4540,5216,7032,8959,9820,10802,8529,6465,4536,3028,1216,210,12,6633,52174,34798,15467,9002,0.371754,0.165237,0.09617
47250,경상북도 상주시,47250,경상북도 상주시,,2026-08-31,4725000000,경상북도 상주시,88920,44047,44873,48832,1388,1848,2976,3784,2710,2950,2824,2991,4011,4911,6357,7834,9014,10641,8256,6170,4639,3683,1572,313,48,6212,47386,35322,16425,10255,0.397233,0.184717,0.115328
47280,경상북도 문경시,47280,경상북도 문경시,,2026-08-31,4728000000,경상북도 문경시,64657,31838,32819,36032,928,1406,2199,2563,1934,2309,2168,2176,2968,3702,4730,5754,6482,7620,6117,4495,3368,2517,998,195,28,4533,34786,25338,11601,7106,0.391883,0.179424,0.109903
47290,경상북도 경산시,47290,경상북도 경산시,,2026-08-31,4729000000,경상북도 경산시,263020,132042,130978,133497,6003,7626,11131,12041,17252,15603,15785,14387,16494,19275,21885,23731,21546,20951,14968,10792,7007,4486,1727,301,29,24760,177999,60261,24342,13550,0.229112,0.092548,0.051517
47730,경상북도 의성군,47730,경상북도 의성군,,2026-08-31,4773000000,경상북도 의성군,47879,24107,23772,29243,643,613,860,1157,831,1031,1249,1324,1666,2043,2783,4129,5454,6866,5734,4205,3375,2585,1111,200,20,2116,21667,24096,11496,7291,0.503269,0.240105,0.15228
47750,경상북도 청송군,47750,경상북도 청송군,,2026-08-31,4775000000,경상북도 청송군,24560,12480,12080,14563,335,377,473,542,511,787,853,779,927,1138,1589,2350,2896,3252,2605,1918,1541,1136,446,92,13,1185,12372,11003,5146,3228,0.448005,0.209528,0.131433
47760,경상북도 영양군,47760,경상북도 영양군,,2026-08-31,4776000000,경상북도 영양군,15956,8061,7895,9206,146,254,388,482,399,482,477,468,574,774,1057,1522,1866,2087,1619,1179,1033,781,284,70,14,788,8101,7067,3361,2182,0.442905,0.210642,0.136751
47770,경상북도 영덕군,47770,경상북도 영덕군,,2026-08-31,4777000000,경상북도 영덕군,32511,15674,16837,19392,388,500,805,883,694,810,941,858,1272,1614,2179,3020,3561,4111,3441,2684,2283,1663,657,135,12,1693,15832,14986,7434,4750,0.460952,0.228661,0.146104
47820,경상북도 청도군,47820,경상북도 청도군,,2026-08-31,4782000000,경상북도 청도군,39988,20056,19932,23729,506,487,845,1105,751,872,996,1088,1455,1999,2562,3591,4627,5754,4657,3541,2326,1835,819,153,19,1838,19046,19104,8693,5152,0.477743,0.21739,0.128839
47830,경상북도 고령군,47830,경상북도 고령군,,2026-08-31,4783000000,경상북도 고령군,29429,15242,14187,17374,378,449,721,867,727,893,925,923,1198,1604,2199,2898,3374,3907,2972,2136,1520,1151,489,85,13,1548,15608,12273,5394,3258,0.417038,0.183289,0.110707
47840,경상북도 성주군,47840,경상북도 성주군,,2026-08-31,4784000000,경상북도 성주군,40293,21144,19149,23892,602,589,855,1072,793,1011,1363,1334,1682,2075,2769,3826,5022,5673,4271,3153,1958,1474,641,119,11,2046,20947,17300,7356,4203,0.429355,0.182563,0.104311
47850,경상북도 칠곡군,47850,경상북도 칠곡군,,2026-08-31,4785000000,경상북도 칠곡군,103426,54519,48907,53539,1465,2972,5050,5168,3736,4308,4528,4973,7419,9443,10419,10642,9299,8566,5736,3868,2807,1985,859,156,27,9487,69935,24004,9702,5834,0.232089,0.093806,0.056407
47900,경상북도 예천군,47900,경상북도 예천군,,2026-08-31,4790000000,경상북도 예천군,53275,26393,26882,27826,1449,1953,2463,2219,1392,1700,2224,2617,3093,3525,3532,3812,4381,5347,4514,3240,2527,2125,960,183,19,5865,28495,18915,9054,5814,0.355045,0.169948,0.109132
47920,경상북도 봉화군,47920,경상북도 봉화군,,2026-08-31,4792000000,경상북도 봉화군,28041,14358,13683,16460,276,421,670,935,608,633,661,673,973,1283,1801,2617,3350,3964,3093,2230,1694,1399,627,110,23,1367,13534,13140,6083,3853,0.4686,0.216932,0.137406
47930,경상북도 울진군,47930,경상북도 울진군,,2026-08-31,4793000000,경상북도 울진군,46319,23797,22522,26297,940,1069,1454,1604,1508,2055,2157,1939,2154,2839,3599,4497,4475,4996,3669,2539,2231,1683,727,165,19,3463,26827,16029,7364,4825,0.346057,0.158984,0.104169
47940,경상북도 울릉군,47940,경상북도 울릉군,,2026-08-31,4794000000,경상북도 울릉군,8747,4943,3804,5546,108,139,202,207,230,377,416,380,475,589,814,927,962,1081,679,505,344,198,90,21,3,449,5377,2921,1161,656,0.333943,0.132731,0.074997
48121,경상남도 창원시 의창구,48121,경상남도 창원시 의창구,,2026-08-31,4812100000,경상남도 창원시 의창구,209833,106673,103160,99719,5142,6801,9697,9445,8619,12125,13758,12466,14596,16065,17198,20501,19484,18232,11673,6776,3844,2315,894,183,19,21640,144257,43936,14031,7255,0.209386,0.066867,0.034575
48123,경상남도 창원시 성산구,48123,경상남도 창원시 성산구,,2026-08-31,4812300000,경상남도 창원시 성산구,244872,124890,119982,109796,6942,8635,11793,11891,10345,16647,18757,17529,17449,19127,20739,24572,22383,18531,9591,4980,2604,1592,624,128,13,27370,179439,38063,9941,4961,0.15544,0.040597,0.02026
48125,경상남도 창원시 마산합포구,48125,경상남도 창원시 마산합포구,,2026-08-31,4812500000,경상남도 창원시 마산합포구,174168,86111,88057,86733,3787,5191,7941,7347,6691,7658,9078,9054,11901,13526,13133,14816,14323,16836,13248,9019,5730,3386,1231,250,22,16919,107527,49722,19638,10619,0.285483,0.112753,0.06097
48127,경상남도 창원시 마산회원구,48127,경상남도 창원시 마산회원구,,2026-08-31,4812700000,경상남도 창원시 마산회원구,173677,86370,87307,82780,3264,4791,7517,8285,6952,8167,9097,8781,10923,13670,14704,16653,15387,16365,12360,8275,4786,2679,861,147,13,15572,112619,45486,16761,8486,0.2619,0.096507,0.048861
48129,경상남도 창원시 진해구,48129,경상남도 창원시 진해구,,2026-08-31,4812900000,경상남도 창원시 진해구,182463,94103,88360,85527,4086,6399,10265,10299,7686,9230,10236,9992,14000,17314,16948,15261,12966,13593,9968,6418,4132,2532,950,170,18,20750,123932,37781,14220,7802,0.207061,0.077934,0.042759
48170,경상남도 진주시,48170,경상남도 진주시,,2026-08-31,4817000000,경상남도 진주시,334017,165038,168979,163624,8715,11017,16183,16979,18067,18811,20217,18632,21627,24628,27145,29482,25364,26951,19053,13503,9119,5758,2263,448,55,35915,220952,77150,31146,17643,0.230976,0.093247,0.052821
48220,경상남도 통영시,48220,경상남도 통영시,,2026-08-31,4822000000,경상남도 통영시,115975,58302,57673,59542,1636,2870,5577,6465,4430,4028,4069,4585,7256,9762,10534,11105,10421,11825,8563,5993,3682,2213,790,156,15,10083,72655,33237,12849,6856,0.286588,0.110791,0.059116
48240,경상남도 사천시,48240,경상남도 사천시,,2026-08-31,4824000000,경상남도 사천시,107796,54781,53015,56706,2201,2927,4678,5185,3801,4914,5581,4891,6499,8503,9378,10021,8928,9689,7289,5531,3893,2614,1036,216,21,9806,67701,30289,13311,7780,0.280984,0.123483,0.072173
48250,경상남도 김해시,48250,경상남도 김해시,,2026-08-31,4825000000,경상남도 김해시,532854,269408,263446,241531,13610,19206,28852,29577,23794,28319,33667,31418,38681,46412,50795,53442,43294,37227,22814,14550,9218,5529,2022,387,40,61668,379399,91787,31746,17196,0.172255,0.059577,0.032272
48270,경상남도 밀양시,48270,경상남도 밀양시,,2026-08-31,4827000000,경상남도 밀양시,98305,48828,49477,54336,1327,2064,3149,3657,2798,3439,3831,3599,4813,5948,7047,8997,10395,12182,9494,6576,4553,2976,1207,229,24,6540,54524,37241,15565,8989,0.378831,0.158334,0.09144
48310,경상남도 거제시,48310,경상남도 거제시,,2026-08-31,4831000000,경상남도 거제시,228774,120356,108418,107505,4542,8632,14819,13832,8261,9418,9951,11874,20240,23351,23375,22030,17431,16943,10737,6260,3696,2213,949,194,26,27993,159763,41018,13338,7078,0.179295,0.058302,0.030939
48330,경상남도 양산시,48330,경상남도 양산시,,2026-08-31,4833000000,경상남도 양산시,361044,180922,180122,167212,9851,14107,19506,18290,13604,17163,22028,22722,27851,31866,31213,32337,28097,27533,18712,11938,7745,4544,1559,345,33,43464,245171,72409,26164,14226,0.200555,0.072468,0.039402
48720,경상남도 의령군,48720,경상남도 의령군,,2026-08-31,4872000000,경상남도 의령군,24518,12292,12226,14881,261,368,595,698,581,635,685,687,924,1220,1631,2345,2616,3367,2556,1848,1512,1302,555,114,18,1224,12022,11272,5349,3501,0.459744,0.218166,0.142793
48730,경상남도 함안군,48730,경상남도 함안군,,2026-08-31,4873000000,경상남도 함안군,56655,29149,27506,29876,652,1236,2240,2798,1713,1773,1839,1852,2795,4022,4619,5508,5714,6600,4919,3338,2343,1838,699,148,9,4128,32633,19894,8375,5037,0.351143,0.147825,0.088907
48740,경상남도 창녕군,48740,경상남도 창녕군,,2026-08-31,4874000000,경상남도 창녕군,54173,27268,26905,31646,640,1004,1634,2074,1145,1423,1695,1771,2472,3013,3720,5153,5958,7097,5404,3910,2902,2145,829,171,13,3278,28424,22471,9970,6060,0.414801,0.18404,0.111864
48820,경상남도 고성군,48820,경상남도 고성군,,2026-08-31,4882000000,경상남도 고성군,46712,23771,22941,26430,385,753,1591,2127,1208,1283,1272,1241,2101,2749,3453,4590,4916,5838,4511,3450,2430,1834,815,153,12,2729,24940,19043,8694,5244,0.407668,0.186119,0.112262
48840,경상남도 남해군,48840,경상남도 남해군,,2026-08-31,4884000000,경상남도 남해군,41073,20101,20972,23181,380,600,1153,1724,1118,1190,1145,1049,1484,2030,2887,3745,4336,5074,3938,3383,2511,2093,961,231,41,2133,20708,18232,9220,5837,0.443893,0.224478,0.142113
48850,경상남도 하동군,48850,경상남도 하동군,,2026-08-31,4885000000,경상남도 하동군,39565,19906,19659,23266,388,595,913,1182,887,1034,1080,1006,1365,1844,2833,4134,4452,5403,4001,3089,2401,1906,817,202,33,1896,19817,17852,8448,5359,0.451207,0.213522,0.135448
48860,경상남도 산청군,48860,경상남도 산청군,,2026-08-31,4886000000,경상남도 산청군,32628,16301,16327,19610,294,419,695,963,718,815,797,839,1042,1469,2147,3396,3889,4525,3542,2537,2016,1657,704,138,26,1408,16075,15145,7078,4541,0.464172,0.21693,0.139175
48870,경상남도 함양군,48870,경상남도 함양군,,2026-08-31,4887000000,경상남도 함양군,35074,17218,17856,20193,363,691,1056,1344,888,994,1014,955,1414,1758,2452,3503,3719,4313,3376,2569,2062,1767,670,150,16,2110,18041,14923,7234,4665,0.425472,0.20625,0.133005
48880,경상남도 거창군,48880,경상남도 거창군,,2026-08-31,4888000000,경상남도 거창군,58737,28930,29807,31402,1095,1454,2329,3235,1965,2208,2287,2187,2888,3491,4318,5445,5411,6199,4685,3451,2696,2219,959,186,29,4878,33435,20424,9540,6089,0.347719,0.162419,0.103665
48890,경상남도 합천군,48890,경상남도 합천군,,2026-08-31,4889000000,경상남도 합천군,38732,19225,19507,23410,361,516,848,1062,714,1002,1020,878,1347,1779,2370,3555,4280,5515,4150,3306,2713,2191,945,154,26,1725,18007,19000,9335,6029,0.49055,0.241015,0.155659
50110,제주특별자치도 제주시,50110,제주특별자치도 제주시,,2026-08-31,5011000000,제주특별자치도 제주시,484149,241166,242983,228565,13322,18874,26267,25814,22246,27087,31832,28222,35027,39646,42166,43590,37091,32591,22027,15364,11226,7445,3357,816,139,58463,332721,92965,38347,22983,0.192017,0.079205,0.047471
50130,제주특별자치도 서귀포시,50130,제주특별자치도 서귀포시,,2026-08-31,5013000000,제주특별자치도 서귀포시,178532,89897,88635,89202,3812,6521,9055,8735,6238,7833,8542,8311,11992,14367,15723,16729,15739,14871,10273,7782,5818,3934,1819,380,58,19388,114209,44935,19791,12009,0.251692,0.110854,0.067265
51110,강원특별자치도 춘천시,51110,강원특별자치도 춘천시,,2026-08-31,5111000000,강원특별자치도 춘천시,284783,140233,144550,139464,7647,9128,12472,13068,16604,17622,18503,16475,18218,20056,21702,24092,22150,23431,16558,9572,8776,5899,2241,504,65,29247,188490,67046,27057,17485,0.235428,0.095009,0.061398
51130,강원특별자치도 원주시,51130,강원특별자치도 원주시,,2026-08-31,5113000000,강원특별자치도 원주시,365379,180937,184442,179004,10441,12814,16786,17693,16562,21418,24983,22574,25412,27889,29892,32143,29425,29657,19187,10633,8765,6189,2311,541,64,40041,247991,77347,28503,17870,0.21169,0.078009,0.048908
51150,강원특별자치도 강릉시,51150,강원특별자치도 강릉시,,2026-08-31,5115000000,강원특별자치도 강릉시,205440,101884,103556,105939,4311,5529,7754,8550,8999,10642,11031,9661,11769,14726,17288,18742,17732,19854,14359,9502,7818,4804,1834,466,69,17594,129140,58706,24493,14991,0.285757,0.119222,0.07297
51170,강원특별자치도 동해시,51170,강원특별자치도 동해시,,2026-08-31,5117000000,강원특별자치도 동해시,85534,43311,42223,43581,1896,2548,3769,4003,3169,4073,4309,3736,5078,6513,7596,8133,7151,8090,5931,3880,3079,1785,642,135,18,8213,53761,23560,9539,5659,0.275446,0.111523,0.066161
51190,강원특별자치도 태백시,51190,강원특별자치도 태백시,,2026-08-31,5119000000,강원특별자치도 태백시,36680,18580,18100,20115,531,843,1363,1765,1216,1363,1357,1314,1930,2707,3112,3466,3266,4039,3208,2236,1644,955,304,46,15,2737,21496,12447,5200,2964,0.33934,0.141767,0.080807
51210,강원특별자치도 속초시,51210,강원특별자치도 속초시,,2026-08-31,5121000000,강원특별자치도 속초시,78788,38925,39863,41077,1765,2248,3293,3167,2650,3838,4422,4221,4888,5626,6504,7612,7283,7777,5386,3302,2582,1505,526,169,24,7306,50211,21271,8108,4806,0.269978,0.102909,0.060999
51230,강원특별자치도 삼척시,51230,강원특별자치도 삼척시,,2026-08-31,5123000000,강원특별자치도 삼척시,60041,30735,29306,33377,1182,1447,1901,2585,3186,2505,2339,2254,2934,3745,4762,5568,5532,6599,4776,3309,2730,1761,757,142,27,4530,35410,20101,8726,5417,0.334788,0.145334,0.090222
51720,강원특별자치도 홍천군,51720,강원특별자치도 홍천군,,2026-08-31,5172000000,강원특별자치도 홍천군,65817,33950,31867,35109,1145,1501,2099,2216,1994,2652,2807,2577,3029,3579,4486,6007,7204,8803,6289,3443,2891,2057,819,185,34,4745,36551,24521,9429,5986,0.372563,0.143261,0.090949
51730,강원특별자치도 횡성군,51730,강원특별자치도 횡성군,,2026-08-31,5173000000,강원특별자치도 횡성군,45465,23560,21905,24191,582,912,1224,1943,1321,1386,1372,1383,1848,2289,2987,4275,5381,6637,4712,2672,2248,1567,565,143,18,2718,24185,18562,7213,4541,0.40827,0.15865,0.099879
51750,강원특별자치도 영월군,51750,강원특별자치도 영월군,,2026-08-31,5175000000,강원특별자치도 영월군,35651,18469,17182,20757,427,723,1022,1338,1147,1135,1070,1124,1547,1941,2582,3475,4012,4801,3517,2168,1885,1203,433,87,14,2172,19371,14108,5790,3622,0.395725,0.162408,0.101596
51760,강원특별자치도 평창군,51760,강원특별자치도 평창군,,2026-08-31,5176000000,강원특별자치도 평창군,39849,20685,19164,22262,489,703,1060,1387,1230,1392,1264,1248,1662,2281,3049,4012,4610,5542,3907,2359,1854,1312,388,84,16,2252,22135,15462,6013,3654,0.388015,0.150895,0.091696
51770,강원특별자치도 정선군,51770,강원특별자치도 정선군,,2026-08-31,5177000000,강원특별자치도 정선군,35137,18488,16649,20489,392,612,897,1155,1130,1234,1105,1201,1641,2253,2918,3698,3852,4640,3228,2028,1704,1020,342,60,27,1901,20187,13049,5181,3153,0.371375,0.147451,0.089734
51780,강원특별자치도 철원군,51780,강원특별자치도 철원군,,2026-08-31,5178000000,강원특별자치도 철원군,39598,20433,19165,20276,1037,1160,1363,1602,1763,2167,2234,1873,1963,2376,2801,3289,3667,4012,2815,2036,1874,1129,327,94,16,3560,23735,12303,5476,3440,0.310698,0.13829,0.086873
51790,강원특별자치도 화천군,51790,강원특별자치도 화천군,,2026-08-31,5179000000,강원특별자치도 화천군,22908,12332,10576,12363,579,616,787,831,1241,1656,1417,1117,1078,1150,1421,1884,2102,2437,1654,975,991,676,225,55,16,1982,13897,7029,2938,1963,0.306836,0.128252,0.085691
51800,강원특별자치도 양구군,51800,강원특별자치도 양구군,,2026-08-31,5180000000,강원특별자치도 양구군,20354,10712,9642,10488,543,618,766,1062,923,1189,1149,1029,1123,1126,1310,1697,1888,2107,1399,822,826,536,196,43,2,1927,12496,5931,2425,1603,0.291392,0.119141,0.078756
51810,강원특별자치도 인제군,51810,강원특별자치도 인제군,,2026-08-31,5181000000,강원특별자치도 인제군,30692,16822,13870,16655,910,968,1063,1032,1291,1958,2019,1704,1741,1845,2102,2430,2883,3304,2175,1128,1088,723,246,68,14,2941,19005,8746,3267,2139,0.28496,0.106445,0.069692
51820,강원특별자치도 고성군,51820,강원특별자치도 고성군,,2026-08-31,5182000000,강원특별자치도 고성군,27196,13936,13260,15600,577,616,761,816,932,1223,1266,1214,1338,1433,1948,2529,2744,3158,2374,1468,1472,929,296,88,14,1954,15443,9799,4267,2799,0.36031,0.156898,0.10292
51830,강원특별자치도 양양군,51830,강원특별자치도 양양군,,2026-08-31,5183000000,강원특별자치도 양양군,27350,13989,13361,15135,438,629,799,883,802,982,996,1043,1396,1693,2003,2558,2744,3358,2496,1685,1502,890,355,85,13,1866,15100,10384,4530,2845,0.379671,0.165631,0.104022
52111,전북특별자치도 전주시 완산구,52111,전북특별자치도 전주시 완산구,,2026-08-31,5211100000,전북특별자치도 전주시 완산구,312490,151342,161148,152917,5924,9244,14445,16253,17031,20434,19900,16443,19482,23182,26877,28531,24834,23917,17039,12938,8402,5008,2083,469,54,29613,212967,69910,28954,16016,0.223719,0.092656,0.051253
52113,전북특별자치도 전주시 덕진구,52113,전북특별자치도 전주시 덕진구,,2026-08-31,5211300000,전북특별자치도 전주시 덕진구,306418,152102,154316,144657,8181,11676,17165,17492,17643,18891,19381,18509,22092,25202,26037,25315,20871,19643,13732,10846,7322,4379,1662,340,39,37022,211433,57963,24588,13742,0.189163,0.080243,0.044847
52130,전북특별자치도 군산시,52130,전북특별자치도 군산시,,2026-08-31,5213000000,전북특별자치도 군산시,255517,129690,125827,127220,5488,7799,12347,12608,10743,12655,13418,12515,17003,20207,22422,23098,20512,21673,15765,12272,8037,4613,1892,395,55,25634,165181,64702,27264,14992,0.25322,0.106701,0.058673
52140,전북특별자치도 익산시,52140,전북특별자치도 익산시,,2026-08-31,5214000000,전북특별자치도 익산시,266639,132589,134050,134320,5256,7143,11210,13163,13489,14535,14990,12552,15194,18514,22218,24824,22925,23614,16838,12867,8879,5491,2358,524,55,23609,172404,70626,30174,17307,0.264875,0.113164,0.064908
52180,전북특별자치도 정읍시,52180,전북특별자치도 정읍시,,2026-08-31,5218000000,전북특별자치도 정읍시,100580,50293,50287,54656,1688,2358,3636,4340,3675,4195,4180,3810,4801,6464,8149,9508,9344,10117,7350,6419,4977,3572,1632,327,38,7682,58466,34432,16965,10546,0.342334,0.168672,0.104852
52190,전북특별자치도 남원시,52190,전북특별자치도 남원시,,2026-08-31,5219000000,전북특별자치도 남원시,73604,36214,37390,39851,1291,1818,2682,3182,2498,2756,2777,2641,3397,4485,5966,7102,6802,7473,5807,4910,3672,2777,1241,284,43,5791,41606,26207,12927,8017,0.356054,0.175629,0.108921
52210,전북특별자치도 김제시,52210,전북특별자치도 김제시,,2026-08-31,5221000000,전북특별자치도 김제시,81585,40946,40639,44785,1916,1589,2469,3033,2765,3324,3777,3237,3841,4652,5947,7180,7714,8716,6555,5676,4266,3039,1518,331,40,5974,45470,30141,14870,9194,0.369443,0.182264,0.112692
52710,전북특별자치도 완주군,52710,전북특별자치도 완주군,,2026-08-31,5271000000,전북특별자치도 완주군,100642,51729,48913,50558,2708,2889,4263,4402,3831,4714,6143,5297,6057,6935,7900,8948,8777,9058,6598,4925,3503,2357,1056,247,34,9860,63004,27778,12122,7197,0.276008,0.120447,0.071511
52720,전북특별자치도 진안군,52720,전북특별자치도 진안군,,2026-08-31,5272000000,전북특별자치도 진안군,24930,12742,12188,14179,401,430,612,855,801,800,766,671,906,1172,1690,2397,2814,3220,2300,1904,1472,1119,481,99,20,1443,12872,10615,5095,3191,0.425792,0.204372,0.127998
52730,전북특별자치도 무주군,52730,전북특별자치도 무주군,,2026-08-31,5273000000,전북특별자치도 무주군,23455,11842,11613,13465,284,390,688,951,769,762,845,702,964,1277,1729,2219,2459,2790,2101,1551,1348,1072,459,78,17,1362,12677,9416,4525,2974,0.40145,0.192923,0.126796
52740,전북특별자치도 장수군,52740,전북특별자치도 장수군,,2026-08-31,5274000000,전북특별자치도 장수군,21184,10711,10473,11959,307,373,605,816,644,702,640,634,836,1163,1455,1980,2217,2539,2024,1571,1203,938,448,78,11,1285,11087,8812,4249,2678,0.415974,0.200576,0.126416
52750,전북특별자치도 임실군,52750,전북특별자치도 임실군,,2026-08-31,5275000000,전북특별자치도 임실군,25290,13136,12154,14827,440,489,623,732,634,777,861,762,959,1213,1552,2338,2685,3107,2327,2093,1632,1348,571,129,18,1552,12513,11225,5791,3698,0.443851,0.228984,0.146224
52770,전북특별자치도 순창군,52770,전북특별자치도 순창군,,2026-08-31,5277000000,전북특별자치도 순창군,27654,13739,13915,15165,408,619,862,1123,1062,933,852,845,1179,1580,2088,2526,2707,3154,2247,1888,1666,1276,519,106,14,1889,14895,10870,5469,3581,0.393072,0.197765,0.129493
52790,전북특별자치도 고창군,52790,전북특별자치도 고창군,,2026-08-31,5279000000,전북특별자치도 고창군,50025,25170,24855,28363,694,975,1528,2313,1395,1553,1570,1568,2062,2614,3482,4520,4785,5799,4362,3973,3278,2322,1003,195,34,3197,25862,20966,10805,6832,0.41911,0.215992,0.136572
52800,전북특별자치도 부안군,52800,전북특별자치도 부안군,,2026-08-31,5280000000,전북특별자치도 부안군,46952,23551,23401,27415,670,860,1454,1608,1447,1447,1471,1493,2008,2653,3455,4280,4771,5524,4173,3750,2858,2002,849,167,12,2984,24633,19335,9638,5888,0.411804,0.205273,0.125405
