sgg_cd,sgg_nm,sgg_cd_ref,sgg_nm_ref,map_note,ref_date,row_type,src_sido,src_sgg,ev_total,ev_nonbusiness,ev_business,ev_car,ev_van,ev_truck,ev_special,ev_car_nonbusiness,ev_car_business,ev_van_nonbusiness,ev_van_business,ev_truck_nonbusiness,ev_truck_business,ev_special_nonbusiness,ev_special_business
11110,서울특별시 종로구,11110,서울특별시 종로구,,2025-04-07,unit,서울,종로구,1577,1375,202,1232,36,303,6,1209,23,0,36,160,143,6,0
11140,서울특별시 중구,11140,서울특별시 중구,,2025-04-07,unit,서울,중구,1979,1539,440,1780,9,188,2,1421,359,8,1,108,80,2,0
11170,서울특별시 용산구,11170,서울특별시 용산구,,2025-04-07,unit,서울,용산구,2019,1887,132,1758,9,250,2,1692,66,9,0,184,66,2,0
11200,서울특별시 성동구,11200,서울특별시 성동구,,2025-04-07,unit,서울,성동구,3262,2426,836,2708,190,362,2,2149,559,5,185,270,92,2,0
11215,서울특별시 광진구,11215,서울특별시 광진구,,2025-04-07,unit,서울,광진구,1751,1455,296,1485,23,240,3,1297,188,5,18,150,90,3,0
11230,서울특별시 동대문구,11230,서울특별시 동대문구,,2025-04-07,unit,서울,동대문구,2047,1667,380,1647,4,395,1,1417,230,4,0,245,150,1,0
11260,서울특별시 중랑구,11260,서울특별시 중랑구,,2025-04-07,unit,서울,중랑구,2524,1523,1001,1955,112,454,3,1275,680,3,109,242,212,3,0
11290,서울특별시 성북구,11290,서울특별시 성북구,,2025-04-07,unit,서울,성북구,2574,2032,542,2075,163,334,2,1828,247,5,158,197,137,2,0
11305,서울특별시 강북구,11305,서울특별시 강북구,,2025-04-07,unit,서울,강북구,1468,938,530,1008,175,284,1,742,266,31,144,164,120,1,0
11320,서울특별시 도봉구,11320,서울특별시 도봉구,,2025-04-07,unit,서울,도봉구,1991,1147,844,1460,141,383,7,908,552,2,139,230,153,7,0
11350,서울특별시 노원구,11350,서울특별시 노원구,,2025-04-07,unit,서울,노원구,2842,1889,953,2310,96,432,4,1622,688,5,91,258,174,4,0
11380,서울특별시 은평구,11380,서울특별시 은평구,,2025-04-07,unit,서울,은평구,2752,1882,870,2068,195,485,4,1618,450,5,190,255,230,4,0
11410,서울특별시 서대문구,11410,서울특별시 서대문구,,2025-04-07,unit,서울,서대문구,2062,1571,491,1713,122,225,2,1416,297,13,109,140,85,2,0
11440,서울특별시 마포구,11440,서울특별시 마포구,,2025-04-07,unit,서울,마포구,2988,2512,476,2318,134,532,4,2090,228,7,127,411,121,4,0
11470,서울특별시 양천구,11470,서울특별시 양천구,,2025-04-07,unit,서울,양천구,2923,2177,746,2242,160,520,1,1911,331,4,156,261,259,1,0
11500,서울특별시 강서구,11500,서울특별시 강서구,,2025-04-07,unit,서울,강서구,4390,3252,1138,3560,106,722,2,2854,706,9,97,387,335,2,0
11530,서울특별시 구로구,11530,서울특별시 구로구,,2025-04-07,unit,서울,구로구,5690,1962,3728,5106,118,464,2,1667,3439,3,115,290,174,2,0
11545,서울특별시 금천구,11545,서울특별시 금천구,,2025-04-07,unit,서울,금천구,1696,1303,393,1253,40,400,3,1067,186,2,38,231,169,3,0
11560,서울특별시 영등포구,11560,서울특별시 영등포구,,2025-04-07,unit,서울,영등포구,3302,2718,584,2677,20,601,4,2347,330,4,16,363,238,4,0
11590,서울특별시 동작구,11590,서울특별시 동작구,,2025-04-07,unit,서울,동작구,2096,1858,238,1832,14,248,2,1699,133,1,13,156,92,2,0
11620,서울특별시 관악구,11620,서울특별시 관악구,,2025-04-07,unit,서울,관악구,2253,1556,697,1718,108,426,1,1360,358,3,105,192,234,1,0
11650,서울특별시 서초구,11650,서울특별시 서초구,,2025-04-07,unit,서울,서초구,7212,6508,704,6556,62,588,6,6139,417,5,57,358,230,6,0
11680,서울특별시 강남구,11680,서울특별시 강남구,,2025-04-07,unit,서울,강남구,14117,7633,6484,13530,24,559,4,7205,6325,15,9,409,150,4,0
11710,서울특별시 송파구,11710,서울특별시 송파구,,2025-04-07,unit,서울,송파구,5642,4728,914,4898,108,629,7,4328,570,11,97,382,247,7,0
11740,서울특별시 강동구,11740,서울특별시 강동구,,2025-04-07,unit,서울,강동구,4147,3210,937,3562,81,501,3,2901,661,8,73,299,202,2,1
12110,전남광주통합특별시 목포시,46110,전라남도 목포시,recoded 46110->12110,2025-04-07,unit,전남,목포시,1590,1276,314,1275,11,293,11,1026,249,0,11,249,44,1,10
12130,전남광주통합특별시 여수시,46130,전라남도 여수시,recoded 46130->12130,2025-04-07,unit,전남,여수시,3454,2978,476,2493,24,936,1,2180,313,6,18,791,145,1,0
12150,전남광주통합특별시 순천시,46150,전라남도 순천시,recoded 46150->12150,2025-04-07,unit,전남,순천시,3955,3680,275,3216,18,721,0,3038,178,6,12,636,85,0,0
12170,전남광주통합특별시 나주시,46170,전라남도 나주시,recoded 46170->12170,2025-04-07,unit,전남,나주시,2444,2344,100,1827,33,584,0,1793,34,9,24,542,42,0,0
12190,전남광주통합특별시 광양시,46230,전라남도 광양시,recoded 46230->12190,2025-04-07,unit,전남,광양시,2993,2801,192,2201,48,740,4,2092,109,5,43,700,40,4,0
12210,전남광주통합특별시 동구,29110,광주광역시 동구,recoded 29110->12210,2025-04-07,unit,광주,동구,1174,1060,114,1028,7,137,2,959,69,0,7,99,38,2,0
12240,전남광주통합특별시 서구,29140,광주광역시 서구,recoded 29140->12240,2025-04-07,unit,광주,서구,3321,2838,483,2517,2,800,2,2307,210,1,1,528,272,2,0
12270,전남광주통합특별시 남구,29155,광주광역시 남구,recoded 29155->12270,2025-04-07,unit,광주,남구,2146,1961,185,1798,15,333,0,1703,95,1,14,257,76,0,0
12300,전남광주통합특별시 북구,29170,광주광역시 북구,recoded 29170->12300,2025-04-07,unit,광주,북구,4605,3559,1046,3721,28,856,0,2915,806,3,25,641,215,0,0
12330,전남광주통합특별시 광산구,29200,광주광역시 광산구,recoded 29200->12330,2025-04-07,unit,광주,광산구,4605,3979,626,3304,19,1280,2,2943,361,3,16,1031,249,2,0
12710,전남광주통합특별시 담양군,46710,전라남도 담양군,recoded 46710->12710,2025-04-07,unit,전남,담양군,957,887,70,634,4,319,0,607,27,0,4,280,39,0,0
12720,전남광주통합특별시 곡성군,46720,전라남도 곡성군,recoded 46720->12720,2025-04-07,unit,전남,곡성군,502,487,15,288,11,203,0,287,1,7,4,193,10,0,0
12730,전남광주통합특별시 구례군,46730,전라남도 구례군,recoded 46730->12730,2025-04-07,unit,전남,구례군,333,319,14,249,5,79,0,237,12,5,0,77,2,0,0
12740,전남광주통합특별시 고흥군,46770,전라남도 고흥군,recoded 46770->12740,2025-04-07,unit,전남,고흥군,698,685,13,427,6,263,2,424,3,1,5,258,5,2,0
12750,전남광주통합특별시 보성군,46780,전라남도 보성군,recoded 46780->12750,2025-04-07,unit,전남,보성군,522,499,23,354,12,156,0,338,16,7,5,154,2,0,0
12760,전남광주통합특별시 화순군,46790,전라남도 화순군,recoded 46790->12760,2025-04-07,unit,전남,화순군,699,660,39,452,21,226,0,441,11,2,19,217,9,0,0
12770,전남광주통합특별시 장흥군,46800,전라남도 장흥군,recoded 46800->12770,2025-04-07,unit,전남,장흥군,486,451,35,339,4,142,1,314,25,4,0,132,10,1,0
12780,전남광주통합특별시 강진군,46810,전라남도 강진군,recoded 46810->12780,2025-04-07,unit,전남,강진군,457,445,12,284,4,168,1,278,6,4,0,162,6,1,0
12790,전남광주통합특별시 해남군,46820,전라남도 해남군,recoded 46820->12790,2025-04-07,unit,전남,해남군,981,805,176,594,14,373,0,439,155,10,4,356,17,0,0
12800,전남광주통합특별시 영암군,46830,전라남도 영암군,recoded 46830->12800,2025-04-07,unit,전남,영암군,886,869,17,523,7,355,1,517,6,5,2,346,9,1,0
12810,전남광주통합특별시 무안군,46840,전라남도 무안군,recoded 46840->12810,2025-04-07,unit,전남,무안군,1322,1269,53,1028,3,291,0,996,32,3,0,270,21,0,0
12820,전남광주통합특별시 함평군,46860,전라남도 함평군,recoded 46860->12820,2025-04-07,unit,전남,함평군,742,510,232,559,3,179,1,339,220,3,0,167,12,1,0
12830,전남광주통합특별시 영광군,46870,전라남도 영광군,recoded 46870->12830,2025-04-07,unit,전남,영광군,1284,1237,47,959,18,307,0,943,16,3,15,291,16,0,0
12840,전남광주통합특별시 장성군,46880,전라남도 장성군,recoded 46880->12840,2025-04-07,unit,전남,장성군,753,735,18,445,3,304,1,441,4,1,2,292,12,1,0
12850,전남광주통합특별시 완도군,46890,전라남도 완도군,recoded 46890->12850,2025-04-07,unit,전남,완도군,483,460,23,260,6,216,1,253,7,5,1,201,15,1,0
12860,전남광주통합특별시 진도군,46900,전라남도 진도군,recoded 46900->12860,2025-04-07,unit,전남,진도군,407,391,16,242,3,161,1,234,8,3,0,153,8,1,0
12870,전남광주통합특별시 신안군,46910,전라남도 신안군,recoded 46910->12870,2025-04-07,unit,전남,신안군,7628,520,7108,7357,24,247,0,286,7071,2,22,232,15,0,0
26110,부산광역시 중구,26110,부산광역시 중구,,2025-04-07,unit,부산,중구,2772,2744,28,2712,0,60,0,2699,13,0,0,45,15,0,0
26140,부산광역시 서구,26140,부산광역시 서구,,2025-04-07,unit,부산,서구,592,500,92,439,1,152,0,388,51,1,0,111,41,0,0
26170,부산광역시 동구,26170,부산광역시 동구,,2025-04-07,unit,부산,동구,3604,2817,787,3452,2,150,0,2708,744,2,0,107,43,0,0
26200,부산광역시 영도구,26200,부산광역시 영도구,,2025-04-07,unit,부산,영도구,857,411,446,588,108,161,0,290,298,0,108,121,40,0,0
26230,부산광역시 부산진구,26230,부산광역시 부산진구,,2025-04-07,unit,부산,부산진구,4406,3262,1144,3685,22,698,1,2724,961,0,22,537,161,1,0
26260,부산광역시 동래구,26260,부산광역시 동래구,,2025-04-07,unit,부산,동래구,2564,1876,688,2058,26,479,1,1498,560,1,25,376,103,1,0
26290,부산광역시 남구,26290,부산광역시 남구,,2025-04-07,unit,부산,남구,2282,1732,550,1713,113,454,2,1423,290,0,113,307,147,2,0
26320,부산광역시 북구,26320,부산광역시 북구,,2025-04-07,unit,부산,북구,2011,1560,451,1409,43,558,1,1113,296,2,41,444,114,1,0
26350,부산광역시 해운대구,26350,부산광역시 해운대구,,2025-04-07,unit,부산,해운대구,4932,4284,648,4334,27,570,1,3861,473,1,26,421,149,1,0
26380,부산광역시 사하구,26380,부산광역시 사하구,,2025-04-07,unit,부산,사하구,2041,1484,557,1382,25,633,1,977,405,11,14,495,138,1,0
26410,부산광역시 금정구,26410,부산광역시 금정구,,2025-04-07,unit,부산,금정구,2232,1380,852,1667,149,416,0,1028,639,12,137,340,76,0,0
26440,부산광역시 강서구,26440,부산광역시 강서구,,2025-04-07,unit,부산,강서구,3505,2658,847,2320,27,1157,1,1638,682,2,25,1017,140,1,0
26470,부산광역시 연제구,26470,부산광역시 연제구,,2025-04-07,unit,부산,연제구,6246,5230,1016,5798,31,417,0,4886,912,1,30,343,74,0,0
26500,부산광역시 수영구,26500,부산광역시 수영구,,2025-04-07,unit,부산,수영구,3871,1284,2587,3501,74,293,3,1068,2433,1,73,212,81,3,0
26530,부산광역시 사상구,26530,부산광역시 사상구,,2025-04-07,unit,부산,사상구,1874,1396,478,1123,14,736,1,765,358,1,13,629,107,1,0
26710,부산광역시 기장군,26710,부산광역시 기장군,,2025-04-07,unit,부산,기장군,2679,2231,448,1904,136,637,2,1752,152,0,136,477,160,2,0
27110,대구광역시 중구,27110,대구광역시 중구,,2025-04-07,unit,대구,중구,2313,1977,336,2081,0,228,4,1771,310,0,0,202,26,4,0
27140,대구광역시 동구,27140,대구광역시 동구,,2025-04-07,unit,대구,동구,5143,3783,1360,4185,28,928,2,3052,1133,2,26,727,201,2,0
27170,대구광역시 서구,27170,대구광역시 서구,,2025-04-07,unit,대구,서구,1803,1253,550,1342,2,459,0,898,444,2,0,353,106,0,0
27200,대구광역시 남구,27200,대구광역시 남구,,2025-04-07,unit,대구,남구,1208,998,210,953,3,251,1,822,131,3,0,172,79,1,0
27230,대구광역시 북구,27230,대구광역시 북구,,2025-04-07,unit,대구,북구,5431,4580,851,3918,30,1481,2,3381,537,5,25,1192,289,2,0
27260,대구광역시 수성구,27260,대구광역시 수성구,,2025-04-07,unit,대구,수성구,7768,7056,712,7036,9,721,2,6486,550,2,7,566,155,2,0
27290,대구광역시 달서구,27290,대구광역시 달서구,,2025-04-07,unit,대구,달서구,7338,5985,1353,5800,39,1496,3,4771,1029,21,18,1190,306,3,0
27710,대구광역시 달성군,27710,대구광역시 달성군,,2025-04-07,unit,대구,달성군,4358,3763,595,3204,33,1118,3,2870,334,12,21,878,240,3,0
27720,대구광역시 군위군,27720,대구광역시 군위군,,2025-04-07,unit,대구,군위군,414,381,33,257,0,157,0,232,25,0,0,149,8,0,0
28110,인천광역시 중구,28110,인천광역시 중구,split_2026-07-01: 인천 중구+동구 -> 제물포구(28125)+영종구(28155); no 1:1 successor,2025-04-07,unit,인천,중구,3021,2691,330,2476,80,463,2,2388,88,7,73,294,169,2,0
28140,인천광역시 동구,28140,인천광역시 동구,split_2026-07-01: 인천 중구+동구 -> 제물포구(28125)+영종구(28155); no 1:1 successor,2025-04-07,unit,인천,동구,533,370,163,374,0,157,2,277,97,0,0,91,66,2,0
28177,인천광역시 미추홀구,28177,인천광역시 미추홀구,,2025-04-07,unit,인천,미추홀구,4656,2565,2091,3793,0,860,3,2054,1739,0,0,508,352,3,0
28185,인천광역시 연수구,28185,인천광역시 연수구,,2025-04-07,unit,인천,연수구,9272,8484,788,8463,112,694,3,7991,472,7,105,483,211,3,0
28200,인천광역시 남동구,28200,인천광역시 남동구,,2025-04-07,unit,인천,남동구,8627,7056,1571,7367,36,1218,6,6163,1204,2,34,885,333,6,0
28237,인천광역시 부평구,28237,인천광역시 부평구,,2025-04-07,unit,인천,부평구,5255,3645,1610,4366,42,844,3,3145,1221,0,42,497,347,3,0
28245,인천광역시 계양구,28245,인천광역시 계양구,,2025-04-07,unit,인천,계양구,14975,2352,12623,13721,1,1247,6,1342,12379,1,0,1003,244,6,0
28260,인천광역시 서구,28260,인천광역시 서구,split_2026-07-01: 인천 서구 -> 서해구(28275)+검단구(28290); no 1:1 successor,2025-04-07,unit,인천,서구,9178,7928,1250,7222,135,1817,4,6644,578,11,124,1269,548,4,0
28710,인천광역시 강화군,28710,인천광역시 강화군,,2025-04-07,unit,인천,강화군,2733,1278,1455,2067,25,639,2,703,1364,1,24,572,67,2,0
28720,인천광역시 옹진군,28720,인천광역시 옹진군,,2025-04-07,unit,인천,옹진군,216,202,14,143,2,71,0,139,4,0,2,63,8,0,0
30110,대전광역시 동구,30110,대전광역시 동구,,2025-04-07,unit,대전,동구,2526,1980,546,1868,8,648,2,1491,377,2,6,485,163,2,0
30140,대전광역시 중구,30140,대전광역시 중구,,2025-04-07,unit,대전,중구,2556,1934,622,1910,25,621,0,1462,448,2,23,470,151,0,0
30170,대전광역시 서구,30170,대전광역시 서구,,2025-04-07,unit,대전,서구,8236,5106,3130,7146,7,1082,1,4285,2861,7,0,813,269,1,0
30200,대전광역시 유성구,30200,대전광역시 유성구,,2025-04-07,unit,대전,유성구,6223,5753,470,5235,56,932,0,4991,244,9,47,753,179,0,0
30230,대전광역시 대덕구,30230,대전광역시 대덕구,,2025-04-07,unit,대전,대덕구,2379,1813,566,1590,60,727,2,1191,399,0,60,620,107,2,0
31110,울산광역시 중구,31110,울산광역시 중구,,2025-04-07,unit,울산,중구,1662,1416,246,1229,2,429,2,1049,180,2,0,363,66,2,0
31140,울산광역시 남구,31140,울산광역시 남구,,2025-04-07,unit,울산,남구,2721,2253,468,2003,3,715,0,1630,373,1,2,622,93,0,0
31170,울산광역시 동구,31170,울산광역시 동구,,2025-04-07,unit,울산,동구,792,603,189,612,6,173,1,472,140,1,5,129,44,1,0
31200,울산광역시 북구,31200,울산광역시 북구,,2025-04-07,unit,울산,북구,2154,1800,354,1530,23,599,2,1296,234,6,17,496,103,2,0
31710,울산광역시 울주군,31710,울산광역시 울주군,,2025-04-07,unit,울산,울주군,2917,2523,394,1979,67,868,3,1729,250,6,61,785,83,3,0
36110,세종특별자치시,36110,세종특별자치시,,2025-04-07,unit,세종,세종특별자치시,5767,5275,492,5071,149,541,6,4858,213,10,139,401,140,6,0
41111,경기도 수원시 장안구,41111,경기도 수원시 장안구,,2025-04-07,unit,경기,수원시 장안구,2297,1772,525,1731,331,233,2,1627,104,1,330,142,91,2,0
41113,경기도 수원시 권선구,41113,경기도 수원시 권선구,,2025-04-07,unit,경기,수원시 권선구,4671,3873,798,3530,214,919,8,3117,413,5,209,743,176,8,0
41115,경기도 수원시 팔달구,41115,경기도 수원시 팔달구,,2025-04-07,unit,경기,수원시 팔달구,1793,1447,346,1588,1,202,2,1328,260,1,0,116,86,2,0
41117,경기도 수원시 영통구,41117,경기도 수원시 영통구,,2025-04-07,unit,경기,수원시 영통구,4233,4032,201,3952,13,265,3,3841,111,1,12,187,78,3,0
41131,경기도 성남시 수정구,41131,경기도 성남시 수정구,,2025-04-07,unit,경기,성남시 수정구,2173,1868,305,1803,57,311,2,1672,131,0,57,194,117,2,0
41133,경기도 성남시 중원구,41133,경기도 성남시 중원구,,2025-04-07,unit,경기,성남시 중원구,1862,1439,423,1466,68,327,1,1238,228,0,68,200,127,1,0
41135,경기도 성남시 분당구,41135,경기도 성남시 분당구,,2025-04-07,unit,경기,성남시 분당구,8237,6364,1873,7582,356,298,1,6132,1450,0,356,231,67,1,0
41150,경기도 의정부시,41150,경기도 의정부시,,2025-04-07,unit,경기,의정부시,3805,3029,776,2939,80,777,9,2511,428,2,78,507,270,9,0
41171,경기도 안양시 만안구,41171,경기도 안양시 만안구,,2025-04-07,unit,경기,안양시 만안구,2070,1380,690,1465,270,333,2,1172,293,0,270,206,127,2,0
41173,경기도 안양시 동안구,41173,경기도 안양시 동안구,,2025-04-07,unit,경기,안양시 동안구,3285,2835,450,2879,38,363,5,2558,321,6,32,267,96,4,1
41192,경기도 부천시 원미구,41192,경기도 부천시 원미구,,2025-04-07,unit,경기,부천시 원미구,2936,2231,705,2081,207,641,7,1771,310,2,205,451,190,7,0
41194,경기도 부천시 소사구,41194,경기도 부천시 소사구,,2025-04-07,unit,경기,부천시 소사구,2039,1215,824,1620,52,365,2,970,650,0,52,243,122,2,0
41196,경기도 부천시 오정구,41196,경기도 부천시 오정구,,2025-04-07,unit,경기,부천시 오정구,1315,808,507,697,246,371,1,548,149,2,244,257,114,1,0
41210,경기도 광명시,41210,경기도 광명시,,2025-04-07,unit,경기,광명시,2472,1992,480,1839,176,457,0,1668,171,1,175,323,134,0,0
41220,경기도 평택시,41220,경기도 평택시,,2025-04-07,unit,경기,평택시,7098,6395,703,5303,168,1621,6,5076,227,4,164,1309,312,6,0
41250,경기도 동두천시,41250,경기도 동두천시,,2025-04-07,unit,경기,동두천시,815,685,130,506,19,290,0,469,37,0,19,216,74,0,0
41271,경기도 안산시 상록구,41271,경기도 안산시 상록구,,2025-04-07,unit,경기,안산시 상록구,2329,1675,654,1693,2,632,2,1243,450,1,1,429,203,2,0
41273,경기도 안산시 단원구,41273,경기도 안산시 단원구,,2025-04-07,unit,경기,안산시 단원구,3226,2620,606,2292,88,846,0,1946,346,8,80,666,180,0,0
41281,경기도 고양시 덕양구,41281,경기도 고양시 덕양구,,2025-04-07,unit,경기,고양시 덕양구,4789,4133,656,3653,166,966,4,3432,221,3,163,694,272,4,0
41285,경기도 고양시 일산동구,41285,경기도 고양시 일산동구,,2025-04-07,unit,경기,고양시 일산동구,4435,3209,1226,3518,143,771,3,2598,920,2,141,606,165,3,0
41287,경기도 고양시 일산서구,41287,경기도 고양시 일산서구,,2025-04-07,unit,경기,고양시 일산서구,3098,2323,775,2350,150,597,1,1921,429,1,149,400,197,1,0
41290,경기도 과천시,41290,경기도 과천시,,2025-04-07,unit,경기,과천시,1362,1240,122,1180,35,143,4,1108,72,5,30,123,20,4,0
41310,경기도 구리시,41310,경기도 구리시,,2025-04-07,unit,경기,구리시,1635,1326,309,1264,43,325,3,1108,156,1,42,214,111,3,0
41360,경기도 남양주시,41360,경기도 남양주시,,2025-04-07,unit,경기,남양주시,8089,7081,1008,6060,162,1843,24,5721,339,8,154,1328,515,24,0
41370,경기도 오산시,41370,경기도 오산시,,2025-04-07,unit,경기,오산시,2461,2137,324,1872,105,480,4,1787,85,1,104,345,135,4,0
41390,경기도 시흥시,41390,경기도 시흥시,,2025-04-07,unit,경기,시흥시,4941,4417,524,3616,38,1283,4,3469,147,6,32,938,345,4,0
41410,경기도 군포시,41410,경기도 군포시,,2025-04-07,unit,경기,군포시,1905,1546,359,1439,96,369,1,1331,108,0,96,214,155,1,0
41430,경기도 의왕시,41430,경기도 의왕시,,2025-04-07,unit,경기,의왕시,1764,1524,240,1461,48,254,1,1354,107,0,48,169,85,1,0
41450,경기도 하남시,41450,경기도 하남시,,2025-04-07,unit,경기,하남시,4428,3998,430,3520,103,803,2,3435,85,11,92,550,253,2,0
41461,경기도 용인시 처인구,41461,경기도 용인시 처인구,,2025-04-07,unit,경기,용인시 처인구,4202,3642,560,3035,261,899,7,2881,154,43,218,711,188,7,0
41463,경기도 용인시 기흥구,41463,경기도 용인시 기흥구,,2025-04-07,unit,경기,용인시 기흥구,6929,5959,970,6028,19,880,2,5236,792,9,10,712,168,2,0
41465,경기도 용인시 수지구,41465,경기도 용인시 수지구,,2025-04-07,unit,경기,용인시 수지구,4440,4276,164,4225,2,210,3,4128,97,2,0,143,67,3,0
41480,경기도 파주시,41480,경기도 파주시,,2025-04-07,unit,경기,파주시,6412,5652,760,4366,255,1781,10,4298,68,7,248,1337,444,10,0
41500,경기도 이천시,41500,경기도 이천시,,2025-04-07,unit,경기,이천시,2779,2580,199,1951,22,803,3,1926,25,2,20,649,154,3,0
41550,경기도 안성시,41550,경기도 안성시,,2025-04-07,unit,경기,안성시,2423,2198,225,1576,58,784,5,1516,60,1,57,676,108,5,0
41570,경기도 김포시,41570,경기도 김포시,,2025-04-07,unit,경기,김포시,7877,6332,1545,5445,319,2108,5,4805,640,31,288,1491,617,5,0
41590,경기도 화성시,41590,경기도 화성시,parent_si: 화성시 has 일반구 since 2026-02-01 (41591/41593/41595/41597),2025-04-07,unit,경기,화성시,13931,12733,1198,11288,308,2316,19,10846,442,16,292,1852,464,19,0
41610,경기도 광주시,41610,경기도 광주시,,2025-04-07,unit,경기,광주시,4680,4091,589,3376,220,1081,3,3325,51,12,208,751,330,3,0
41630,경기도 양주시,41630,경기도 양주시,,2025-04-07,unit,경기,양주시,3817,3267,550,2705,74,1038,0,2533,172,6,68,728,310,0,0
41650,경기도 포천시,41650,경기도 포천시,,2025-04-07,unit,경기,포천시,1962,1731,231,1121,42,799,0,1021,100,0,42,710,89,0,0
41670,경기도 여주시,41670,경기도 여주시,,2025-04-07,unit,경기,여주시,1700,1583,117,1072,13,613,2,1034,38,5,8,542,71,2,0
41800,경기도 연천군,41800,경기도 연천군,,2025-04-07,unit,경기,연천군,652,613,39,390,2,258,2,376,14,0,2,235,23,2,0
41820,경기도 가평군,41820,경기도 가평군,,2025-04-07,unit,경기,가평군,823,751,72,576,13,233,1,557,19,0,13,193,40,1,0
41830,경기도 양평군,41830,경기도 양평군,,2025-04-07,unit,경기,양평군,2068,1895,173,1515,21,530,2,1452,63,3,18,438,92,2,0
43111,충청북도 청주시 상당구,43111,충청북도 청주시 상당구,,2025-04-07,unit,충북,청주시 상당구,2989,2584,405,2294,59,634,2,2078,216,1,58,503,131,2,0
43112,충청북도 청주시 서원구,43112,충청북도 청주시 서원구,,2025-04-07,unit,충북,청주시 서원구,2738,2351,387,2121,64,552,1,1891,230,2,62,457,95,1,0
43113,충청북도 청주시 흥덕구,43113,충청북도 청주시 흥덕구,,2025-04-07,unit,충북,청주시 흥덕구,4984,4225,759,3972,55,955,2,3451,521,6,49,766,189,2,0
43114,충청북도 청주시 청원구,43114,충청북도 청주시 청원구,,2025-04-07,unit,충북,청주시 청원구,3068,2744,324,2255,22,789,2,2063,192,3,19,676,113,2,0
43130,충청북도 충주시,43130,충청북도 충주시,,2025-04-07,unit,충북,충주시,3802,3342,460,2694,23,1083,2,2393,301,6,17,941,142,2,0
43150,충청북도 제천시,43150,충청북도 제천시,,2025-04-07,unit,충북,제천시,2322,2084,238,1537,8,774,3,1404,133,5,3,672,102,3,0
43720,충청북도 보은군,43720,충청북도 보은군,,2025-04-07,unit,충북,보은군,661,629,32,342,7,312,0,328,14,6,1,295,17,0,0
43730,충청북도 옥천군,43730,충청북도 옥천군,,2025-04-07,unit,충북,옥천군,861,800,61,493,0,368,0,476,17,0,0,324,44,0,0
43740,충청북도 영동군,43740,충청북도 영동군,,2025-04-07,unit,충북,영동군,937,883,54,433,2,501,1,398,35,1,1,483,18,1,0
43745,충청북도 증평군,43745,충청북도 증평군,,2025-04-07,unit,충북,증평군,407,381,26,303,0,103,1,295,8,0,0,85,18,1,0
43750,충청북도 진천군,43750,충청북도 진천군,,2025-04-07,unit,충북,진천군,1578,1497,81,1091,3,483,1,1068,23,1,2,427,56,1,0
43760,충청북도 괴산군,43760,충청북도 괴산군,,2025-04-07,unit,충북,괴산군,663,636,27,421,2,240,0,413,8,2,0,221,19,0,0
43770,충청북도 음성군,43770,충청북도 음성군,,2025-04-07,unit,충북,음성군,1373,1316,57,902,3,465,3,891,11,2,1,420,45,3,0
43800,충청북도 단양군,43800,충청북도 단양군,,2025-04-07,unit,충북,단양군,520,486,34,340,1,179,0,330,10,1,0,155,24,0,0
44131,충청남도 천안시 동남구,44131,충청남도 천안시 동남구,,2025-04-07,unit,충남,천안시 동남구,3216,2836,380,2356,1,852,7,2102,254,0,1,732,120,2,5
44133,충청남도 천안시 서북구,44133,충청남도 천안시 서북구,,2025-04-07,unit,충남,천안시 서북구,5010,4527,483,3927,129,951,3,3701,226,1,128,822,129,3,0
44150,충청남도 공주시,44150,충청남도 공주시,,2025-04-07,unit,충남,공주시,1658,1553,105,1150,15,491,2,1085,65,1,14,465,26,2,0
44180,충청남도 보령시,44180,충청남도 보령시,,2025-04-07,unit,충남,보령시,1443,1367,76,744,22,674,3,713,31,7,15,644,30,3,0
44200,충청남도 아산시,44200,충청남도 아산시,,2025-04-07,unit,충남,아산시,5496,4989,507,4171,61,1258,6,3945,226,6,55,1032,226,6,0
44210,충청남도 서산시,44210,충청남도 서산시,,2025-04-07,unit,충남,서산시,2932,2675,257,2131,23,775,3,1976,155,3,20,693,82,3,0
44230,충청남도 논산시,44230,충청남도 논산시,,2025-04-07,unit,충남,논산시,1761,1688,73,944,16,801,0,926,18,0,16,762,39,0,0
44250,충청남도 계룡시,44250,충청남도 계룡시,,2025-04-07,unit,충남,계룡시,893,831,62,689,15,189,0,684,5,0,15,147,42,0,0
44270,충청남도 당진시,44270,충청남도 당진시,,2025-04-07,unit,충남,당진시,3375,3225,150,2470,31,874,0,2410,60,3,28,812,62,0,0
44710,충청남도 금산군,44710,충청남도 금산군,,2025-04-07,unit,충남,금산군,853,792,61,530,0,322,1,497,33,0,0,294,28,1,0
44760,충청남도 부여군,44760,충청남도 부여군,,2025-04-07,unit,충남,부여군,1141,1083,58,582,8,550,1,567,15,4,4,511,39,1,0
44770,충청남도 서천군,44770,충청남도 서천군,,2025-04-07,unit,충남,서천군,841,812,29,399,1,441,0,387,12,0,1,425,16,0,0
44790,충청남도 청양군,44790,충청남도 청양군,,2025-04-07,unit,충남,청양군,465,443,22,289,0,175,1,284,5,0,0,158,17,1,0
44800,충청남도 홍성군,44800,충청남도 홍성군,,2025-04-07,unit,충남,홍성군,1494,1424,70,972,12,501,9,946,26,2,10,471,30,5,4
44810,충청남도 예산군,44810,충청남도 예산군,,2025-04-07,unit,충남,예산군,1600,1547,53,928,1,671,0,914,14,0,1,633,38,0,0
44825,충청남도 태안군,44825,충청남도 태안군,,2025-04-07,unit,충남,태안군,936,910,26,496,1,437,2,493,3,1,0,414,23,2,0
47111,경상북도 포항시 남구,47111,경상북도 포항시 남구,,2025-04-07,unit,경북,포항시 남구,2713,2342,371,1878,124,710,1,1681,197,1,123,659,51,1,0
47113,경상북도 포항시 북구,47113,경상북도 포항시 북구,,2025-04-07,unit,경북,포항시 북구,3696,3331,365,2817,5,871,3,2541,276,5,0,782,89,3,0
47130,경상북도 경주시,47130,경상북도 경주시,,2025-04-07,unit,경북,경주시,3665,3312,353,2592,31,1040,2,2331,261,11,20,968,72,2,0
47150,경상북도 김천시,47150,경상북도 김천시,,2025-04-07,unit,경북,김천시,2257,2073,184,1360,4,891,2,1247,113,4,0,820,71,2,0
47170,경상북도 안동시,47170,경상북도 안동시,,2025-04-07,unit,경북,안동시,2075,1891,184,1397,14,662,2,1270,127,0,14,619,43,2,0
47190,경상북도 구미시,47190,경상북도 구미시,,2025-04-07,unit,경북,구미시,4678,4123,555,3335,3,1339,1,3016,319,3,0,1103,236,1,0
47210,경상북도 영주시,47210,경상북도 영주시,,2025-04-07,unit,경북,영주시,1222,1114,108,711,4,505,2,652,59,2,2,458,47,2,0
47230,경상북도 영천시,47230,경상북도 영천시,,2025-04-07,unit,경북,영천시,1637,1508,129,918,24,693,2,876,42,0,24,630,63,2,0
47250,경상북도 상주시,47250,경상북도 상주시,,2025-04-07,unit,경북,상주시,1501,1410,91,757,11,731,2,701,56,0,11,707,24,2,0
47280,경상북도 문경시,47280,경상북도 문경시,,2025-04-07,unit,경북,문경시,850,799,51,480,7,361,2,461,19,1,6,335,26,2,0
47290,경상북도 경산시,47290,경상북도 경산시,,2025-04-07,unit,경북,경산시,3580,3198,382,2483,34,1060,3,2362,121,9,25,824,236,3,0
47730,경상북도 의성군,47730,경상북도 의성군,,2025-04-07,unit,경북,의성군,668,648,20,372,0,294,2,369,3,0,0,277,17,2,0
47750,경상북도 청송군,47750,경상북도 청송군,,2025-04-07,unit,경북,청송군,417,387,30,202,6,209,0,198,4,0,6,189,20,0,0
47760,경상북도 영양군,47760,경상북도 영양군,,2025-04-07,unit,경북,영양군,197,185,12,124,3,70,0,123,1,0,3,62,8,0,0
47770,경상북도 영덕군,47770,경상북도 영덕군,,2025-04-07,unit,경북,영덕군,450,427,23,254,0,196,0,250,4,0,0,177,19,0,0
47820,경상북도 청도군,47820,경상북도 청도군,,2025-04-07,unit,경북,청도군,721,687,34,466,11,242,2,453,13,4,7,228,14,2,0
47830,경상북도 고령군,47830,경상북도 고령군,,2025-04-07,unit,경북,고령군,752,734,18,374,1,374,3,374,0,0,1,357,17,3,0
47840,경상북도 성주군,47840,경상북도 성주군,merged source rows '경북 성주군' + '경상북도 성주군' (27 EVs; 시도-name variant of the same unit),2025-04-07,unit,경북|경상북도,성주군,1372,1349,23,579,11,781,1,576,3,4,7,768,13,1,0
47850,경상북도 칠곡군,47850,경상북도 칠곡군,,2025-04-07,unit,경북,칠곡군,1561,1428,133,941,2,616,2,888,53,2,0,536,80,2,0
47900,경상북도 예천군,47900,경상북도 예천군,,2025-04-07,unit,경북,예천군,867,825,42,528,2,336,1,515,13,0,2,309,27,1,0
47920,경상북도 봉화군,47920,경상북도 봉화군,,2025-04-07,unit,경북,봉화군,353,340,13,190,0,163,0,187,3,0,0,153,10,0,0
47930,경상북도 울진군,47930,경상북도 울진군,,2025-04-07,unit,경북,울진군,605,578,27,412,8,183,2,404,8,4,4,168,15,2,0
47940,경상북도 울릉군,47940,경상북도 울릉군,,2025-04-07,unit,경북,울릉군,637,629,8,521,0,115,1,515,6,0,0,113,2,1,0
48121,경상남도 창원시 의창구,48121,경상남도 창원시 의창구,,2025-04-07,unit,경남,창원시 의창구,4471,2979,1492,3711,0,759,1,2320,1391,0,0,658,101,1,0
48123,경상남도 창원시 성산구,48123,경상남도 창원시 성산구,,2025-04-07,unit,경남,창원시 성산구,5540,3999,1541,4940,155,444,1,3599,1341,3,152,396,48,1,0
48125,경상남도 창원시 마산합포구,48125,경상남도 창원시 마산합포구,,2025-04-07,unit,경남,창원시 마산합포구,4637,4235,402,4014,200,419,4,3882,132,3,197,346,73,4,0
48127,경상남도 창원시 마산회원구,48127,경상남도 창원시 마산회원구,,2025-04-07,unit,경남,창원시 마산회원구,3015,2715,300,2571,3,439,2,2329,242,0,3,384,55,2,0
48129,경상남도 창원시 진해구,48129,경상남도 창원시 진해구,,2025-04-07,unit,경남,창원시 진해구,1541,1404,137,1205,28,305,3,1152,53,2,26,247,58,3,0
48170,경상남도 진주시,48170,경상남도 진주시,,2025-04-07,unit,경남,진주시,5679,4631,1048,4004,109,1563,3,3215,789,1,108,1412,151,3,0
48220,경상남도 통영시,48220,경상남도 통영시,,2025-04-07,unit,경남,통영시,1211,966,245,779,18,413,1,627,152,4,14,334,79,1,0
48240,경상남도 사천시,48240,경상남도 사천시,,2025-04-07,unit,경남,사천시,1240,1123,117,871,20,348,1,808,63,1,19,313,35,1,0
48250,경상남도 김해시,48250,경상남도 김해시,,2025-04-07,unit,경남,김해시,5416,4842,574,3828,89,1498,1,3567,261,2,87,1272,226,1,0
48270,경상남도 밀양시,48270,경상남도 밀양시,,2025-04-07,unit,경남,밀양시,1548,1354,194,1025,18,505,0,918,107,0,18,436,69,0,0
48310,경상남도 거제시,48310,경상남도 거제시,,2025-04-07,unit,경남,거제시,2215,1989,226,1546,32,636,1,1448,98,1,31,539,97,1,0
48330,경상남도 양산시,48330,경상남도 양산시,,2025-04-07,unit,경남,양산시,4698,4078,620,3121,125,1451,1,2920,201,11,114,1146,305,1,0
48720,경상남도 의령군,48720,경상남도 의령군,,2025-04-07,unit,경남,의령군,376,367,9,212,3,161,0,211,1,1,2,155,6,0,0
48730,경상남도 함안군,48730,경상남도 함안군,,2025-04-07,unit,경남,함안군,2575,1500,1075,2175,4,396,0,1117,1058,0,4,383,13,0,0
48740,경상남도 창녕군,48740,경상남도 창녕군,,2025-04-07,unit,경남,창녕군,905,849,56,519,7,379,0,512,7,3,4,334,45,0,0
48820,경상남도 고성군,48820,경상남도 고성군,,2025-04-07,unit,경남,고성군,720,679,41,368,6,344,2,353,15,4,2,320,24,2,0
48840,경상남도 남해군,48840,경상남도 남해군,,2025-04-07,unit,경남,남해군,644,614,30,399,6,239,0,386,13,2,4,226,13,0,0
48850,경상남도 하동군,48850,경상남도 하동군,,2025-04-07,unit,경남,하동군,736,718,18,346,13,377,0,338,8,7,6,373,4,0,0
48860,경상남도 산청군,48860,경상남도 산청군,,2025-04-07,unit,경남,산청군,719,694,25,408,1,310,0,402,6,0,1,292,18,0,0
48870,경상남도 함양군,48870,경상남도 함양군,,2025-04-07,unit,경남,함양군,650,428,222,459,6,185,0,258,201,1,5,169,16,0,0
48880,경상남도 거창군,48880,경상남도 거창군,,2025-04-07,unit,경남,거창군,875,831,44,517,11,347,0,508,9,0,11,323,24,0,0
48890,경상남도 합천군,48890,경상남도 합천군,,2025-04-07,unit,경남,합천군,866,831,35,514,6,346,0,488,26,1,5,342,4,0,0
50110,제주특별자치도 제주시,50110,제주특별자치도 제주시,,2025-04-07,unit,제주,제주시,40038,28697,11341,33276,234,6490,38,22688,10588,32,202,5962,528,15,23
50130,제주특별자치도 서귀포시,50130,제주특별자치도 서귀포시,,2025-04-07,unit,제주,서귀포시,10846,10159,687,7400,68,3375,3,6954,446,10,58,3192,183,3,0
51110,강원특별자치도 춘천시,51110,강원특별자치도 춘천시,,2025-04-07,unit,강원,춘천시,4801,3835,966,3304,106,1388,3,2687,617,15,91,1130,258,3,0
51130,강원특별자치도 원주시,51130,강원특별자치도 원주시,,2025-04-07,unit,강원,원주시,5179,4331,848,4006,13,1155,5,3301,705,8,5,1017,138,5,0
51150,강원특별자치도 강릉시,51150,강원특별자치도 강릉시,,2025-04-07,unit,강원,강릉시,3671,3010,661,2470,77,1100,24,1967,503,16,61,1023,77,4,20
51170,강원특별자치도 동해시,51170,강원특별자치도 동해시,,2025-04-07,unit,강원,동해시,872,743,129,614,2,254,2,527,87,2,0,212,42,2,0
51190,강원특별자치도 태백시,51190,강원특별자치도 태백시,,2025-04-07,unit,강원,태백시,420,343,77,262,4,150,4,215,47,0,4,124,26,4,0
51210,강원특별자치도 속초시,51210,강원특별자치도 속초시,,2025-04-07,unit,강원,속초시,887,714,173,644,19,224,0,508,136,11,8,195,29,0,0
51230,강원특별자치도 삼척시,51230,강원특별자치도 삼척시,,2025-04-07,unit,강원,삼척시,729,669,60,514,6,208,1,490,24,0,6,178,30,1,0
51720,강원특별자치도 홍천군,51720,강원특별자치도 홍천군,,2025-04-07,unit,강원,홍천군,781,740,41,473,12,295,1,467,6,5,7,267,28,1,0
51730,강원특별자치도 횡성군,51730,강원특별자치도 횡성군,,2025-04-07,unit,강원,횡성군,698,598,100,451,8,238,1,364,87,1,7,232,6,1,0
51750,강원특별자치도 영월군,51750,강원특별자치도 영월군,,2025-04-07,unit,강원,영월군,392,346,46,226,0,165,1,197,29,0,0,148,17,1,0
51760,강원특별자치도 평창군,51760,강원특별자치도 평창군,,2025-04-07,unit,강원,평창군,564,516,48,371,3,187,3,351,20,0,3,163,24,2,1
51770,강원특별자치도 정선군,51770,강원특별자치도 정선군,,2025-04-07,unit,강원,정선군,354,313,41,202,12,136,4,200,2,0,12,109,27,4,0
51780,강원특별자치도 철원군,51780,강원특별자치도 철원군,,2025-04-07,unit,강원,철원군,541,505,36,228,13,300,0,213,15,13,0,279,21,0,0
51790,강원특별자치도 화천군,51790,강원특별자치도 화천군,,2025-04-07,unit,강원,화천군,305,286,19,163,6,135,1,157,6,1,5,127,8,1,0
51800,강원특별자치도 양구군,51800,강원특별자치도 양구군,,2025-04-07,unit,강원,양구군,336,304,32,183,1,151,1,165,18,1,0,137,14,1,0
51810,강원특별자치도 인제군,51810,강원특별자치도 인제군,,2025-04-07,unit,강원,인제군,418,375,43,298,4,115,1,268,30,3,1,103,12,1,0
51820,강원특별자치도 고성군,51820,강원특별자치도 고성군,,2025-04-07,unit,강원,고성군,364,332,32,187,0,176,1,173,14,0,0,158,18,1,0
51830,강원특별자치도 양양군,51830,강원특별자치도 양양군,,2025-04-07,unit,강원,양양군,359,309,50,245,0,114,0,206,39,0,0,103,11,0,0
52111,전북특별자치도 전주시 완산구,52111,전북특별자치도 전주시 완산구,,2025-04-07,unit,전북,전주시 완산구,3663,3066,597,2821,27,813,2,2456,365,2,25,606,207,2,0
52113,전북특별자치도 전주시 덕진구,52113,전북특별자치도 전주시 덕진구,,2025-04-07,unit,전북,전주시 덕진구,4515,3761,754,3471,22,1019,3,2930,541,4,18,824,195,3,0
52130,전북특별자치도 군산시,52130,전북특별자치도 군산시,,2025-04-07,unit,전북,군산시,4230,3568,662,2723,82,1415,10,2355,368,8,74,1195,220,10,0
52140,전북특별자치도 익산시,52140,전북특별자치도 익산시,,2025-04-07,unit,전북,익산시,4073,3607,466,2543,35,1491,4,2257,286,7,28,1339,152,4,0
52180,전북특별자치도 정읍시,52180,전북특별자치도 정읍시,,2025-04-07,unit,전북,정읍시,1861,1739,122,1066,8,786,1,1008,58,4,4,726,60,1,0
52190,전북특별자치도 남원시,52190,전북특별자치도 남원시,,2025-04-07,unit,전북,남원시,1468,1397,71,775,7,685,1,750,25,6,1,640,45,1,0
52210,전북특별자치도 김제시,52210,전북특별자치도 김제시,,2025-04-07,unit,전북,김제시,1475,1377,98,797,5,671,2,742,55,5,0,628,43,2,0
52710,전북특별자치도 완주군,52710,전북특별자치도 완주군,,2025-04-07,unit,전북,완주군,1353,1273,80,994,5,353,1,954,40,5,0,313,40,1,0
52720,전북특별자치도 진안군,52720,전북특별자치도 진안군,,2025-04-07,unit,전북,진안군,423,411,12,274,2,146,1,267,7,2,0,141,5,1,0
52730,전북특별자치도 무주군,52730,전북특별자치도 무주군,,2025-04-07,unit,전북,무주군,380,369,11,248,4,128,0,242,6,4,0,123,5,0,0
52740,전북특별자치도 장수군,52740,전북특별자치도 장수군,,2025-04-07,unit,전북,장수군,412,389,23,214,1,196,1,211,3,1,0,176,20,1,0
52750,전북특별자치도 임실군,52750,전북특별자치도 임실군,,2025-04-07,unit,전북,임실군,429,417,12,235,10,184,0,230,5,10,0,177,7,0,0
52770,전북특별자치도 순창군,52770,전북특별자치도 순창군,,2025-04-07,unit,전북,순창군,361,345,16,226,4,130,1,215,11,4,0,125,5,1,0
52790,전북특별자치도 고창군,52790,전북특별자치도 고창군,,2025-04-07,unit,전북,고창군,772,754,18,475,5,292,0,466,9,5,0,283,9,0,0
52800,전북특별자치도 부안군,52800,전북특별자치도 부안군,,2025-04-07,unit,전북,부안군,668,657,11,373,2,293,0,368,5,2,0,287,6,0,0
41190,경기도 부천시,41190,경기도 부천시,residual_parent_si: EVs recorded at 부천시 level without 일반구 (41192/41194/41196 since 2024-01-01); NOT the 시 total,2025-04-07,residual,경기,부천시,1,1,0,1,0,0,0,1,0,0,0,0,0,0,0
