sido_cd,sido_nm,src_sido,map_note,ref_date,total_all,gasoline,diesel,lpg,kerosene,electric,alcohol,solar,cng,lng,hybrid_gasoline_electric,hybrid_diesel_electric,hybrid_lpg_electric,hybrid_cng_electric,hybrid_lng_electric,hydrogen,hydrogen_electric,other_fuel,hybrid_total,hydrogen_total,electric_car,electric_van,electric_truck,electric_special,electric_nonbusiness,electric_business,hydrogen_total_car,hydrogen_total_van,hydrogen_total_truck,hydrogen_total_special,hybrid_total_car,hybrid_total_van,hybrid_total_truck,hybrid_total_special,ev_share_pct,zev_share_pct
11,서울특별시,서울,,2026-08-31,3150052,1591479,846756,213028,0,124741,0,0,6507,1,347991,7292,1209,20,0,3121,480,7427,356512,3601,107350,2887,14340,164,100563,24178,3437,157,5,2,354238,836,1397,41,3.96,4.074
12,전남광주통합특별시,전남광주,전남광주통합특별시 (2026-07-01): 광주광역시(29)+전라남도(46) combined in source,2026-08-31,2071767,855847,711304,182259,0,77260,0,0,1602,2,221255,2913,841,20,0,2488,777,15199,225029,3265,62527,590,14064,79,57664,19596,3117,144,4,0,223853,752,409,15,3.729,3.887
26,부산광역시,부산,,2026-08-31,1586922,730640,435238,98030,0,81709,1,0,1572,2,208300,12002,435,0,0,2227,581,16185,220737,2808,70109,1110,10444,46,63156,18553,2509,294,5,0,219693,476,560,8,5.149,5.326
27,대구광역시,대구,,2026-08-31,1266989,589677,385982,97635,0,54509,0,0,1888,1,126058,4706,443,0,0,783,162,5145,131207,945,45365,172,8939,33,46646,7863,848,97,0,0,130669,163,369,6,4.302,4.377
28,인천광역시,인천,,2026-08-31,1761693,801422,472106,101013,0,101821,0,0,1624,1,252982,12319,415,5,0,2549,1190,14246,265721,3739,90353,762,10630,76,61857,39964,3005,720,14,0,263038,1216,1396,71,5.78,5.992
30,대전광역시,대전,,2026-08-31,750374,362551,210784,63825,0,30835,0,0,1029,0,73643,1285,270,0,0,1813,401,3938,75198,2214,25710,239,4870,16,25260,5575,2136,77,0,1,74763,150,274,11,4.109,4.404
31,울산광역시,울산,,2026-08-31,613085,304425,178642,34003,0,18035,0,0,600,0,67275,511,272,24,0,2841,681,5776,68082,3522,13862,271,3864,38,15862,2173,3393,119,7,3,67731,133,208,10,2.942,3.516
36,세종특별자치시,세종,,2026-08-31,205764,98031,55898,12323,0,9710,0,0,138,0,27301,376,69,0,0,566,100,1252,27746,666,8616,171,765,158,9120,590,558,108,0,0,27663,47,34,2,4.719,5.043
41,경기도,경기,,2026-08-31,6775618,3228044,2081358,413818,0,272381,0,2,5573,4,716857,12145,1895,13,0,8237,3157,32134,730910,11394,221964,6853,43197,367,241841,30540,10680,708,6,0,726154,1648,3034,74,4.02,4.188
43,충청북도,충북,,2026-08-31,965899,428858,332218,70840,0,42176,0,0,356,0,79050,1193,339,0,0,2129,982,7758,80582,3111,31842,431,9844,59,38878,3298,2987,124,0,0,79977,319,276,10,4.367,4.689
44,충청남도,충남,,2026-08-31,1302273,575448,462696,93036,0,50194,0,0,294,1,105211,1423,510,0,0,1769,646,11045,107144,2415,36313,637,13150,94,46865,3329,2307,102,5,1,106502,318,307,17,3.854,4.04
47,경상북도,경북,,2026-08-31,1573158,674005,590395,123760,0,59788,0,0,674,6,109325,1377,543,24,0,631,480,12150,111269,1111,42064,584,17056,84,55692,4096,910,201,0,0,110555,358,347,9,3.801,3.871
48,경상남도,경남,,2026-08-31,2036905,945339,631086,133830,0,90584,0,0,689,2,213060,7284,650,0,0,3142,785,10454,220994,3927,72706,1206,16613,59,69543,21041,3723,203,1,0,220195,373,415,11,4.447,4.64
50,제주특별자치도,제주,,2026-08-31,732454,323681,177290,39240,0,77621,0,0,2,0,111982,1227,220,0,0,103,86,1002,113429,189,63647,502,13429,43,51584,26037,164,24,1,0,111816,937,673,3,10.597,10.623
51,강원특별자치도,강원,,2026-08-31,883550,393448,322698,55573,0,32404,0,0,241,0,69508,1053,266,0,0,2456,709,5194,70827,3165,23696,470,8169,69,29052,3352,3065,98,2,0,70298,268,247,14,3.667,4.026
52,전북특별자치도,전북,,2026-08-31,1010781,411554,380093,92238,0,37200,0,0,453,2,77923,1448,406,0,0,2566,582,6316,79777,3148,26195,376,10580,49,33913,3287,2768,376,3,1,79276,282,212,7,3.68,3.992
