sgg_cd,sgg_nm,sgg_cd_ref,sgg_nm_ref,map_note,year,src_code,src_sido,src_sgg,daily_km_all_total,daily_km_all_passenger_car,daily_km_all_van_bus,daily_km_all_truck,daily_km_all_special,daily_km_nonbiz_total,daily_km_nonbiz_passenger_car,daily_km_nonbiz_van_bus,daily_km_nonbiz_truck,daily_km_nonbiz_special,daily_km_biz_total,daily_km_biz_passenger_car,daily_km_biz_van_bus,daily_km_biz_truck,daily_km_biz_special
11110,서울특별시 종로구,11110,서울특별시 종로구,,2025,11010,서울특별시,종로구,34.5,26.7,35.5,64.5,104.4,26.0,25.6,23.4,32.2,16.5,129.4,134.7,174.3,115.8,225.1
11140,서울특별시 중구,11140,서울특별시 중구,,2025,11020,서울특별시,중구,35.5,28.1,47.7,56.6,93.1,28.6,25.8,43.3,33.9,28.3,93.1,60.0,97.0,116.2,229.4
11170,서울특별시 용산구,11170,서울특별시 용산구,,2025,11030,서울특별시,용산구,29.7,26.7,33.8,48.7,31.7,26.2,25.2,28.5,34.8,15.7,87.9,74.3,136.6,96.1,100.5
11200,서울특별시 성동구,11200,서울특별시 성동구,,2025,11040,서울특별시,성동구,39.4,34.3,70.9,60.1,56.0,27.1,25.2,27.7,39.2,20.8,92.3,77.6,146.7,131.7,111.3
11215,서울특별시 광진구,11215,서울특별시 광진구,,2025,11050,서울특별시,광진구,33.7,30.0,44.2,50.9,36.9,28.0,26.4,30.2,37.8,24.8,100.3,96.9,129.7,103.1,52.1
11230,서울특별시 동대문구,11230,서울특별시 동대문구,,2025,11060,서울특별시,동대문구,33.4,29.4,33.1,52.1,32.7,26.9,25.4,27.6,36.1,26.1,104.4,109.8,130.0,101.0,44.7
11260,서울특별시 중랑구,11260,서울특별시 중랑구,,2025,11070,서울특별시,중랑구,39.7,35.6,56.1,53.1,36.4,28.4,26.6,30.6,37.2,24.6,120.2,131.8,168.1,102.0,45.0
11290,서울특별시 성북구,11290,서울특별시 성북구,,2025,11080,서울특별시,성북구,33.1,28.1,74.5,48.2,28.7,26.0,24.8,27.9,34.5,24.5,131.9,135.9,184.7,100.8,35.4
11305,서울특별시 강북구,11305,서울특별시 강북구,,2025,11090,서울특별시,강북구,35.7,31.2,65.9,45.2,27.5,26.8,25.4,27.4,34.5,22.3,125.8,140.7,179.7,89.2,33.7
11320,서울특별시 도봉구,11320,서울특별시 도봉구,,2025,11100,서울특별시,도봉구,38.0,34.4,54.5,51.5,31.1,27.3,25.8,28.6,36.4,24.7,123.2,136.4,178.5,97.1,38.9
11350,서울특별시 노원구,11350,서울특별시 노원구,,2025,11110,서울특별시,노원구,35.5,32.6,55.8,48.9,29.2,27.1,25.9,29.1,36.6,21.6,124.3,140.7,165.6,91.7,36.3
11380,서울특별시 은평구,11380,서울특별시 은평구,,2025,11120,서울특별시,은평구,35.4,31.7,65.8,47.3,34.2,27.2,25.9,28.9,35.9,23.9,128.0,144.3,197.7,88.2,44.3
11410,서울특별시 서대문구,11410,서울특별시 서대문구,,2025,11130,서울특별시,서대문구,35.6,30.3,53.6,63.3,54.1,26.1,25.0,28.3,34.5,22.7,131.2,124.3,164.7,134.8,89.5
11440,서울특별시 마포구,11440,서울특별시 마포구,,2025,11140,서울특별시,마포구,34.3,28.8,56.3,59.0,45.4,26.9,25.4,28.7,37.5,23.5,97.4,79.8,145.2,112.5,62.9
11470,서울특별시 양천구,11470,서울특별시 양천구,,2025,11150,서울특별시,양천구,36.3,30.9,63.5,57.6,102.1,26.6,25.5,29.4,34.0,23.4,137.8,143.3,180.7,121.2,134.8
11500,서울특별시 강서구,11500,서울특별시 강서구,,2025,11160,서울특별시,강서구,39.3,33.3,81.1,59.2,38.8,28.2,26.9,30.9,37.1,24.8,130.4,122.4,218.6,119.3,60.4
11530,서울특별시 구로구,11530,서울특별시 구로구,,2025,11170,서울특별시,구로구,37.2,33.2,50.9,53.0,40.8,28.2,26.7,31.4,35.9,26.9,94.2,81.2,166.1,119.8,60.7
11545,서울특별시 금천구,11545,서울특별시 금천구,,2025,11180,서울특별시,금천구,37.9,33.3,56.9,50.1,31.5,30.6,29.0,32.8,37.7,21.8,104.2,103.7,176.9,92.2,50.7
11560,서울특별시 영등포구,11560,서울특별시 영등포구,,2025,11190,서울특별시,영등포구,36.0,28.7,35.1,67.5,78.8,26.9,25.5,30.5,34.9,25.1,124.2,117.2,123.6,129.5,109.4
11590,서울특별시 동작구,11590,서울특별시 동작구,,2025,11200,서울특별시,동작구,29.5,27.1,36.1,46.0,34.6,26.4,25.2,29.4,37.0,23.0,99.6,120.2,138.1,84.5,45.6
11620,서울특별시 관악구,11620,서울특별시 관악구,,2025,11210,서울특별시,관악구,34.1,30.4,46.7,51.0,31.9,27.5,26.3,30.1,34.9,21.6,109.5,118.1,160.8,98.2,43.2
11650,서울특별시 서초구,11650,서울특별시 서초구,,2025,11220,서울특별시,서초구,33.5,26.7,59.2,74.1,91.6,26.1,25.3,28.5,34.6,19.4,114.7,66.8,164.7,134.4,166.0
11680,서울특별시 강남구,11680,서울특별시 강남구,,2025,11230,서울특별시,강남구,33.0,30.6,48.2,53.8,51.3,26.3,25.5,28.9,35.2,19.1,83.6,72.5,158.9,129.0,139.0
11710,서울특별시 송파구,11710,서울특별시 송파구,,2025,11240,서울특별시,송파구,35.7,29.9,75.9,61.1,52.1,27.1,25.8,29.9,37.2,24.0,113.9,97.2,176.7,119.2,75.0
11740,서울특별시 강동구,11740,서울특별시 강동구,,2025,11250,서울특별시,강동구,36.0,32.5,53.3,53.5,33.5,28.4,27.1,32.7,37.2,23.4,120.3,127.8,152.3,108.2,43.5
26110,부산광역시 중구,26110,부산광역시 중구,,2025,21010,부산광역시,중구,75.7,33.2,30.0,105.2,244.4,32.2,32.2,29.5,33.6,29.2,212.4,121.9,78.3,169.9,251.0
26140,부산광역시 서구,26140,부산광역시 서구,,2025,21020,부산광역시,서구,35.9,29.4,29.6,57.7,108.0,28.4,27.2,27.7,34.2,19.8,135.3,124.1,113.0,136.2,167.5
26170,부산광역시 동구,26170,부산광역시 동구,,2025,21030,부산광역시,동구,49.9,34.9,45.1,62.3,233.6,31.3,31.0,29.5,33.9,26.7,145.3,73.6,123.2,146.2,245.0
26200,부산광역시 영도구,26200,부산광역시 영도구,,2025,21040,부산광역시,영도구,37.4,34.3,66.9,37.4,91.2,28.1,27.0,28.3,32.5,20.8,133.3,133.6,176.0,84.9,158.7
26230,부산광역시 부산진구,26230,부산광역시 부산진구,,2025,21050,부산광역시,부산진구,38.1,35.6,45.3,46.4,145.8,28.5,27.4,30.7,34.2,22.9,63.6,55.4,108.1,113.3,185.5
26260,부산광역시 동래구,26260,부산광역시 동래구,,2025,21060,부산광역시,동래구,34.1,29.8,48.0,48.9,98.6,28.4,27.0,28.9,36.3,26.0,126.5,121.6,147.7,122.1,145.3
26290,부산광역시 남구,26290,부산광역시 남구,,2025,21070,부산광역시,남구,40.7,31.3,58.6,49.6,212.4,28.2,27.0,30.8,34.7,29.5,142.2,95.9,171.9,120.4,234.7
26320,부산광역시 북구,26320,부산광역시 북구,,2025,21080,부산광역시,북구,36.9,32.8,51.5,48.7,80.1,31.4,30.1,32.0,37.6,22.6,125.8,124.0,172.0,118.1,120.9
26350,부산광역시 해운대구,26350,부산광역시 해운대구,,2025,21090,부산광역시,해운대구,34.0,30.1,39.4,49.4,135.9,29.0,27.8,30.5,36.7,27.1,129.0,118.4,140.7,119.0,194.7
26380,부산광역시 사하구,26380,부산광역시 사하구,,2025,21100,부산광역시,사하구,37.7,34.7,46.7,46.6,83.5,29.4,28.2,31.1,34.6,20.3,129.7,138.4,157.4,110.6,132.3
26410,부산광역시 금정구,26410,부산광역시 금정구,,2025,21110,부산광역시,금정구,47.7,35.4,78.0,70.9,176.0,30.3,28.8,30.5,36.9,28.1,164.6,138.1,174.0,169.1,219.3
26440,부산광역시 강서구,26440,부산광역시 강서구,,2025,21120,부산광역시,강서구,41.1,33.0,53.4,52.7,155.9,33.4,31.1,33.8,39.8,28.8,121.3,68.3,155.7,136.8,208.4
26470,부산광역시 연제구,26470,부산광역시 연제구,,2025,21130,부산광역시,연제구,41.1,35.8,65.0,58.4,188.2,30.0,29.2,35.4,34.8,21.4,68.4,51.9,149.3,145.8,228.8
26500,부산광역시 수영구,26500,부산광역시 수영구,,2025,21140,부산광역시,수영구,44.6,43.3,50.0,52.7,158.3,27.9,26.8,26.0,35.9,28.4,54.3,51.5,86.3,131.1,212.2
26530,부산광역시 사상구,26530,부산광역시 사상구,,2025,21150,부산광역시,사상구,40.4,34.6,41.5,53.1,113.4,31.1,29.3,31.8,36.7,25.8,137.7,132.4,125.4,138.9,165.7
26710,부산광역시 기장군,26710,부산광역시 기장군,,2025,21310,부산광역시,기장군,39.4,34.8,73.4,45.9,89.5,33.8,33.0,34.5,37.0,24.3,144.4,129.2,213.0,117.7,151.6
27110,대구광역시 중구,27110,대구광역시 중구,,2025,22010,대구광역시,중구,34.6,31.0,50.4,53.1,42.2,30.6,29.7,28.6,38.0,20.9,94.9,59.6,127.9,159.9,90.2
27140,대구광역시 동구,27140,대구광역시 동구,,2025,22020,대구광역시,동구,39.4,33.4,61.9,58.5,66.6,30.9,29.4,31.3,37.9,28.9,124.8,104.4,182.2,141.5,92.2
27170,대구광역시 서구,27170,대구광역시 서구,,2025,22030,대구광역시,서구,38.0,32.9,47.4,52.8,50.0,30.1,28.1,32.0,37.1,25.9,109.1,87.9,161.5,140.2,82.2
27200,대구광역시 남구,27200,대구광역시 남구,,2025,22040,대구광역시,남구,33.4,30.7,44.0,43.1,33.2,29.6,27.7,39.3,36.5,24.1,110.1,115.5,127.4,106.6,46.6
27230,대구광역시 북구,27230,대구광역시 북구,,2025,22050,대구광역시,북구,38.8,32.2,57.8,57.1,72.7,32.1,30.2,32.4,39.8,27.4,136.4,108.6,193.9,144.7,121.3
27260,대구광역시 수성구,27260,대구광역시 수성구,,2025,22060,대구광역시,수성구,33.2,30.5,61.5,45.7,35.6,29.6,28.6,30.2,37.0,25.8,116.2,96.6,210.7,122.6,56.4
27290,대구광역시 달서구,27290,대구광역시 달서구,,2025,22070,대구광역시,달서구,38.5,32.8,49.7,61.0,86.5,30.7,29.2,31.8,38.6,24.9,103.9,72.8,151.5,158.5,136.2
27710,대구광역시 달성군,27710,대구광역시 달성군,,2025,22310,대구광역시,달성군,39.3,33.5,63.4,54.4,64.2,32.9,31.7,34.1,37.5,24.8,153.5,135.0,219.9,153.8,110.4
27720,대구광역시 군위군,27720,대구광역시 군위군,,2025,22320,대구광역시,군위군,34.6,35.3,45.8,33.0,37.1,31.7,34.4,36.3,28.6,24.6,181.2,147.2,262.6,189.2,107.9
28110,인천광역시 중구,28110,인천광역시 중구,split_2026-07-01: 인천 중구+동구 -> 제물포구(28125)+영종구(28155); no 1:1 successor,2025,23010,인천광역시,중구,50.1,33.7,93.1,78.4,166.5,33.2,32.6,32.4,37.3,33.4,163.4,90.9,241.0,151.7,184.7
28140,인천광역시 동구,28140,인천광역시 동구,split_2026-07-01: 인천 중구+동구 -> 제물포구(28125)+영종구(28155); no 1:1 successor,2025,23020,인천광역시,동구,41.9,31.3,33.2,65.7,138.8,28.4,27.1,24.9,34.8,34.8,126.6,82.3,118.6,154.3,162.2
28177,인천광역시 미추홀구,28177,인천광역시 미추홀구,,2025,23030,인천광역시,미추홀구,36.9,32.9,30.3,51.8,118.8,29.1,28.0,29.5,35.4,23.6,104.7,92.1,75.2,113.8,157.8
28185,인천광역시 연수구,28185,인천광역시 연수구,,2025,23040,인천광역시,연수구,34.9,31.7,52.3,51.1,102.1,30.4,29.8,32.0,36.1,21.9,98.7,74.8,138.3,120.4,148.8
28200,인천광역시 남동구,28200,인천광역시 남동구,,2025,23050,인천광역시,남동구,36.9,33.9,46.5,47.1,66.0,30.5,29.0,32.9,37.0,24.3,74.9,63.6,123.2,109.5,109.1
28237,인천광역시 부평구,28237,인천광역시 부평구,,2025,23060,인천광역시,부평구,37.7,35.5,55.3,47.4,41.8,30.0,29.0,30.0,36.4,29.1,62.0,55.1,154.3,102.0,59.3
28245,인천광역시 계양구,28245,인천광역시 계양구,,2025,23070,인천광역시,계양구,47.5,47.0,47.3,52.8,38.6,30.9,28.7,31.4,39.0,19.4,58.1,56.1,71.2,118.7,61.5
28260,인천광역시 서구,28260,인천광역시 서구,split_2026-07-01: 인천 서구 -> 서해구(28275)+검단구(28290); no 1:1 successor,2025,23080,인천광역시,서구,38.0,32.3,62.2,55.8,62.6,31.3,29.8,31.8,39.4,23.7,132.2,125.1,194.7,125.3,110.8
28710,인천광역시 강화군,28710,인천광역시 강화군,,2025,23310,인천광역시,강화군,39.5,38.9,57.3,37.6,54.0,30.4,31.6,32.1,28.3,28.6,75.6,60.1,176.9,137.5,105.4
28720,인천광역시 옹진군,28720,인천광역시 옹진군,,2025,23320,인천광역시,옹진군,42.9,47.2,30.0,18.6,12.3,22.3,26.4,18.2,18.0,12.0,51.8,51.9,47.0,67.8,16.0
12210,전남광주통합특별시 동구,29110,광주광역시 동구,recoded 29110->12210,2025,24010,광주광역시,동구,34.2,31.6,44.4,45.8,74.2,30.7,30.0,29.1,36.6,24.1,131.9,126.0,165.6,127.3,134.0
12240,전남광주통합특별시 서구,29140,광주광역시 서구,recoded 29140->12240,2025,24020,광주광역시,서구,34.5,32.0,36.1,46.4,47.0,29.8,28.8,27.5,36.0,24.1,100.7,93.4,110.0,115.0,86.6
12270,전남광주통합특별시 남구,29155,광주광역시 남구,recoded 29155->12270,2025,24030,광주광역시,남구,34.7,31.8,57.0,43.3,65.6,30.9,30.1,30.7,36.1,25.8,120.8,130.5,163.7,96.8,106.8
12300,전남광주통합특별시 북구,29170,광주광역시 북구,recoded 29170->12300,2025,24040,광주광역시,북구,37.6,32.9,57.7,52.2,81.2,31.3,29.9,32.8,38.3,27.2,122.9,102.8,157.6,138.9,127.2
12330,전남광주통합특별시 광산구,29200,광주광역시 광산구,recoded 29200->12330,2025,24050,광주광역시,광산구,42.1,33.2,43.1,69.1,107.8,31.9,30.7,32.8,37.4,24.6,144.7,103.6,160.3,161.0,160.0
30110,대전광역시 동구,30110,대전광역시 동구,,2025,25010,대전광역시,동구,38.2,33.3,55.6,51.4,53.8,30.9,29.3,31.8,37.3,26.1,123.5,104.7,173.9,142.1,85.4
30140,대전광역시 중구,30140,대전광역시 중구,,2025,25020,대전광역시,중구,37.8,31.5,53.2,57.6,75.9,28.9,27.4,30.4,35.4,23.6,143.3,121.6,178.0,160.1,123.0
30170,대전광역시 서구,30170,대전광역시 서구,,2025,25030,대전광역시,서구,35.1,32.9,38.8,47.4,50.0,29.4,28.3,32.8,35.8,23.9,71.7,63.4,94.8,118.8,73.8
30200,대전광역시 유성구,30200,대전광역시 유성구,,2025,25040,대전광역시,유성구,35.0,31.4,50.9,54.0,58.8,30.7,30.0,31.4,35.9,26.6,120.4,83.5,197.3,146.5,110.5
30230,대전광역시 대덕구,30230,대전광역시 대덕구,,2025,25050,대전광역시,대덕구,44.3,32.1,71.8,70.5,104.8,31.2,29.3,32.1,37.9,26.5,150.4,96.2,199.6,166.2,159.8
31110,울산광역시 중구,31110,울산광역시 중구,,2025,26010,울산광역시,중구,31.7,29.4,42.8,38.4,71.3,28.4,27.7,30.7,32.2,24.7,112.4,128.0,120.3,96.9,107.4
31140,울산광역시 남구,31140,울산광역시 남구,,2025,26020,울산광역시,남구,34.6,30.0,47.3,50.4,99.4,27.8,27.3,31.4,29.4,27.2,138.2,123.0,119.8,155.7,136.2
31170,울산광역시 동구,31170,울산광역시 동구,,2025,26030,울산광역시,동구,29.9,28.7,48.6,32.3,25.6,27.5,27.5,28.5,28.0,19.3,108.8,100.7,209.5,84.1,46.1
31200,울산광역시 북구,31200,울산광역시 북구,,2025,26040,울산광역시,북구,35.3,32.0,51.2,45.1,94.5,30.5,30.0,29.4,33.9,21.2,131.1,125.6,196.8,117.7,146.5
31710,울산광역시 울주군,31710,울산광역시 울주군,,2025,26310,울산광역시,울주군,40.8,33.6,69.2,49.6,143.8,32.1,32.0,33.6,32.5,25.6,170.2,136.8,233.0,160.0,190.7
36110,세종특별자치시,36110,세종특별자치시,,2025,29010,세종특별자치시,세종시,37.4,34.3,64.3,51.2,42.2,33.9,33.7,34.6,35.7,20.8,140.1,87.9,206.1,146.5,102.3
41110,경기도 수원시,41110,경기도 수원시,parent_si_of_ilbangu_2026,2025,31010,경기도,수원시,35.5,31.1,59.0,54.2,60.5,29.9,29.0,32.2,36.2,21.7,117.6,97.1,187.2,118.4,103.8
41130,경기도 성남시,41130,경기도 성남시,parent_si_of_ilbangu_2026,2025,31020,경기도,성남시,35.4,30.7,65.4,57.8,52.1,29.1,28.1,32.1,37.1,22.9,121.1,99.2,178.9,130.5,89.2
41150,경기도 의정부시,41150,경기도 의정부시,,2025,31030,경기도,의정부시,36.6,32.6,48.7,52.6,33.7,32.1,30.6,32.4,40.0,28.3,117.5,119.6,216.9,110.0,42.8
41170,경기도 안양시,41170,경기도 안양시,parent_si_of_ilbangu_2026,2025,31040,경기도,안양시,37.5,30.5,63.4,66.2,50.1,29.1,28.0,30.1,36.5,26.7,137.7,113.5,180.1,144.3,87.9
41190,경기도 부천시,41190,경기도 부천시,parent_si: 부천시 has 일반구 since 2024-01-01 (41192/41194/41196),2025,31050,경기도,부천시,35.2,30.1,51.6,51.5,45.0,29.0,27.5,30.6,35.9,24.3,110.5,95.8,171.4,114.5,70.0
41210,경기도 광명시,41210,경기도 광명시,,2025,31060,경기도,광명시,35.7,29.8,52.4,57.9,55.2,28.7,27.2,29.1,37.2,21.9,127.1,111.7,183.9,130.7,88.4
41220,경기도 평택시,41220,경기도 평택시,,2025,31070,경기도,평택시,38.9,32.6,64.4,56.0,83.7,32.0,31.3,32.4,35.6,23.8,134.7,91.3,157.1,150.0,128.1
41250,경기도 동두천시,41250,경기도 동두천시,,2025,31080,경기도,동두천시,37.2,33.7,40.6,48.4,30.2,31.6,30.5,31.8,36.3,21.5,119.7,116.0,173.3,122.9,50.3
41270,경기도 안산시,41270,경기도 안산시,parent_si_of_ilbangu_2026,2025,31090,경기도,안산시,38.6,32.4,57.4,55.7,47.2,31.7,29.8,35.9,38.7,24.1,117.3,90.6,164.8,134.2,68.7
41280,경기도 고양시,41280,경기도 고양시,parent_si_of_ilbangu_2026,2025,31100,경기도,고양시,34.5,30.6,56.0,50.3,39.3,30.4,28.9,32.7,39.4,26.7,101.9,85.2,176.4,104.5,59.2
41290,경기도 과천시,41290,경기도 과천시,,2025,31110,경기도,과천시,33.4,30.2,36.8,56.6,25.9,28.6,28.3,26.7,33.1,19.6,138.3,154.3,151.7,131.4,70.8
41310,경기도 구리시,41310,경기도 구리시,,2025,31120,경기도,구리시,36.1,31.4,55.8,50.6,41.4,30.9,29.0,31.6,40.2,21.9,110.4,114.8,194.0,97.9,63.9
41360,경기도 남양주시,41360,경기도 남양주시,,2025,31130,경기도,남양주시,38.6,32.9,57.4,55.0,41.1,34.0,31.9,34.3,43.0,26.4,118.9,106.3,211.3,113.1,65.8
41370,경기도 오산시,41370,경기도 오산시,,2025,31140,경기도,오산시,35.5,30.8,49.6,56.3,51.9,30.6,29.6,33.0,37.1,24.9,120.1,104.8,134.1,125.8,87.1
41390,경기도 시흥시,41390,경기도 시흥시,,2025,31150,경기도,시흥시,37.7,31.4,47.0,56.8,53.7,32.2,30.3,34.7,39.6,24.4,133.4,121.2,209.7,135.2,85.1
41410,경기도 군포시,41410,경기도 군포시,,2025,31160,경기도,군포시,38.1,30.8,41.8,64.9,97.5,30.5,29.5,31.4,36.9,22.6,117.5,112.0,154.0,114.7,149.4
41430,경기도 의왕시,41430,경기도 의왕시,,2025,31170,경기도,의왕시,36.5,30.8,46.0,57.2,131.4,30.8,29.8,30.9,38.2,21.7,134.1,116.8,147.7,125.9,176.6
41450,경기도 하남시,41450,경기도 하남시,,2025,31180,경기도,하남시,35.5,30.4,54.7,55.0,38.9,31.9,29.8,34.1,43.3,25.4,116.9,86.6,187.9,119.8,61.6
41460,경기도 용인시,41460,경기도 용인시,parent_si_of_ilbangu_2026,2025,31190,경기도,용인시,37.2,31.3,64.2,64.9,46.8,31.3,30.4,34.7,38.0,24.9,127.7,81.7,170.4,142.3,78.2
41480,경기도 파주시,41480,경기도 파주시,,2025,31200,경기도,파주시,39.4,32.5,72.4,57.3,38.7,32.7,31.4,35.1,38.2,24.9,119.9,78.9,151.7,127.0,62.8
41500,경기도 이천시,41500,경기도 이천시,,2025,31210,경기도,이천시,41.3,33.0,63.6,57.0,98.9,32.3,32.0,35.3,33.0,21.9,146.3,105.1,164.3,149.7,150.4
41550,경기도 안성시,41550,경기도 안성시,,2025,31220,경기도,안성시,41.0,33.3,60.7,56.1,61.6,33.2,32.4,34.4,35.1,35.8,155.0,105.8,199.3,157.3,143.0
41570,경기도 김포시,41570,경기도 김포시,,2025,31230,경기도,김포시,37.9,32.1,69.1,51.2,90.6,32.7,31.2,34.2,39.5,23.5,113.0,66.6,180.0,115.2,145.6
41590,경기도 화성시,41590,경기도 화성시,parent_si: 화성시 has 일반구 since 2026-02-01 (41591/41593/41595/41597),2025,31240,경기도,화성시,37.2,31.7,62.3,53.0,51.8,32.8,31.3,34.3,39.7,25.3,131.2,89.9,158.1,134.4,96.9
41610,경기도 광주시,41610,경기도 광주시,,2025,31250,경기도,광주시,43.3,33.7,113.1,58.1,40.9,35.0,33.1,35.5,42.5,26.1,155.7,107.7,298.7,121.6,67.3
41630,경기도 양주시,41630,경기도 양주시,,2025,31260,경기도,양주시,38.7,33.5,56.7,51.8,47.5,34.1,32.7,35.4,39.2,27.3,125.0,122.2,218.0,116.2,77.1
41650,경기도 포천시,41650,경기도 포천시,,2025,31270,경기도,포천시,44.0,36.8,70.7,52.5,106.7,34.5,33.1,36.2,37.1,26.3,92.5,54.3,193.1,165.2,180.4
41670,경기도 여주시,41670,경기도 여주시,,2025,31280,경기도,여주시,50.3,34.2,50.9,72.0,107.5,32.7,33.4,35.8,31.1,24.7,143.5,126.6,100.4,146.1,177.8
41800,경기도 연천군,41800,경기도 연천군,,2025,31350,경기도,연천군,62.8,35.9,70.0,82.4,149.9,33.5,35.2,36.6,30.4,21.7,160.7,79.4,178.3,160.7,173.8
41820,경기도 가평군,41820,경기도 가평군,,2025,31370,경기도,가평군,34.6,33.9,49.1,33.0,33.3,32.1,33.0,33.7,29.8,22.3,130.9,136.0,173.2,115.4,65.0
41830,경기도 양평군,41830,경기도 양평군,,2025,31380,경기도,양평군,36.7,34.9,63.8,36.4,30.0,33.4,34.0,36.5,31.6,22.7,114.7,110.1,154.0,98.6,52.6
51110,강원특별자치도 춘천시,51110,강원특별자치도 춘천시,,2025,32010,강원특별자치도,춘천시,35.7,31.4,57.7,45.6,59.5,29.5,28.8,32.8,31.6,26.6,121.2,102.8,193.5,124.5,97.6
51130,강원특별자치도 원주시,51130,강원특별자치도 원주시,,2025,32020,강원특별자치도,원주시,36.3,33.5,46.1,44.0,44.0,32.0,31.2,34.2,34.6,25.7,123.0,116.5,156.5,131.8,74.3
51150,강원특별자치도 강릉시,51150,강원특별자치도 강릉시,,2025,32030,강원특별자치도,강릉시,35.0,32.0,58.6,38.2,75.1,29.5,29.0,34.3,30.3,25.3,122.3,98.7,220.5,133.3,125.2
51170,강원특별자치도 동해시,51170,강원특별자치도 동해시,,2025,32040,강원특별자치도,동해시,33.0,31.6,39.6,33.7,77.0,29.8,30.0,31.0,29.1,22.9,105.1,99.8,103.7,104.9,119.3
51190,강원특별자치도 태백시,51190,강원특별자치도 태백시,,2025,32050,강원특별자치도,태백시,36.9,37.0,62.0,31.6,20.3,32.7,34.0,35.9,29.2,18.7,135.2,133.1,251.6,97.1,25.1
51210,강원특별자치도 속초시,51210,강원특별자치도 속초시,,2025,32060,강원특별자치도,속초시,32.8,32.5,38.5,32.9,23.7,29.4,29.3,31.1,29.5,21.8,91.3,102.4,102.1,79.3,26.3
51230,강원특별자치도 삼척시,51230,강원특별자치도 삼척시,,2025,32070,강원특별자치도,삼척시,32.8,33.8,41.8,29.1,29.4,30.8,32.3,32.8,27.4,23.7,89.5,89.3,115.7,86.6,46.1
51720,강원특별자치도 홍천군,51720,강원특별자치도 홍천군,,2025,32310,강원특별자치도,홍천군,37.3,35.0,85.5,34.0,31.6,32.0,33.9,37.8,28.9,20.4,177.7,112.0,291.8,157.2,59.7
51730,강원특별자치도 횡성군,51730,강원특별자치도 횡성군,,2025,32320,강원특별자치도,횡성군,35.1,35.5,41.1,33.5,45.9,31.9,33.8,36.6,29.1,21.9,102.3,70.2,110.6,155.9,107.8
51750,강원특별자치도 영월군,51750,강원특별자치도 영월군,,2025,32330,강원특별자치도,영월군,34.1,35.5,46.2,29.7,58.4,31.5,34.1,34.0,27.9,24.0,131.0,119.1,180.5,118.3,129.9
51760,강원특별자치도 평창군,51760,강원특별자치도 평창군,,2025,32340,강원특별자치도,평창군,33.4,36.2,46.5,29.0,29.9,31.7,35.1,37.7,27.4,19.3,104.5,100.2,138.3,111.6,51.2
51770,강원특별자치도 정선군,51770,강원특별자치도 정선군,,2025,32350,강원특별자치도,정선군,34.6,36.6,51.6,29.8,35.5,31.6,34.8,36.0,27.1,24.9,142.1,148.7,166.3,135.6,82.7
51780,강원특별자치도 철원군,51780,강원특별자치도 철원군,,2025,32360,강원특별자치도,철원군,33.2,35.8,40.9,28.9,30.1,31.4,34.4,34.6,27.3,22.8,109.2,116.3,126.5,104.8,56.9
51790,강원특별자치도 화천군,51790,강원특별자치도 화천군,,2025,32370,강원특별자치도,화천군,33.9,36.2,38.3,29.9,18.9,32.7,35.3,31.3,28.9,14.6,106.2,154.4,105.0,94.0,35.2
51800,강원특별자치도 양구군,51800,강원특별자치도 양구군,,2025,32380,강원특별자치도,양구군,32.3,34.3,43.4,28.1,25.9,30.9,33.3,32.2,27.4,19.0,107.5,128.1,153.1,73.8,48.0
51810,강원특별자치도 인제군,51810,강원특별자치도 인제군,,2025,32390,강원특별자치도,인제군,35.1,37.0,47.1,30.9,30.4,33.8,36.6,35.8,29.4,20.6,99.8,83.5,142.6,97.6,60.0
51820,강원특별자치도 고성군,51820,강원특별자치도 고성군,,2025,32400,강원특별자치도,고성군,33.7,35.8,41.7,28.5,52.3,31.8,34.7,34.7,26.7,20.9,123.2,134.1,146.8,106.8,119.1
51830,강원특별자치도 양양군,51830,강원특별자치도 양양군,,2025,32410,강원특별자치도,양양군,31.8,33.8,39.0,27.9,25.7,30.5,32.5,34.6,27.0,22.5,89.3,95.6,121.5,84.6,38.2
43110,충청북도 청주시,43110,충청북도 청주시,parent_si_of_ilbangu_2026,2025,33010,충청북도,청주시,37.0,32.5,63.5,49.0,61.8,31.2,30.4,33.2,35.2,27.4,118.7,89.1,183.5,133.1,102.2
43130,충청북도 충주시,43130,충청북도 충주시,,2025,33020,충청북도,충주시,37.4,33.9,51.5,43.6,70.8,31.8,31.6,36.1,31.8,26.1,120.2,83.9,162.8,155.5,126.0
43150,충청북도 제천시,43150,충청북도 제천시,,2025,33030,충청북도,제천시,39.8,32.5,46.4,38.4,210.9,30.9,30.9,34.9,30.2,26.8,192.9,117.2,157.2,153.1,273.5
43720,충청북도 보은군,43720,충청북도 보은군,,2025,33320,충청북도,보은군,35.5,34.8,52.1,33.4,83.1,31.2,33.8,36.6,27.9,24.4,149.8,120.7,163.6,149.7,172.0
43730,충청북도 옥천군,43730,충청북도 옥천군,,2025,33330,충청북도,옥천군,37.9,33.1,45.4,41.8,96.3,31.5,32.0,34.0,30.7,23.4,163.5,117.6,166.8,166.9,200.7
43740,충청북도 영동군,43740,충청북도 영동군,,2025,33340,충청북도,영동군,33.2,34.3,50.5,29.9,43.8,30.9,33.0,36.1,28.0,24.5,132.8,143.8,192.3,110.9,93.6
43750,충청북도 진천군,43750,충청북도 진천군,,2025,33350,충청북도,진천군,38.8,34.0,44.4,50.5,47.1,33.8,33.3,36.4,35.2,23.5,147.6,125.5,169.5,153.8,97.4
43760,충청북도 괴산군,43760,충청북도 괴산군,,2025,33360,충청북도,괴산군,34.8,36.7,46.6,31.1,54.6,32.1,35.6,36.8,27.8,27.3,134.6,109.3,194.6,131.5,157.9
43770,충청북도 음성군,43770,충청북도 음성군,,2025,33370,충청북도,음성군,40.4,34.9,47.3,49.5,55.9,34.1,34.3,37.4,33.3,26.1,158.3,109.0,138.1,173.1,106.6
43800,충청북도 단양군,43800,충청북도 단양군,,2025,33380,충청북도,단양군,39.6,35.9,43.3,32.1,202.8,31.8,34.7,32.8,28.1,22.0,185.5,103.7,105.8,147.9,272.6
43745,충청북도 증평군,43745,충청북도 증평군,,2025,33390,충청북도,증평군,39.0,34.0,40.3,52.6,43.6,32.9,32.9,33.9,32.9,20.6,132.3,106.7,128.9,142.1,76.7
44130,충청남도 천안시,44130,충청남도 천안시,parent_si_of_ilbangu_2026,2025,34010,충청남도,천안시,35.8,31.1,55.1,50.9,50.5,30.9,29.8,33.6,36.2,23.5,130.1,106.6,156.5,140.7,84.6
44150,충청남도 공주시,44150,충청남도 공주시,,2025,34020,충청남도,공주시,37.5,35.7,58.6,37.3,54.7,33.4,33.8,37.5,32.0,26.4,108.4,78.5,156.8,132.2,95.0
44180,충청남도 보령시,44180,충청남도 보령시,,2025,34030,충청남도,보령시,34.3,33.8,44.9,32.8,68.1,31.1,32.2,33.9,28.8,22.5,120.5,102.2,147.6,123.6,144.7
44200,충청남도 아산시,44200,충청남도 아산시,,2025,34040,충청남도,아산시,37.7,33.1,48.2,52.3,68.2,32.5,31.8,34.7,35.5,29.4,132.6,99.2,163.7,145.4,125.8
44210,충청남도 서산시,44210,충청남도 서산시,,2025,34050,충청남도,서산시,37.6,33.5,61.7,41.2,90.2,31.8,32.6,34.7,29.5,25.4,149.1,88.9,203.4,162.8,142.1
44230,충청남도 논산시,44230,충청남도 논산시,,2025,34060,충청남도,논산시,38.7,35.0,56.6,42.3,40.0,33.2,33.1,37.6,32.8,22.4,137.5,94.9,198.1,159.5,76.1
44250,충청남도 계룡시,44250,충청남도 계룡시,,2025,34070,충청남도,계룡시,38.6,34.7,53.7,57.2,38.9,34.8,34.2,35.8,39.5,22.7,130.3,154.6,166.7,125.0,68.6
44270,충청남도 당진시,44270,충청남도 당진시,,2025,34080,충청남도,당진시,39.1,35.1,51.4,42.0,116.0,33.0,34.1,33.7,30.0,28.8,148.3,103.8,175.5,156.1,155.5
44710,충청남도 금산군,44710,충청남도 금산군,,2025,34310,충청남도,금산군,39.3,35.8,63.2,40.6,71.2,32.8,33.3,37.2,31.7,26.0,95.0,55.1,226.1,156.2,142.7
44760,충청남도 부여군,44760,충청남도 부여군,,2025,34330,충청남도,부여군,36.4,36.0,64.3,33.0,51.0,32.3,34.6,36.3,29.2,26.6,145.1,132.1,182.4,133.0,91.0
44770,충청남도 서천군,44770,충청남도 서천군,,2025,34340,충청남도,서천군,34.2,34.0,46.7,31.6,85.0,31.0,32.9,34.1,27.9,21.3,135.1,133.0,147.2,125.1,155.9
44790,충청남도 청양군,44790,충청남도 청양군,,2025,34350,충청남도,청양군,38.1,35.4,46.0,39.2,83.1,31.2,34.6,36.4,27.1,20.7,176.6,122.4,164.4,185.3,169.3
44800,충청남도 홍성군,44800,충청남도 홍성군,,2025,34360,충청남도,홍성군,36.7,34.4,53.5,38.6,54.6,32.7,33.5,35.3,30.8,19.7,141.0,110.8,195.5,144.2,109.5
44810,충청남도 예산군,44810,충청남도 예산군,,2025,34370,충청남도,예산군,37.1,34.8,70.1,35.0,56.4,32.4,33.6,36.7,29.6,23.9,151.8,126.3,261.3,123.9,108.2
44825,충청남도 태안군,44825,충청남도 태안군,,2025,34380,충청남도,태안군,33.6,34.9,52.9,29.8,33.2,31.2,33.8,33.7,27.7,20.7,133.1,123.9,261.1,105.0,77.4
52110,전북특별자치도 전주시,52110,전북특별자치도 전주시,parent_si_of_ilbangu_2026,2025,35010,전북특별자치도,전주시,36.3,32.7,55.6,48.1,59.0,31.2,30.3,32.5,35.9,26.8,128.3,111.7,192.5,136.4,94.2
52130,전북특별자치도 군산시,52130,전북특별자치도 군산시,,2025,35020,전북특별자치도,군산시,39.2,33.0,48.2,53.7,119.5,31.6,31.2,32.7,33.2,24.3,153.5,100.8,144.3,183.9,175.4
52140,전북특별자치도 익산시,52140,전북특별자치도 익산시,,2025,35030,전북특별자치도,익산시,38.6,33.0,46.2,50.5,93.7,31.4,30.7,33.3,33.2,28.0,150.2,114.1,147.3,171.3,154.3
52180,전북특별자치도 정읍시,52180,전북특별자치도 정읍시,,2025,35040,전북특별자치도,정읍시,36.4,35.3,45.4,36.7,47.4,31.6,32.7,35.6,29.3,20.5,115.0,88.2,130.3,147.0,94.7
52190,전북특별자치도 남원시,52190,전북특별자치도 남원시,,2025,35050,전북특별자치도,남원시,34.5,34.2,45.2,33.8,27.6,30.9,32.4,33.6,28.8,20.8,131.2,110.5,142.8,157.5,46.0
52210,전북특별자치도 김제시,52210,전북특별자치도 김제시,,2025,35060,전북특별자치도,김제시,38.2,35.7,43.7,40.4,62.6,32.8,34.3,35.0,30.2,28.4,149.8,105.5,144.6,176.2,107.1
52710,전북특별자치도 완주군,52710,전북특별자치도 완주군,,2025,35310,전북특별자치도,완주군,43.8,35.0,51.2,56.7,109.2,33.8,34.4,35.7,32.5,26.6,170.0,124.0,118.2,179.3,200.7
52720,전북특별자치도 진안군,52720,전북특별자치도 진안군,,2025,35320,전북특별자치도,진안군,36.2,37.0,65.5,32.1,34.7,33.3,36.3,40.7,29.4,26.5,158.8,150.1,187.7,148.6,68.8
52730,전북특별자치도 무주군,52730,전북특별자치도 무주군,,2025,35330,전북특별자치도,무주군,36.2,36.3,39.7,34.6,81.0,31.8,35.2,35.7,27.5,25.8,150.7,151.2,81.9,164.8,150.4
52740,전북특별자치도 장수군,52740,전북특별자치도 장수군,,2025,35340,전북특별자치도,장수군,32.3,35.7,38.6,28.4,43.5,31.1,35.3,36.6,26.7,17.1,114.2,188.8,74.7,118.6,99.3
52750,전북특별자치도 임실군,52750,전북특별자치도 임실군,,2025,35350,전북특별자치도,임실군,39.3,37.5,52.1,39.1,84.4,33.2,36.7,36.5,29.2,23.7,193.9,142.1,223.1,192.5,240.3
52770,전북특별자치도 순창군,52770,전북특별자치도 순창군,,2025,35360,전북특별자치도,순창군,32.6,35.9,39.0,28.1,48.7,31.5,35.2,36.6,27.2,19.7,105.7,107.6,92.6,103.7,117.4
52790,전북특별자치도 고창군,52790,전북특별자치도 고창군,,2025,35370,전북특별자치도,고창군,34.2,36.1,46.8,30.4,29.9,31.7,35.2,39.0,27.0,18.8,139.7,115.9,165.4,154.1,65.3
52800,전북특별자치도 부안군,52800,전북특별자치도 부안군,,2025,35380,전북특별자치도,부안군,34.5,35.3,47.3,32.0,37.2,31.5,33.9,35.8,28.4,22.2,131.1,122.1,142.4,146.7,66.4
12110,전남광주통합특별시 목포시,46110,전라남도 목포시,recoded 46110->12110,2025,36010,전라남도,목포시,37.4,31.8,41.6,56.0,62.2,29.4,28.7,30.5,32.5,21.5,132.3,104.2,121.4,164.7,99.9
12130,전남광주통합특별시 여수시,46130,전라남도 여수시,recoded 46130->12130,2025,36020,전라남도,여수시,38.5,32.4,50.7,47.8,150.8,30.0,30.3,30.6,29.0,19.6,155.4,99.7,142.9,183.8,206.6
12150,전남광주통합특별시 순천시,46150,전라남도 순천시,recoded 46150->12150,2025,36030,전라남도,순천시,37.5,34.2,50.7,40.4,124.0,32.6,32.4,32.3,33.3,22.4,130.7,100.9,148.7,135.5,164.1
12170,전남광주통합특별시 나주시,46170,전라남도 나주시,recoded 46170->12170,2025,36040,전라남도,나주시,40.4,35.7,59.6,44.5,100.1,33.7,34.7,36.6,31.3,29.3,148.8,79.5,219.1,159.3,181.4
12190,전남광주통합특별시 광양시,46230,전라남도 광양시,recoded 46230->12190,2025,36060,전라남도,광양시,40.1,33.5,44.0,38.1,173.8,32.0,32.6,32.3,30.0,25.4,173.6,112.0,141.2,153.3,205.7
12710,전남광주통합특별시 담양군,46710,전라남도 담양군,recoded 46710->12710,2025,36310,전라남도,담양군,43.5,35.8,71.7,48.1,105.3,32.8,34.7,34.9,29.8,26.8,163.2,72.3,187.7,184.7,180.5
12720,전남광주통합특별시 곡성군,46720,전라남도 곡성군,recoded 46720->12720,2025,36320,전라남도,곡성군,39.8,36.7,46.4,40.0,136.4,31.8,35.6,36.3,27.0,21.5,186.2,95.6,142.8,212.3,219.9
12730,전남광주통합특별시 구례군,46730,전라남도 구례군,recoded 46730->12730,2025,36330,전라남도,구례군,35.7,36.5,41.2,33.6,54.6,31.2,34.3,36.5,26.7,18.6,138.6,91.8,94.8,198.9,228.8
12740,전남광주통합특별시 고흥군,46770,전라남도 고흥군,recoded 46770->12740,2025,36350,전라남도,고흥군,34.0,37.2,48.4,29.7,32.6,32.2,35.8,36.9,28.5,23.7,130.1,140.4,273.6,95.7,74.1
12750,전남광주통합특별시 보성군,46780,전라남도 보성군,recoded 46780->12750,2025,36360,전라남도,보성군,37.4,37.3,47.7,36.0,57.1,33.5,36.6,40.0,30.0,19.7,142.7,88.0,153.1,159.6,124.5
12760,전남광주통합특별시 화순군,46790,전라남도 화순군,recoded 46790->12760,2025,36370,전라남도,화순군,45.0,35.2,157.9,40.5,114.8,33.3,34.1,35.2,31.8,19.9,223.7,79.1,395.5,167.7,211.2
12770,전남광주통합특별시 장흥군,46800,전라남도 장흥군,recoded 46800->12770,2025,36380,전라남도,장흥군,35.8,36.5,37.9,34.6,56.7,32.4,35.6,34.4,28.9,27.4,153.3,119.2,110.8,170.4,123.7
12780,전남광주통합특별시 강진군,46810,전라남도 강진군,recoded 46810->12780,2025,36390,전라남도,강진군,40.5,35.4,41.5,44.6,66.9,31.2,34.3,34.6,27.7,23.6,173.0,96.4,106.0,192.3,155.7
12790,전남광주통합특별시 해남군,46820,전라남도 해남군,recoded 46820->12790,2025,36400,전라남도,해남군,50.0,53.3,47.5,29.4,31.3,31.9,35.6,37.9,27.9,20.4,56.5,56.2,62.6,123.1,69.6
12800,전남광주통합특별시 영암군,46830,전라남도 영암군,recoded 46830->12800,2025,36410,전라남도,영암군,37.3,35.6,45.6,37.3,80.5,32.6,34.7,40.1,29.2,23.2,155.6,93.0,154.5,180.6,149.5
12810,전남광주통합특별시 무안군,46840,전라남도 무안군,recoded 46840->12810,2025,36420,전라남도,무안군,36.5,34.3,41.0,39.7,56.4,32.4,33.9,36.5,28.6,25.1,159.8,141.8,151.2,173.0,97.9
12820,전남광주통합특별시 함평군,46860,전라남도 함평군,recoded 46860->12820,2025,36430,전라남도,함평군,38.3,41.5,48.6,30.8,51.4,32.4,35.9,35.8,28.4,23.4,52.1,48.5,115.0,109.1,138.2
12830,전남광주통합특별시 영광군,46870,전라남도 영광군,recoded 46870->12830,2025,36440,전라남도,영광군,35.4,36.4,47.0,32.7,32.6,32.2,35.4,35.5,27.1,16.6,121.4,104.0,178.5,126.8,59.8
12840,전남광주통합특별시 장성군,46880,전라남도 장성군,recoded 46880->12840,2025,36450,전라남도,장성군,40.2,35.7,46.3,43.1,127.9,33.0,34.7,36.0,30.5,23.8,153.7,97.4,152.7,152.1,259.7
12850,전남광주통합특별시 완도군,46890,전라남도 완도군,recoded 46890->12850,2025,36460,전라남도,완도군,31.1,34.7,41.9,26.7,24.8,28.9,33.2,33.5,24.3,21.0,116.7,126.0,105.3,127.8,37.5
12860,전남광주통합특별시 진도군,46900,전라남도 진도군,recoded 46900->12860,2025,36470,전라남도,진도군,32.4,35.5,49.4,27.4,39.0,30.3,34.5,37.4,25.6,15.1,120.8,127.7,150.4,106.3,102.2
12870,전남광주통합특별시 신안군,46910,전라남도 신안군,recoded 46910->12870,2025,36480,전라남도,신안군,54.8,57.3,49.3,30.2,31.6,28.9,32.5,31.6,25.4,22.2,59.7,59.5,54.4,138.5,74.3
47110,경상북도 포항시,47110,경상북도 포항시,parent_si_of_ilbangu_2026,2025,37010,경상북도,포항시,36.7,32.3,53.2,42.3,128.5,30.6,30.3,32.6,31.6,27.8,144.0,113.8,178.6,148.6,165.4
47130,경상북도 경주시,47130,경상북도 경주시,,2025,37020,경상북도,경주시,37.1,34.1,54.0,41.3,73.5,32.5,32.6,35.9,32.1,22.7,141.7,108.2,173.7,159.1,134.7
47150,경상북도 김천시,47150,경상북도 김천시,,2025,37030,경상북도,김천시,35.8,32.9,47.0,38.6,76.6,31.0,31.6,34.7,29.5,24.4,155.9,120.2,156.2,176.7,133.5
47170,경상북도 안동시,47170,경상북도 안동시,,2025,37040,경상북도,안동시,36.4,34.6,50.0,37.2,62.7,32.8,33.3,35.9,31.4,26.1,120.7,106.4,160.6,119.8,113.6
47190,경상북도 구미시,47190,경상북도 구미시,,2025,37050,경상북도,구미시,36.4,32.3,50.0,49.7,74.9,31.3,30.7,35.2,33.9,25.3,139.2,115.3,143.2,155.4,129.9
47210,경상북도 영주시,47210,경상북도 영주시,,2025,37060,경상북도,영주시,33.3,32.2,40.3,33.5,54.0,29.8,31.1,33.9,27.3,27.8,132.9,112.7,122.4,153.8,92.3
47230,경상북도 영천시,47230,경상북도 영천시,,2025,37070,경상북도,영천시,39.8,33.4,62.2,43.7,135.6,32.1,32.3,36.5,31.3,35.6,178.8,116.4,242.1,178.8,197.5
47250,경상북도 상주시,47250,경상북도 상주시,,2025,37080,경상북도,상주시,35.8,33.4,52.0,35.9,72.4,30.2,32.4,35.5,27.1,23.0,161.3,97.0,205.1,178.8,134.3
47280,경상북도 문경시,47280,경상북도 문경시,,2025,37090,경상북도,문경시,33.6,34.3,41.9,31.0,51.4,31.2,33.1,34.5,28.1,19.1,119.9,102.8,139.0,138.4,100.3
47290,경상북도 경산시,47290,경상북도 경산시,,2025,37100,경상북도,경산시,36.5,30.9,47.4,50.5,87.6,31.2,29.9,34.7,35.5,25.1,145.7,107.4,162.1,156.2,139.4
47730,경상북도 의성군,47730,경상북도 의성군,,2025,37320,경상북도,의성군,37.4,35.1,39.3,37.8,112.3,30.5,34.5,35.4,26.5,26.9,182.6,126.3,112.9,187.9,203.3
47750,경상북도 청송군,47750,경상북도 청송군,,2025,37330,경상북도,청송군,33.5,36.3,44.6,29.9,33.7,31.8,35.8,36.8,27.9,19.7,131.3,145.6,140.7,130.0,95.4
47760,경상북도 영양군,47760,경상북도 영양군,,2025,37340,경상북도,영양군,32.3,35.7,48.6,28.1,21.1,30.9,35.0,36.7,27.0,13.9,132.9,148.0,164.8,110.3,93.6
47770,경상북도 영덕군,47770,경상북도 영덕군,,2025,37350,경상북도,영덕군,34.8,35.8,48.9,32.0,33.5,33.1,35.0,36.7,30.5,30.2,107.1,103.2,165.3,97.1,43.8
47820,경상북도 청도군,47820,경상북도 청도군,,2025,37360,경상북도,청도군,34.4,33.3,43.7,34.7,42.6,30.2,32.7,34.5,26.7,23.2,111.0,71.8,187.0,136.9,52.6
47830,경상북도 고령군,47830,경상북도 고령군,,2025,37370,경상북도,고령군,38.8,34.6,48.3,42.2,62.7,33.9,34.3,40.4,32.8,19.6,131.2,157.4,150.9,128.4,139.1
47840,경상북도 성주군,47840,경상북도 성주군,,2025,37380,경상북도,성주군,39.6,34.5,46.2,42.6,116.3,32.4,33.8,36.7,30.5,28.6,170.2,98.4,185.5,174.3,194.3
47850,경상북도 칠곡군,47850,경상북도 칠곡군,,2025,37390,경상북도,칠곡군,40.2,32.6,54.4,54.5,100.0,33.4,32.0,36.1,37.2,26.2,173.4,123.2,258.4,175.6,151.7
47900,경상북도 예천군,47900,경상북도 예천군,,2025,37400,경상북도,예천군,34.9,37.0,50.2,30.2,37.0,32.9,36.0,36.1,27.9,21.2,131.0,121.5,188.8,125.7,79.7
47920,경상북도 봉화군,47920,경상북도 봉화군,,2025,37410,경상북도,봉화군,32.5,36.1,44.4,28.5,32.8,31.3,35.6,35.3,27.3,26.5,124.1,162.4,151.7,114.6,56.9
47930,경상북도 울진군,47930,경상북도 울진군,,2025,37420,경상북도,울진군,34.1,36.1,48.2,29.0,23.2,32.6,35.3,33.4,28.0,16.6,109.8,132.5,156.0,83.0,41.3
47940,경상북도 울릉군,47940,경상북도 울릉군,,2025,37430,경상북도,울릉군,23.3,25.9,24.2,18.1,12.3,22.2,25.0,19.0,17.9,11.2,32.6,32.5,33.7,28.3,21.3
48170,경상남도 진주시,48170,경상남도 진주시,,2025,38030,경상남도,진주시,38.2,33.7,71.7,45.8,68.0,32.9,32.1,34.5,35.5,28.2,136.2,96.7,217.1,147.6,107.2
48220,경상남도 통영시,48220,경상남도 통영시,,2025,38050,경상남도,통영시,34.7,33.7,47.8,34.1,37.7,31.0,30.7,34.1,31.6,17.9,127.6,145.1,158.3,89.5,75.0
48240,경상남도 사천시,48240,경상남도 사천시,,2025,38060,경상남도,사천시,35.3,33.9,44.2,37.3,53.6,31.9,32.0,34.7,31.2,27.5,128.3,118.5,125.0,146.6,100.8
48250,경상남도 김해시,48250,경상남도 김해시,,2025,38070,경상남도,김해시,37.3,32.5,47.9,50.8,63.6,33.1,31.4,34.6,39.3,27.0,133.0,114.7,196.2,136.7,106.3
48270,경상남도 밀양시,48270,경상남도 밀양시,,2025,38080,경상남도,밀양시,41.9,33.0,44.0,48.5,171.3,31.2,31.7,34.7,30.2,21.8,165.4,112.0,149.6,160.4,218.9
48310,경상남도 거제시,48310,경상남도 거제시,,2025,38090,경상남도,거제시,32.5,31.4,49.3,32.2,33.7,30.4,30.3,34.5,30.4,21.1,105.9,117.7,146.1,71.6,55.4
48330,경상남도 양산시,48330,경상남도 양산시,,2025,38100,경상남도,양산시,43.9,32.3,58.0,69.4,174.1,32.8,31.3,34.7,39.4,26.6,172.3,119.3,219.6,161.8,224.4
48120,경상남도 창원시,48120,경상남도 창원시,parent_si_of_ilbangu_2026,2025,38110,경상남도,창원시,37.8,35.5,60.5,45.4,71.9,31.7,30.9,33.8,36.0,26.7,68.5,57.3,175.7,131.8,110.7
48720,경상남도 의령군,48720,경상남도 의령군,,2025,38310,경상남도,의령군,41.4,34.8,45.1,44.5,142.1,32.2,34.1,35.9,29.6,20.0,178.2,136.1,183.2,172.0,213.1
48730,경상남도 함안군,48730,경상남도 함안군,,2025,38320,경상남도,함안군,42.8,42.3,61.3,38.9,109.2,33.9,33.6,36.1,34.4,26.7,58.4,52.4,143.2,146.7,159.2
48740,경상남도 창녕군,48740,경상남도 창녕군,,2025,38330,경상남도,창녕군,34.4,35.0,45.9,31.7,53.4,31.7,33.9,35.2,28.4,26.3,135.1,134.4,178.0,129.8,110.9
48820,경상남도 고성군,48820,경상남도 고성군,,2025,38340,경상남도,고성군,34.1,34.6,44.4,31.2,57.8,31.9,33.2,36.6,29.3,34.6,114.8,115.2,124.9,114.2,104.0
48840,경상남도 남해군,48840,경상남도 남해군,,2025,38350,경상남도,남해군,32.5,34.7,53.3,27.4,25.7,30.4,33.4,35.4,26.1,19.1,109.9,113.8,176.9,79.0,45.4
48850,경상남도 하동군,48850,경상남도 하동군,,2025,38360,경상남도,하동군,33.7,35.6,46.9,28.8,90.5,31.9,34.9,38.9,27.8,23.9,140.2,133.2,159.6,109.6,168.6
48860,경상남도 산청군,48860,경상남도 산청군,,2025,38370,경상남도,산청군,39.7,37.4,47.9,37.7,138.8,33.4,36.5,38.7,29.7,22.2,177.3,150.4,136.0,174.3,206.6
48870,경상남도 함양군,48870,경상남도 함양군,,2025,38380,경상남도,함양군,43.9,48.5,53.3,28.8,39.2,31.1,34.0,36.3,27.2,35.9,57.8,56.6,118.1,107.7,56.7
48880,경상남도 거창군,48880,경상남도 거창군,,2025,38390,경상남도,거창군,33.1,31.6,59.2,29.5,127.7,29.7,30.9,34.8,27.4,32.6,156.1,126.8,216.7,114.3,174.6
48890,경상남도 합천군,48890,경상남도 합천군,,2025,38400,경상남도,합천군,34.6,35.0,48.0,31.6,99.6,31.4,34.0,37.0,28.2,21.4,134.5,119.8,148.9,119.7,196.2
50110,제주특별자치도 제주시,50110,제주특별자치도 제주시,,2025,39010,제주특별자치도,제주시,45.1,46.1,51.5,36.6,33.0,27.9,27.2,28.8,29.7,27.1,58.1,56.6,77.3,118.3,43.9
50130,제주특별자치도 서귀포시,50130,제주특별자치도 서귀포시,,2025,39020,제주특별자치도,서귀포시,30.3,31.0,36.6,28.3,30.7,28.2,29.0,30.5,26.5,14.4,121.3,151.4,176.7,94.6,57.5
