sgg_cd,sgg_nm,sgg_cd_ref,sgg_nm_ref,map_note,ref_date,row_type,src_sido,src_sgg,total_all,total_gov,total_private,total_commercial,total_nonbusiness,total_business,car_all,car_gov,car_private,car_commercial,car_nonbusiness,car_business,van_all,van_gov,van_private,van_commercial,van_nonbusiness,van_business,truck_all,truck_gov,truck_private,truck_commercial,truck_nonbusiness,truck_business,special_all,special_gov,special_private,special_commercial,special_nonbusiness,special_business
11110,서울특별시 종로구,11110,서울특별시 종로구,,2026-08-31,unit,서울,종로구,49728,3892,43448,2388,47340,2388,40828,1932,38573,323,40505,323,3003,1505,1247,251,2752,251,5601,352,3527,1722,3879,1722,296,103,101,92,204,92
11140,서울특별시 중구,11140,서울특별시 중구,,2026-08-31,unit,서울,중구,48433,1310,44432,2691,45742,2691,39831,295,38345,1191,38640,1191,2672,809,1560,303,2369,303,5645,179,4357,1109,4536,1109,285,27,170,88,197,88
11170,서울특별시 용산구,11170,서울특별시 용산구,,2026-08-31,unit,서울,용산구,71291,341,68732,2218,69073,2218,63894,155,62700,1039,62855,1039,1624,55,1497,72,1552,72,5587,122,4389,1076,4511,1076,186,9,146,31,155,31
11200,서울특별시 성동구,11200,서울특별시 성동구,,2026-08-31,unit,서울,성동구,104698,376,93275,11047,93651,11047,91736,133,83572,8031,83705,8031,2563,49,1562,952,1611,952,10023,177,7929,1917,8106,1917,376,17,212,147,229,147
11215,서울특별시 광진구,11215,서울특별시 광진구,,2026-08-31,unit,서울,광진구,95620,297,90519,4804,90816,4804,82845,85,79815,2945,79900,2945,2134,42,1759,333,1801,333,10402,161,8806,1435,8967,1435,239,9,139,91,148,91
11230,서울특별시 동대문구,11230,서울특별시 동대문구,,2026-08-31,unit,서울,동대문구,107424,319,101865,5240,102184,5240,93067,108,90190,2769,90298,2769,2381,62,2157,162,2219,162,11657,135,9303,2219,9438,2219,319,14,215,90,229,90
11260,서울특별시 중랑구,11260,서울특별시 중랑구,,2026-08-31,unit,서울,중랑구,114819,248,104964,9607,105212,9607,97318,79,91229,6010,91308,6010,3133,32,2524,577,2556,577,13775,124,10958,2693,11082,2693,593,13,253,327,266,327
11290,서울특별시 성북구,11290,서울특별시 성북구,,2026-08-31,unit,서울,성북구,121784,297,116664,4823,116961,4823,108170,98,106066,2006,106164,2006,3482,46,2366,1070,2412,1070,9805,143,8016,1646,8159,1646,327,10,216,101,226,101
11305,서울특별시 강북구,11305,서울특별시 강북구,,2026-08-31,unit,서울,강북구,71983,329,67489,4165,67818,4165,61393,117,59154,2122,59271,2122,2593,65,1815,713,1880,713,7733,130,6382,1221,6512,1221,264,17,138,109,155,109
11320,서울특별시 도봉구,11320,서울특별시 도봉구,,2026-08-31,unit,서울,도봉구,92776,276,85122,7378,85398,7378,79973,91,75317,4565,75408,4565,2604,48,1946,610,1994,610,9827,125,7648,2054,7773,2054,372,12,211,149,223,149
11350,서울특별시 노원구,11350,서울특별시 노원구,,2026-08-31,unit,서울,노원구,148686,306,139793,8587,140099,8587,133220,78,127545,5597,127623,5597,3502,50,2742,710,2792,710,11423,167,9213,2043,9380,2043,541,11,293,237,304,237
11380,서울특별시 은평구,11380,서울특별시 은평구,,2026-08-31,unit,서울,은평구,132241,290,124860,7091,125150,7091,117048,89,112793,4166,112882,4166,3279,44,2486,749,2530,749,11512,141,9366,2005,9507,2005,402,16,215,171,231,171
11410,서울특별시 서대문구,11410,서울특별시 서대문구,,2026-08-31,unit,서울,서대문구,90614,488,84420,5706,84908,5706,80812,239,77114,3459,77353,3459,2225,103,1725,397,1828,397,7307,136,5431,1740,5567,1740,270,10,150,110,160,110
11440,서울특별시 마포구,11440,서울특별시 마포구,,2026-08-31,unit,서울,마포구,120271,343,112338,7590,112681,7590,104864,95,100882,3887,100977,3887,2742,54,2142,546,2196,546,11841,173,9020,2648,9193,2648,824,21,294,509,315,509
11470,서울특별시 양천구,11470,서울특별시 양천구,,2026-08-31,unit,서울,양천구,147256,342,138194,8720,138536,8720,129983,127,125008,4848,125135,4848,3421,65,2618,738,2683,738,13156,143,10292,2721,10435,2721,696,7,276,413,283,413
11500,서울특별시 강서구,11500,서울특별시 강서구,,2026-08-31,unit,서울,강서구,202217,353,184922,16942,185275,16942,176663,135,165580,10948,165715,10948,5067,43,3634,1390,3677,1390,19730,157,15227,4346,15384,4346,757,18,481,258,499,258
11530,서울특별시 구로구,11530,서울특별시 구로구,,2026-08-31,unit,서울,구로구,139100,304,130008,8788,130312,8788,118961,110,113394,5457,113504,5457,3835,62,3263,510,3325,510,15834,127,13044,2663,13171,2663,470,5,307,158,312,158
11545,서울특별시 금천구,11545,서울특별시 금천구,,2026-08-31,unit,서울,금천구,89295,177,83602,5516,83779,5516,74038,57,71124,2857,71181,2857,2623,32,2157,434,2189,434,12335,75,10120,2140,10195,2140,299,13,201,85,214,85
11560,서울특별시 영등포구,11560,서울특별시 영등포구,,2026-08-31,unit,서울,영등포구,141763,381,133444,7938,133825,7938,120499,128,117600,2771,117728,2771,3357,58,3097,202,3155,202,16752,178,12289,4285,12467,4285,1155,17,458,680,475,680
11590,서울특별시 동작구,11590,서울특별시 동작구,,2026-08-31,unit,서울,동작구,104840,317,101882,2641,102199,2641,95142,124,93758,1260,93882,1260,2063,43,1889,131,1932,131,7280,134,6071,1075,6205,1075,355,16,164,175,180,175
11620,서울특별시 관악구,11620,서울특별시 관악구,,2026-08-31,unit,서울,관악구,115329,288,109169,5872,109457,5872,101301,89,98060,3152,98149,3152,2894,45,2488,361,2533,361,10752,142,8419,2191,8561,2191,382,12,202,168,214,168
11650,서울특별시 서초구,11650,서울특별시 서초구,,2026-08-31,unit,서울,서초구,178848,502,170430,7916,170932,7916,160476,169,157293,3014,157462,3014,3483,139,2704,640,2843,640,14405,180,10143,4082,10323,4082,484,14,290,180,304,180
11680,서울특별시 강남구,11680,서울특별시 강남구,,2026-08-31,unit,서울,강남구,249202,421,234927,13854,235348,13854,228896,155,217600,11141,217755,11141,4196,58,3584,554,3642,554,15547,192,13344,2011,13536,2011,563,16,399,148,415,148
11710,서울특별시 송파구,11710,서울특별시 송파구,,2026-08-31,unit,서울,송파구,242998,404,227711,14883,228115,14883,216173,128,208026,8019,208154,8019,5163,100,3531,1532,3631,1532,20852,157,15724,4971,15881,4971,810,19,430,361,449,361
11740,서울특별시 강동구,11740,서울특별시 강동구,,2026-08-31,unit,서울,강동구,168836,308,160241,8287,160549,8287,150363,109,145321,4933,145430,4933,3529,41,2890,598,2931,598,14459,150,11749,2560,11899,2560,485,8,281,196,289,196
12110,전남광주통합특별시 목포시,12110,전남광주통합특별시 목포시,,2026-08-31,unit,전남광주,목포시,101447,410,95742,5295,96152,5295,83081,130,80728,2223,80858,2223,2843,115,2313,415,2428,415,14812,154,12346,2312,12500,2312,711,11,355,345,366,345
12130,전남광주통합특별시 여수시,12130,전남광주통합특별시 여수시,,2026-08-31,unit,전남광주,여수시,146348,575,138471,7302,139046,7302,116284,208,113890,2186,114098,2186,3718,150,2831,737,2981,737,25045,199,21294,3552,21493,3552,1301,18,456,827,474,827
12150,전남광주통합특별시 순천시,12150,전남광주통합특별시 순천시,,2026-08-31,unit,전남광주,순천시,158884,530,152586,5768,153116,5768,129028,182,126905,1941,127087,1941,3438,124,2713,601,2837,601,24942,199,22457,2286,22656,2286,1476,25,511,940,536,940
12170,전남광주통합특별시 나주시,12170,전남광주통합특별시 나주시,,2026-08-31,unit,전남광주,나주시,76093,512,72490,3091,73002,3091,55770,151,54825,794,54976,794,2203,117,1743,343,1860,343,17443,224,15529,1690,15753,1690,677,20,393,264,413,264
12190,전남광주통합특별시 광양시,12190,전남광주통합특별시 광양시,,2026-08-31,unit,전남광주,광양시,104943,264,98505,6174,98769,6174,81943,92,81207,644,81299,644,2328,69,1967,292,2036,292,18381,88,14779,3514,14867,3514,2291,15,552,1724,567,1724
12210,전남광주통합특별시 동구,12210,전남광주통합특별시 동구,,2026-08-31,unit,전남광주,동구,48836,263,47557,1016,47820,1016,43076,97,42571,408,42668,408,999,54,822,123,876,123,4534,101,4024,409,4125,409,227,11,140,76,151,76
12240,전남광주통합특별시 서구,12240,전남광주통합특별시 서구,,2026-08-31,unit,전남광주,서구,151963,705,145238,6020,145943,6020,131616,308,127555,3753,127863,3753,3180,150,2704,326,2854,326,16506,225,14553,1728,14778,1728,661,22,426,213,448,213
12270,전남광주통합특별시 남구,12270,전남광주통합특별시 남구,,2026-08-31,unit,전남광주,남구,96923,249,94175,2499,94424,2499,84881,97,83917,867,84014,867,2189,51,1686,452,1737,452,9420,90,8318,1012,8408,1012,433,11,254,168,265,168
12300,전남광주통합특별시 북구,12300,전남광주통합특별시 북구,,2026-08-31,unit,전남광주,북구,211313,623,201639,9051,202262,9051,179610,190,175377,4043,175567,4043,4526,195,3430,901,3625,901,26013,220,22200,3593,22420,3593,1164,18,632,514,650,514
12330,전남광주통합특별시 광산구,12330,전남광주통합특별시 광산구,,2026-08-31,unit,전남광주,광산구,219966,622,205728,13616,206350,13616,179529,252,175059,4218,175311,4218,4383,144,3789,450,3933,450,34272,196,26073,8003,26269,8003,1782,30,807,945,837,945
12710,전남광주통합특별시 담양군,12710,전남광주통합특별시 담양군,,2026-08-31,unit,전남광주,담양군,31364,221,29349,1794,29570,1794,21054,81,20661,312,20742,312,992,47,673,272,720,272,9001,78,7865,1058,7943,1058,317,15,150,152,165,152
12720,전남광주통합특별시 곡성군,12720,전남광주통합특별시 곡성군,,2026-08-31,unit,전남광주,곡성군,18387,188,17552,647,17740,647,12029,69,11849,111,11918,111,486,38,394,54,432,54,5732,75,5245,412,5320,412,140,6,64,70,70,70
12730,전남광주통합특별시 구례군,12730,전남광주통합특별시 구례군,,2026-08-31,unit,전남광주,구례군,15009,185,14427,397,14612,397,10236,62,10017,157,10079,157,458,40,364,54,404,54,4217,78,3968,171,4046,171,98,5,78,15,83,15
12740,전남광주통합특별시 고흥군,12740,전남광주통합특별시 고흥군,,2026-08-31,unit,전남광주,고흥군,36818,342,35932,544,36274,544,22220,112,21948,160,22060,160,1126,77,963,86,1040,86,13278,141,12877,260,13018,260,194,12,144,38,156,38
12750,전남광주통합특별시 보성군,12750,전남광주통합특별시 보성군,,2026-08-31,unit,전남광주,보성군,25287,252,24401,634,24653,634,15644,83,15402,159,15485,159,828,49,714,65,763,65,8644,104,8183,357,8287,357,171,16,102,53,118,53
12760,전남광주통합특별시 화순군,12760,전남광주통합특별시 화순군,,2026-08-31,unit,전남광주,화순군,37760,266,35475,2019,35741,2019,27098,97,26489,512,26586,512,1676,51,830,795,881,795,8677,108,8001,568,8109,568,309,10,155,144,165,144
12770,전남광주통합특별시 장흥군,12770,전남광주통합특별시 장흥군,,2026-08-31,unit,전남광주,장흥군,22447,276,21764,407,22040,407,14167,93,13999,75,14092,75,634,70,517,47,587,47,7526,105,7163,258,7268,258,120,8,85,27,93,27
12780,전남광주통합특별시 강진군,12780,전남광주통합특별시 강진군,,2026-08-31,unit,전남광주,강진군,21245,269,19953,1023,20222,1023,13052,88,12819,145,12907,145,586,62,438,86,500,86,7466,107,6606,753,6713,753,141,12,90,39,102,39
12790,전남광주통합특별시 해남군,12790,전남광주통합특별시 해남군,,2026-08-31,unit,전남광주,해남군,158421,345,43437,114639,43782,114639,139582,113,25865,113604,25978,113604,2394,77,1571,746,1648,746,16254,144,15863,247,16007,247,191,11,138,42,149,42
12800,전남광주통합특별시 영암군,12800,전남광주통합특별시 영암군,,2026-08-31,unit,전남광주,영암군,39422,290,38031,1101,38321,1101,25419,95,25240,84,25335,84,1258,64,1110,84,1174,84,12375,117,11466,792,11583,792,370,14,215,141,229,141
12810,전남광주통합특별시 무안군,12810,전남광주통합특별시 무안군,,2026-08-31,unit,전남광주,무안군,59845,660,57861,1324,58521,1324,44568,277,44130,161,44407,161,1665,194,1408,63,1602,63,13227,166,12102,959,12268,959,385,23,221,141,244,141
12820,전남광주통합특별시 함평군,12820,전남광주통합특별시 함평군,,2026-08-31,unit,전남광주,함평군,26517,231,20173,6113,20404,6113,18754,77,12917,5760,12994,5760,645,47,477,121,524,121,6984,93,6685,206,6778,206,134,14,94,26,108,26
12830,전남광주통합특별시 영광군,12830,전남광주통합특별시 영광군,,2026-08-31,unit,전남광주,영광군,33951,249,32703,999,32952,999,23811,82,23419,310,23501,310,857,44,701,112,745,112,9084,115,8449,520,8564,520,199,8,134,57,142,57
12840,전남광주통합특별시 장성군,12840,전남광주통합특별시 장성군,,2026-08-31,unit,전남광주,장성군,31290,225,29814,1251,30039,1251,20903,85,20667,151,20752,151,798,47,666,85,713,85,9349,88,8336,925,8424,925,240,5,145,90,150,90
12850,전남광주통합특별시 완도군,12850,전남광주통합특별시 완도군,,2026-08-31,unit,전남광주,완도군,27914,325,27082,507,27407,507,16922,141,16618,163,16759,163,820,54,649,117,703,117,10029,119,9708,202,9827,202,143,11,107,25,118,25
12860,전남광주통합특별시 진도군,12860,전남광주통합특별시 진도군,,2026-08-31,unit,전남광주,진도군,19307,236,18738,333,18974,333,11913,81,11737,95,11818,95,593,45,487,61,532,61,6692,101,6439,152,6540,152,109,9,75,25,84,25
12870,전남광주통합특별시 신안군,12870,전남광주통합특별시 신안군,,2026-08-31,unit,전남광주,신안군,150067,426,27511,122130,27937,122130,136468,137,16824,119507,16961,119507,2951,69,659,2223,728,2223,10461,215,9872,374,10087,374,187,5,156,26,161,26
26110,부산광역시 중구,26110,부산광역시 중구,,2026-08-31,unit,부산,중구,45241,311,37756,7174,38067,7174,35764,163,35478,123,35641,123,509,61,442,6,503,6,7138,73,1734,5331,1807,5331,1830,14,102,1714,116,1714
26140,부산광역시 서구,26140,부산광역시 서구,,2026-08-31,unit,부산,서구,32170,139,30697,1334,30836,1334,26763,68,26335,360,26403,360,822,30,774,18,804,18,4434,41,3518,875,3559,875,151,0,70,81,70,81
26170,부산광역시 동구,26170,부산광역시 동구,,2026-08-31,unit,부산,동구,53235,200,48520,4515,48720,4515,45388,87,44269,1032,44356,1032,968,46,736,186,782,186,5747,62,3426,2259,3488,2259,1132,5,89,1038,94,1038
26200,부산광역시 영도구,26200,부산광역시 영도구,,2026-08-31,unit,부산,영도구,33138,233,30838,2067,31071,2067,27468,92,26055,1321,26147,1321,1214,50,849,315,899,315,4339,83,3880,376,3963,376,117,8,54,55,62,55
26230,부산광역시 부산진구,26230,부산광역시 부산진구,,2026-08-31,unit,부산,부산진구,137299,381,131149,5769,131530,5769,118392,139,116055,2198,116194,2198,2908,65,2399,444,2464,444,15204,167,12486,2551,12653,2551,795,10,209,576,219,576
26260,부산광역시 동래구,26260,부산광역시 동래구,,2026-08-31,unit,부산,동래구,103411,171,99199,4041,99370,4041,89645,77,87758,1810,87835,1810,2069,27,1715,327,1742,327,11190,65,9498,1627,9563,1627,507,2,228,277,230,277
26290,부산광역시 남구,26290,부산광역시 남구,,2026-08-31,unit,부산,남구,148621,213,106865,41543,107078,41543,130840,99,95827,34914,95926,34914,2550,53,1899,598,1952,598,13399,57,8796,4546,8853,4546,1832,4,343,1485,347,1485
26320,부산광역시 북구,26320,부산광역시 북구,,2026-08-31,unit,부산,북구,103439,314,99520,3605,99834,3605,87770,149,86149,1472,86298,1472,2227,49,1860,318,1909,318,12971,105,11306,1560,11411,1560,471,11,205,255,216,255
26350,부산광역시 해운대구,26350,부산광역시 해운대구,,2026-08-31,unit,부산,해운대구,163952,330,158760,4862,159090,4862,145801,140,143720,1941,143860,1941,2826,57,2530,239,2587,239,14504,124,12165,2215,12289,2215,821,9,345,467,354,467
26380,부산광역시 사하구,26380,부산광역시 사하구,,2026-08-31,unit,부산,사하구,112019,278,105776,5965,106054,5965,94377,115,90834,3428,90949,3428,2685,50,2366,269,2416,269,14448,104,12340,2004,12444,2004,509,9,236,264,245,264
26410,부산광역시 금정구,26410,부산광역시 금정구,,2026-08-31,unit,부산,금정구,82847,279,75704,6864,75983,6864,67030,104,64571,2355,64675,2355,2811,61,1801,949,1862,949,12194,102,9131,2961,9233,2961,812,12,201,599,213,599
26440,부산광역시 강서구,26440,부산광역시 강서구,,2026-08-31,unit,부산,강서구,99983,353,93953,5677,94306,5677,77599,128,75669,1802,75797,1802,2005,84,1502,419,1586,419,19239,131,16317,2791,16448,2791,1140,10,465,665,475,665
26470,부산광역시 연제구,26470,부산광역시 연제구,,2026-08-31,unit,부산,연제구,167690,1057,128778,37855,129835,37855,152602,361,118269,33972,118630,33972,2887,484,1579,824,2063,824,11255,181,8723,2351,8904,2351,946,31,207,708,238,708
26500,부산광역시 수영구,26500,부산광역시 수영구,,2026-08-31,unit,부산,수영구,124034,220,65660,58154,65880,58154,115189,87,59041,56061,59128,56061,1919,40,1280,599,1320,599,6441,81,5195,1165,5276,1165,485,12,144,329,156,329
26530,부산광역시 사상구,26530,부산광역시 사상구,,2026-08-31,unit,부산,사상구,86815,261,81344,5210,81605,5210,68042,103,65553,2386,65656,2386,2108,52,1855,201,1907,201,16094,98,13689,2307,13787,2307,571,8,247,316,255,316
26710,부산광역시 기장군,26710,부산광역시 기장군,,2026-08-31,unit,부산,기장군,93028,267,89667,3094,89934,3094,77781,81,76839,861,76920,861,2431,47,1847,537,1894,537,12259,126,10711,1422,10837,1422,557,13,270,274,283,274
27110,대구광역시 중구,27110,대구광역시 중구,,2026-08-31,unit,대구,중구,57043,329,54773,1941,55102,1941,50742,93,49546,1103,49639,1103,1333,68,950,315,1018,315,4815,151,4171,493,4322,493,153,17,106,30,123,30
27140,대구광역시 동구,27140,대구광역시 동구,,2026-08-31,unit,대구,동구,175086,376,165377,9333,165753,9333,147375,119,143097,4159,143216,4159,3725,89,2916,720,3005,720,22937,157,18847,3933,19004,3933,1049,11,517,521,528,521
27170,대구광역시 서구,27170,대구광역시 서구,,2026-08-31,unit,대구,서구,78846,266,73617,4963,73883,4963,64564,95,61330,3139,61425,3139,1707,40,1481,186,1521,186,12270,122,10623,1525,10745,1525,305,9,183,113,192,113
27200,대구광역시 남구,27200,대구광역시 남구,,2026-08-31,unit,대구,남구,60512,452,58428,1632,58880,1632,52080,138,51006,936,51144,936,1500,231,1159,110,1390,110,6728,80,6118,530,6198,530,204,3,145,56,148,56
27230,대구광역시 북구,27230,대구광역시 북구,,2026-08-31,unit,대구,북구,209324,546,200725,8053,201271,8053,172284,171,169646,2467,169817,2467,4029,120,3261,648,3381,648,31925,226,27206,4493,27432,4493,1086,29,612,445,641,445
27260,대구광역시 수성구,27260,대구광역시 수성구,,2026-08-31,unit,대구,수성구,218473,609,212734,5130,213343,5130,197728,204,194576,2948,194780,2948,3521,180,2731,610,2911,610,16512,211,14900,1401,15111,1401,712,14,527,171,541,171
27290,대구광역시 달서구,27290,대구광역시 달서구,,2026-08-31,unit,대구,달서구,306074,524,270762,34788,271286,34788,265902,214,237664,28024,237878,28024,5010,115,4166,729,4281,729,33871,179,28268,5424,28447,5424,1291,16,664,611,680,611
27710,대구광역시 달성군,27710,대구광역시 달성군,,2026-08-31,unit,대구,달성군,145175,636,139451,5088,140087,5088,118862,134,117228,1500,117362,1500,3151,117,2538,496,2655,496,22357,313,19237,2807,19550,2807,805,72,448,285,520,285
27720,대구광역시 군위군,27720,대구광역시 군위군,,2026-08-31,unit,대구,군위군,16456,141,16056,259,16197,259,10434,47,10321,66,10368,66,412,36,355,21,391,21,5520,55,5312,153,5367,153,90,3,68,19,71,19
28125,인천광역시 제물포구,28125,인천광역시 제물포구,,2026-08-31,unit,인천,제물포구,55856,356,40515,14985,40871,14985,38204,142,33204,4858,33346,4858,1907,111,1132,664,1243,664,13719,93,5907,7719,6000,7719,2026,10,272,1744,282,1744
28155,인천광역시 영종구,28155,인천광역시 영종구,,2026-08-31,unit,인천,영종구,68580,397,66736,1447,67133,1447,61900,163,61305,432,61468,432,1452,103,1059,290,1162,290,5007,121,4208,678,4329,678,221,10,164,47,174,47
28177,인천광역시 미추홀구,28177,인천광역시 미추홀구,,2026-08-31,unit,인천,미추홀구,182579,440,164435,17704,164875,17704,155423,193,143777,11453,143970,11453,3715,91,3562,62,3653,62,22106,136,16628,5342,16764,5342,1335,20,468,847,488,847
28185,인천광역시 연수구,28185,인천광역시 연수구,,2026-08-31,unit,인천,연수구,239755,413,233070,6272,233483,6272,219201,167,217516,1518,217683,1518,3352,93,2770,489,2863,489,16199,139,12339,3721,12478,3721,1003,14,445,544,459,544
28200,인천광역시 남동구,28200,인천광역시 남동구,,2026-08-31,unit,인천,남동구,283083,1000,255014,27069,256014,27069,245749,352,223203,22194,223555,22194,5507,454,4313,740,4767,740,30696,165,26884,3647,27049,3647,1131,29,614,488,643,488
28237,인천광역시 부평구,28237,인천광역시 부평구,,2026-08-31,unit,인천,부평구,236209,336,210652,25221,210988,25221,208731,144,187682,20905,187826,20905,4723,79,3755,889,3834,889,21993,104,18756,3133,18860,3133,762,9,459,294,468,294
28245,인천광역시 계양구,28245,인천광역시 계양구,,2026-08-31,unit,인천,계양구,199387,300,113341,85746,113641,85746,175857,111,94528,81218,94639,81218,4109,59,2748,1302,2807,1302,18726,113,15722,2891,15835,2891,695,17,343,335,360,335
28275,인천광역시 서해구,28275,인천광역시 서해구,,2026-08-31,unit,인천,서해구,206072,392,195372,10308,195764,10308,176909,168,172194,4547,172362,4547,4191,68,3290,833,3358,833,23835,138,19338,4359,19476,4359,1137,18,550,569,568,569
28290,인천광역시 검단구,28290,인천광역시 검단구,,2026-08-31,unit,인천,검단구,125153,123,121315,3715,121438,3715,108503,52,107378,1073,107430,1073,2480,16,1913,551,1929,551,13682,46,11740,1896,11786,1896,488,9,284,195,293,195
28710,인천광역시 강화군,28710,인천광역시 강화군,,2026-08-31,unit,인천,강화군,43792,379,40411,3002,40790,3002,30245,152,28231,1862,28383,1862,1328,53,1011,264,1064,264,11816,163,10869,784,11032,784,403,11,300,92,311,92
28720,인천광역시 옹진군,28720,인천광역시 옹진군,,2026-08-31,unit,인천,옹진군,105676,254,34188,71234,34442,71234,87110,75,17008,70027,17083,70027,1795,50,607,1138,657,1138,16606,126,16425,55,16551,55,165,3,148,14,151,14
30110,대전광역시 동구,30110,대전광역시 동구,,2026-08-31,unit,대전,동구,99703,264,93920,5519,94184,5519,82331,93,79092,3146,79185,3146,2560,57,2044,459,2101,459,14256,100,12463,1693,12563,1693,556,14,321,221,335,221
30140,대전광역시 중구,30140,대전광역시 중구,,2026-08-31,unit,대전,중구,104097,238,98711,5148,98949,5148,87056,104,84650,2302,84754,2302,2594,50,2129,415,2179,415,13861,76,11615,2170,11691,2170,586,8,317,261,325,261
30170,대전광역시 서구,30170,대전광역시 서구,,2026-08-31,unit,대전,서구,244776,897,212325,31554,213222,31554,218571,339,190049,28183,190388,28183,4404,316,3616,472,3932,472,20744,208,18104,2432,18312,2432,1057,34,556,467,590,467
30200,대전광역시 유성구,30200,대전광역시 유성구,,2026-08-31,unit,대전,유성구,207585,691,201563,5331,202254,5331,185124,127,182768,2229,182895,2229,3225,94,2776,355,2870,355,18218,442,15340,2436,15782,2436,1018,28,679,311,707,311
30230,대전광역시 대덕구,30230,대전광역시 대덕구,,2026-08-31,unit,대전,대덕구,94213,246,87126,6841,87372,6841,73791,86,71758,1947,71844,1947,2359,41,1769,549,1810,549,17241,109,13230,3902,13339,3902,822,10,369,443,379,443
31110,울산광역시 중구,31110,울산광역시 중구,,2026-08-31,unit,울산,중구,105911,363,102863,2685,103226,2685,92513,162,91194,1157,91356,1157,2073,105,1671,297,1776,297,10765,89,9718,958,9807,958,560,7,280,273,287,273
31140,울산광역시 남구,31140,울산광역시 남구,,2026-08-31,unit,울산,남구,168340,814,160265,7261,161079,7261,144723,347,141625,2751,141972,2751,3216,200,2449,567,2649,567,19387,247,15813,3327,16060,3327,1014,20,378,616,398,616
31170,울산광역시 동구,31170,울산광역시 동구,,2026-08-31,unit,울산,동구,66078,200,64589,1289,64789,1289,59576,73,58753,750,58826,750,1250,42,1061,147,1103,147,5026,78,4618,330,4696,330,226,7,157,62,164,62
31200,울산광역시 북구,31200,울산광역시 북구,,2026-08-31,unit,울산,북구,128940,236,124774,3930,125010,3930,113046,98,111389,1559,111487,1559,2201,37,1833,331,1870,331,13006,91,11242,1673,11333,1673,687,10,310,367,320,367
31710,울산광역시 울주군,31710,울산광역시 울주군,,2026-08-31,unit,울산,울주군,143816,452,136156,7208,136608,7208,113491,177,112093,1221,112270,1221,3174,93,2401,680,2494,680,25590,167,21160,4263,21327,4263,1561,15,502,1044,517,1044
36110,세종특별자치시,36110,세종특별자치시,,2026-08-31,unit,세종,세종특별자치시,205764,1108,198200,6456,199308,6456,184103,362,180113,3628,180475,3628,3651,231,2776,644,3007,644,16943,272,14655,2016,14927,2016,1067,243,656,168,899,168
41111,경기도 수원시 장안구,41111,경기도 수원시 장안구,,2026-08-31,unit,경기,수원시 장안구,112824,565,108856,3403,109421,3403,99638,315,98241,1082,98556,1082,2581,134,2368,79,2502,79,10200,98,7982,2120,8080,2120,405,18,265,122,283,122
41113,경기도 수원시 권선구,41113,경기도 수원시 권선구,,2026-08-31,unit,경기,수원시 권선구,228294,449,216793,11052,217242,11052,197963,102,192400,5461,192502,5461,6064,156,4023,1885,4179,1885,23071,164,19739,3168,19903,3168,1196,27,631,538,658,538
41115,경기도 수원시 팔달구,41115,경기도 수원시 팔달구,,2026-08-31,unit,경기,수원시 팔달구,99399,400,82500,16499,82900,16499,88668,193,74204,14271,74397,14271,2203,97,2015,91,2112,91,8249,94,6118,2037,6212,2037,279,16,163,100,179,100
41117,경기도 수원시 영통구,41117,경기도 수원시 영통구,,2026-08-31,unit,경기,수원시 영통구,158627,427,154288,3912,154715,3912,148231,259,145754,2218,146013,2218,2057,103,1785,169,1888,169,7951,63,6486,1402,6549,1402,388,2,263,123,265,123
41131,경기도 성남시 수정구,41131,경기도 성남시 수정구,,2026-08-31,unit,경기,성남시 수정구,87209,317,82914,3978,83231,3978,75808,171,73628,2009,73799,2009,2128,63,1834,231,1897,231,8937,80,7275,1582,7355,1582,336,3,177,156,180,156
41133,경기도 성남시 중원구,41133,경기도 성남시 중원구,,2026-08-31,unit,경기,성남시 중원구,76330,395,71595,4340,71990,4340,63907,220,61399,2288,61619,2288,2122,54,1760,308,1814,308,9950,101,8248,1601,8349,1601,351,20,188,143,208,143
41135,경기도 성남시 분당구,41135,경기도 성남시 분당구,,2026-08-31,unit,경기,성남시 분당구,196867,368,189030,7469,189398,7469,183467,206,179319,3942,179525,3942,3577,53,2101,1423,2154,1423,9312,101,7246,1965,7347,1965,511,8,364,139,372,139
41150,경기도 의정부시,41150,경기도 의정부시,,2026-08-31,unit,경기,의정부시,182843,769,176366,5708,177135,5708,156551,300,154449,1802,154749,1802,4546,240,3858,448,4098,448,20885,200,17491,3194,17691,3194,861,29,568,264,597,264
41171,경기도 안양시 만안구,41171,경기도 안양시 만안구,,2026-08-31,unit,경기,안양시 만안구,92462,166,88198,4098,88364,4098,78730,95,77229,1406,77324,1406,2843,29,1876,938,1905,938,10543,42,8877,1624,8919,1624,346,0,216,130,216,130
41173,경기도 안양시 동안구,41173,경기도 안양시 동안구,,2026-08-31,unit,경기,안양시 동안구,139094,416,132436,6242,132852,6242,122814,172,120565,2077,120737,2077,2411,104,1780,527,1884,527,13284,130,9680,3474,9810,3474,585,10,411,164,421,164
41192,경기도 부천시 원미구,41192,경기도 부천시 원미구,,2026-08-31,unit,경기,부천시 원미구,153207,522,145887,6798,146409,6798,130299,200,127473,2626,127673,2626,3791,146,3051,594,3197,594,18513,152,14977,3384,15129,3384,604,24,386,194,410,194
41194,경기도 부천시 소사구,41194,경기도 부천시 소사구,,2026-08-31,unit,경기,부천시 소사구,85460,103,82719,2638,82822,2638,73964,47,72847,1070,72894,1070,1945,18,1818,109,1836,109,9187,37,7860,1290,7897,1290,364,1,194,169,195,169
41196,경기도 부천시 오정구,41196,경기도 부천시 오정구,,2026-08-31,unit,경기,부천시 오정구,66249,108,62257,3884,62365,3884,52761,40,51206,1515,51246,1515,2029,30,1593,406,1623,406,11102,35,9269,1798,9304,1798,357,3,189,165,192,165
41210,경기도 광명시,41210,경기도 광명시,,2026-08-31,unit,경기,광명시,117455,339,112489,4627,112828,4627,101932,152,100177,1603,100329,1603,2563,63,2089,411,2152,411,12491,113,9981,2397,10094,2397,469,11,242,216,253,216
41220,경기도 평택시,41220,경기도 평택시,,2026-08-31,unit,경기,평택시,368892,836,352836,15220,353672,15220,312656,403,308332,3921,308735,3921,9319,150,6922,2247,7072,2247,44811,258,36463,8090,36721,8090,2106,25,1119,962,1144,962
41250,경기도 동두천시,41250,경기도 동두천시,,2026-08-31,unit,경기,동두천시,40348,236,38659,1453,38895,1453,32920,104,32182,634,32286,634,1199,41,1083,75,1124,75,6042,80,5267,695,5347,695,187,11,127,49,138,49
41271,경기도 안산시 상록구,41271,경기도 안산시 상록구,,2026-08-31,unit,경기,안산시 상록구,149355,160,143453,5742,143613,5742,123983,80,121929,1974,122009,1974,4040,42,3348,650,3390,650,20506,35,17698,2773,17733,2773,826,3,478,345,481,345
41273,경기도 안산시 단원구,41273,경기도 안산시 단원구,,2026-08-31,unit,경기,안산시 단원구,191432,596,166345,24491,166941,24491,158042,225,138809,19008,139034,19008,5575,132,4310,1133,4442,1133,27013,226,22750,4037,22976,4037,802,13,476,313,489,313
41281,경기도 고양시 덕양구,41281,경기도 고양시 덕양구,,2026-08-31,unit,경기,고양시 덕양구,201752,698,195716,5338,196414,5338,175549,323,173369,1857,173692,1857,4093,152,3460,481,3612,481,21389,201,18407,2781,18608,2781,721,22,480,219,502,219
41285,경기도 고양시 일산동구,41285,경기도 고양시 일산동구,,2026-08-31,unit,경기,고양시 일산동구,139851,281,133287,6283,133568,6283,121284,112,117780,3392,117892,3392,2799,77,2125,597,2202,597,15190,78,12984,2128,13062,2128,578,14,398,166,412,166
41287,경기도 고양시 일산서구,41287,경기도 고양시 일산서구,,2026-08-31,unit,경기,고양시 일산서구,119284,133,114640,4511,114773,4511,106074,76,103703,2295,103779,2295,2433,20,1856,557,1876,557,10394,35,8851,1508,8886,1508,383,2,230,151,232,151
41290,경기도 과천시,41290,경기도 과천시,,2026-08-31,unit,경기,과천시,33960,696,32247,1017,32943,1017,30529,457,29753,319,30210,319,611,97,471,43,568,43,2696,127,1930,639,2057,639,124,15,93,16,108,16
41310,경기도 구리시,41310,경기도 구리시,,2026-08-31,unit,경기,구리시,75958,280,72485,3193,72765,3193,64105,106,62810,1189,62916,1189,1687,64,1345,278,1409,278,9803,98,8122,1583,8220,1583,363,12,208,143,220,143
41360,경기도 남양주시,41360,경기도 남양주시,,2026-08-31,unit,경기,남양주시,332071,835,320681,10555,321516,10555,274314,399,271747,2168,272146,2168,7325,180,6131,1014,6311,1014,48755,226,41653,6876,41879,6876,1677,30,1150,497,1180,497
41370,경기도 오산시,41370,경기도 오산시,,2026-08-31,unit,경기,오산시,135064,240,129872,4952,130112,4952,117802,106,116285,1411,116391,1411,3115,58,2492,565,2550,565,13593,66,10738,2789,10804,2789,554,10,357,187,367,187
41390,경기도 시흥시,41390,경기도 시흥시,,2026-08-31,unit,경기,시흥시,282610,466,272418,9726,272884,9726,232001,185,229449,2367,229634,2367,6152,102,5589,461,5691,461,43152,155,36614,6383,36769,6383,1305,24,766,515,790,515
41410,경기도 군포시,41410,경기도 군포시,,2026-08-31,unit,경기,군포시,101657,303,96419,4935,96722,4935,86822,129,85866,827,85995,827,1996,74,1750,172,1824,172,12385,88,8601,3696,8689,3696,454,12,202,240,214,240
41430,경기도 의왕시,41430,경기도 의왕시,,2026-08-31,unit,경기,의왕시,74882,304,71636,2942,71940,2942,65304,123,64769,412,64892,412,1368,89,1081,198,1170,198,7729,84,5609,2036,5693,2036,481,8,177,296,185,296
41450,경기도 하남시,41450,경기도 하남시,,2026-08-31,unit,경기,하남시,145638,453,141217,3968,141670,3968,125234,209,124015,1010,124224,1010,2590,82,2146,362,2228,362,17297,151,14712,2434,14863,2434,517,11,344,162,355,162
41461,경기도 용인시 처인구,41461,경기도 용인시 처인구,,2026-08-31,unit,경기,용인시 처인구,167686,834,158242,8610,159076,8610,134362,447,132206,1709,132653,1709,5253,137,3463,1653,3600,1653,26768,231,21776,4761,22007,4761,1303,19,797,487,816,487
41463,경기도 용인시 기흥구,41463,경기도 용인시 기흥구,,2026-08-31,unit,경기,용인시 기흥구,210925,150,201856,8919,202006,8919,191194,51,187036,4107,187087,4107,3853,39,2933,881,2972,881,14956,46,11357,3553,11403,3553,922,14,530,378,544,378
41465,경기도 용인시 수지구,41465,경기도 용인시 수지구,,2026-08-31,unit,경기,용인시 수지구,152229,59,149888,2282,149947,2282,144344,24,143493,827,143517,827,1621,14,1535,72,1549,72,5999,21,4639,1339,4660,1339,265,0,221,44,221,44
41480,경기도 파주시,41480,경기도 파주시,,2026-08-31,unit,경기,파주시,276082,606,264079,11397,264685,11397,229425,320,226922,2183,227242,2183,7419,92,4907,2420,4999,2420,38165,170,31500,6495,31670,6495,1073,24,750,299,774,299
41500,경기도 이천시,41500,경기도 이천시,,2026-08-31,unit,경기,이천시,136536,459,129364,6713,129823,6713,108012,225,106911,876,107136,876,3981,86,2898,997,2984,997,23431,133,19011,4287,19144,4287,1112,15,544,553,559,553
41550,경기도 안성시,41550,경기도 안성시,,2026-08-31,unit,경기,안성시,127951,421,122608,4922,123029,4922,100217,181,99292,744,99473,744,3438,89,2759,590,2848,590,22993,135,19572,3286,19707,3286,1303,16,985,302,1001,302
41570,경기도 김포시,41570,경기도 김포시,,2026-08-31,unit,경기,김포시,249460,595,238709,10156,239304,10156,206656,273,203167,3216,203440,3216,6065,103,4307,1655,4410,1655,35307,209,30463,4635,30672,4635,1432,10,772,650,782,650
41591,경기도 화성시 만세구,41591,경기도 화성시 만세구,,2026-08-31,unit,경기,화성시 만세구,180335,610,173900,5825,174510,5825,136088,243,135130,715,135373,715,4464,111,3496,857,3607,857,38710,195,34593,3922,34788,3922,1073,61,681,331,742,331
41593,경기도 화성시 효행구,41593,경기도 화성시 효행구,,2026-08-31,unit,경기,화성시 효행구,97017,169,94037,2811,94206,2811,78659,59,78154,446,78213,446,2247,66,1688,493,1754,493,15597,32,13852,1713,13884,1713,514,12,343,159,355,159
41595,경기도 화성시 병점구,41595,경기도 화성시 병점구,,2026-08-31,unit,경기,화성시 병점구,87129,94,83623,3412,83717,3412,75841,47,74934,860,74981,860,2651,15,1352,1284,1367,1284,8302,28,7117,1157,7145,1157,335,4,220,111,224,111
41597,경기도 화성시 동탄구,41597,경기도 화성시 동탄구,,2026-08-31,unit,경기,화성시 동탄구,204399,153,201581,2665,201734,2665,191356,84,190907,365,190991,365,2394,24,2103,267,2127,267,10038,45,8067,1926,8112,1926,611,0,504,107,504,107
41610,경기도 광주시,41610,경기도 광주시,,2026-08-31,unit,경기,광주시,221164,446,211474,9244,211920,9244,177578,217,176484,877,176701,877,6602,89,4223,2290,4312,2290,35817,123,29990,5704,30113,5704,1167,17,777,373,794,373
41630,경기도 양주시,41630,경기도 양주시,,2026-08-31,unit,경기,양주시,153054,480,147852,4722,148332,4722,124754,201,123784,769,123985,769,4060,90,3388,582,3478,582,23414,176,20130,3108,20306,3108,826,13,550,263,563,263
41650,경기도 포천시,41650,경기도 포천시,,2026-08-31,unit,경기,포천시,99410,462,91412,7536,91874,7536,72011,201,67791,4019,67992,4019,3256,79,2410,767,2489,767,23359,163,20801,2395,20964,2395,784,19,410,355,429,355
41670,경기도 여주시,41670,경기도 여주시,,2026-08-31,unit,경기,여주시,78825,480,70916,7429,71396,7429,54986,183,54447,356,54630,356,2570,84,1840,646,1924,646,20547,204,14275,6068,14479,6068,722,9,354,359,363,359
41800,경기도 연천군,41800,경기도 연천군,,2026-08-31,unit,경기,연천군,34035,324,26779,6932,27103,6932,21551,97,19419,2035,19516,2035,1014,67,660,287,727,287,10823,152,6549,4122,6701,4122,647,8,151,488,159,488
41820,경기도 가평군,41820,경기도 가평군,,2026-08-31,unit,경기,가평군,34791,437,33755,599,34192,599,26365,175,26030,160,26205,160,1203,77,977,149,1054,149,7001,160,6601,240,6761,240,222,25,147,50,172,50
41830,경기도 양평군,41830,경기도 양평군,,2026-08-31,unit,경기,양평군,71301,607,68751,1943,69358,1943,55563,243,54878,442,55121,442,2089,90,1488,511,1578,511,13245,263,12071,911,12334,911,404,11,314,79,325,79
43111,충청북도 청주시 상당구,43111,충청북도 청주시 상당구,,2026-08-31,unit,충북,청주시 상당구,105222,531,101833,2858,102364,2858,89064,222,87760,1082,87982,1082,2323,100,1890,333,1990,333,13138,187,11775,1176,11962,1176,697,22,408,267,430,267
43112,충청북도 청주시 서원구,43112,충청북도 청주시 서원구,,2026-08-31,unit,충북,청주시 서원구,102011,274,97342,4395,97616,4395,86018,74,84490,1454,84564,1454,2758,127,1794,837,1921,837,12646,67,10706,1873,10773,1873,589,6,352,231,358,231
43113,충청북도 청주시 흥덕구,43113,충청북도 청주시 흥덕구,,2026-08-31,unit,충북,청주시 흥덕구,165111,380,157546,7185,157926,7185,142146,136,138460,3550,138596,3550,3501,88,2673,740,2761,740,18465,143,15812,2510,15955,2510,999,13,601,385,614,385
43114,충청북도 청주시 청원구,43114,충청북도 청주시 청원구,,2026-08-31,unit,충북,청주시 청원구,114747,436,108741,5570,109177,5570,94575,185,91748,2642,91933,2642,2810,112,2087,611,2199,611,16706,132,14460,2114,14592,2114,656,7,446,203,453,203
43130,충청북도 충주시,43130,충청북도 충주시,,2026-08-31,unit,충북,충주시,124165,650,119756,3759,120406,3759,98455,217,96970,1268,97187,1268,3105,141,2563,401,2704,401,21786,259,19721,1806,19980,1806,819,33,502,284,535,284
43150,충청북도 제천시,43150,충청북도 제천시,,2026-08-31,unit,충북,제천시,75334,366,71628,3340,71994,3340,56842,113,56034,695,56147,695,1809,78,1545,186,1623,186,15448,161,13666,1621,13827,1621,1235,14,383,838,397,838
43720,충청북도 보은군,43720,충청북도 보은군,,2026-08-31,unit,충북,보은군,21765,278,20827,660,21105,660,13671,77,13485,109,13562,109,706,57,563,86,620,86,7238,123,6692,423,6815,423,150,21,87,42,108,42
43730,충청북도 옥천군,43730,충청북도 옥천군,,2026-08-31,unit,충북,옥천군,32647,233,31353,1061,31586,1061,22620,80,22319,221,22399,221,915,55,762,98,817,98,8854,87,8114,653,8201,653,258,11,158,89,169,89
43740,충청북도 영동군,43740,충청북도 영동군,,2026-08-31,unit,충북,영동군,27890,294,27166,430,27460,430,18365,100,18152,113,18252,113,779,59,626,94,685,94,8585,120,8283,182,8403,182,161,15,105,41,120,41
43745,충청북도 증평군,43745,충청북도 증평군,,2026-08-31,unit,충북,증평군,22495,102,21563,830,21665,830,17991,36,17787,168,17823,168,551,24,491,36,515,36,3819,33,3206,580,3239,580,134,9,79,46,88,46
43750,충청북도 진천군,43750,충청북도 진천군,,2026-08-31,unit,충북,진천군,58971,235,57171,1565,57406,1565,46670,77,46324,269,46401,269,1456,61,1304,91,1365,91,10506,88,9295,1123,9383,1123,339,9,248,82,257,82
43760,충청북도 괴산군,43760,충청북도 괴산군,,2026-08-31,unit,충북,괴산군,26241,243,25500,498,25743,498,16911,83,16692,136,16775,136,813,55,701,57,756,57,8357,93,7988,276,8081,276,160,12,119,29,131,29
43770,충청북도 음성군,43770,충청북도 음성군,,2026-08-31,unit,충북,음성군,71642,287,69189,2166,69476,2166,53250,89,52844,317,52933,317,2238,68,1999,171,2067,171,15719,113,14071,1535,14184,1535,435,17,275,143,292,143
43800,충청북도 단양군,43800,충청북도 단양군,,2026-08-31,unit,충북,단양군,17639,248,16581,810,16829,810,11401,72,11229,100,11301,100,544,50,415,79,465,79,5362,118,4844,400,4962,400,332,8,93,231,101,231
44131,충청남도 천안시 동남구,44131,충청남도 천안시 동남구,,2026-08-31,unit,충남,천안시 동남구,152907,316,146329,6262,146645,6262,125198,112,122934,2152,123046,2152,4112,59,3348,705,3407,705,22514,129,19368,3017,19497,3017,1083,16,679,388,695,388
44133,충청남도 천안시 서북구,44133,충청남도 천안시 서북구,,2026-08-31,unit,충남,천안시 서북구,219288,566,213209,5513,213775,5513,189621,168,187891,1562,188059,1562,4924,154,3862,908,4016,908,23703,223,20759,2721,20982,2721,1040,21,697,322,718,322
44150,충청남도 공주시,44150,충청남도 공주시,,2026-08-31,unit,충남,공주시,60659,648,57504,2507,58152,2507,44602,241,43046,1315,43287,1315,1906,121,1396,389,1517,389,13743,253,12820,670,13073,670,408,33,242,133,275,133
44180,충청남도 보령시,44180,충청남도 보령시,,2026-08-31,unit,충남,보령시,56654,432,54815,1407,55247,1407,41310,143,40584,583,40727,583,1510,67,1262,181,1329,181,13469,186,12766,517,12952,517,365,36,203,126,239,126
44200,충청남도 아산시,44200,충청남도 아산시,,2026-08-31,unit,충남,아산시,220062,602,212923,6537,213525,6537,185684,222,183642,1820,183864,1820,4782,126,4136,520,4262,520,28414,200,24372,3842,24572,3842,1182,54,773,355,827,355
44210,충청남도 서산시,44210,충청남도 서산시,,2026-08-31,unit,충남,서산시,108666,470,104506,3690,104976,3690,83822,193,82791,838,82984,838,2815,86,2235,494,2321,494,21118,166,19030,1922,19196,1922,911,25,450,436,475,436
44230,충청남도 논산시,44230,충청남도 논산시,,2026-08-31,unit,충남,논산시,66634,422,63886,2326,64308,2326,47522,160,46500,862,46660,862,2298,88,1883,327,1971,327,16426,147,15240,1039,15387,1039,388,27,263,98,290,98
44250,충청남도 계룡시,44250,충청남도 계룡시,,2026-08-31,unit,충남,계룡시,27380,191,26516,673,26707,673,23855,81,23711,63,23792,63,649,37,509,103,546,103,2731,63,2197,471,2260,471,145,10,99,36,109,36
44270,충청남도 당진시,44270,충청남도 당진시,,2026-08-31,unit,충남,당진시,116565,420,111745,4400,112165,4400,90470,145,89427,898,89572,898,2650,73,2229,348,2302,348,22107,187,19555,2365,19742,2365,1338,15,534,789,549,789
44710,충청남도 금산군,44710,충청남도 금산군,,2026-08-31,unit,충남,금산군,35976,224,30971,4781,31195,4781,25262,79,21294,3889,21373,3889,1173,41,906,226,947,226,9304,94,8622,588,8716,588,237,10,149,78,159,78
44760,충청남도 부여군,44760,충청남도 부여군,,2026-08-31,unit,충남,부여군,37165,368,35841,956,36209,956,23762,110,23469,183,23579,183,1368,78,969,321,1047,321,11832,162,11276,394,11438,394,203,18,127,58,145,58
44770,충청남도 서천군,44770,충청남도 서천군,,2026-08-31,unit,충남,서천군,29335,244,28321,770,28565,770,20081,82,19857,142,19939,142,784,40,631,113,671,113,8265,105,7726,434,7831,434,205,17,107,81,124,81
44790,충청남도 청양군,44790,충청남도 청양군,,2026-08-31,unit,충남,청양군,19982,305,18963,714,19268,714,12507,95,12350,62,12445,62,536,62,413,61,475,61,6767,129,6114,524,6243,524,172,19,86,67,105,67
44800,충청남도 홍성군,44800,충청남도 홍성군,,2026-08-31,unit,충남,홍성군,61999,437,59952,1610,60389,1610,46649,175,46016,458,46191,458,1594,94,1281,219,1375,219,13350,139,12403,808,12542,808,406,29,252,125,281,125
44810,충청남도 예산군,44810,충청남도 예산군,,2026-08-31,unit,충남,예산군,51087,469,49136,1482,49605,1482,36544,161,36103,280,36264,280,1698,112,1276,310,1388,310,12481,181,11532,768,11713,768,364,15,225,124,240,124
44825,충청남도 태안군,44825,충청남도 태안군,,2026-08-31,unit,충남,태안군,37914,350,36968,596,37318,596,25283,92,25017,174,25109,174,1069,46,905,118,951,118,11347,193,10897,257,11090,257,215,19,149,47,168,47
47111,경상북도 포항시 남구,47111,경상북도 포항시 남구,,2026-08-31,unit,경북,포항시 남구,130682,453,122409,7820,122862,7820,103402,151,101814,1437,101965,1437,3445,74,2633,738,2707,738,21689,215,17480,3994,17695,3994,2146,13,482,1651,495,1651
47113,경상북도 포항시 북구,47113,경상북도 포항시 북구,,2026-08-31,unit,경북,포항시 북구,161441,403,157194,3844,157597,3844,138070,167,135824,2079,135991,2079,3133,93,2695,345,2788,345,19424,113,18182,1129,18295,1129,814,30,493,291,523,291
47130,경상북도 경주시,47130,경상북도 경주시,,2026-08-31,unit,경북,경주시,157574,597,152464,4513,153061,4513,124429,227,122633,1569,122860,1569,4035,133,3387,515,3520,515,28114,219,25839,2056,26058,2056,996,18,605,373,623,373
47150,경상북도 김천시,47150,경상북도 김천시,,2026-08-31,unit,경북,김천시,82416,427,79734,2255,80161,2255,60537,161,59778,598,59939,598,2175,79,1817,279,1896,279,19239,172,17874,1193,18046,1193,465,15,265,185,280,185
47170,경상북도 안동시,47170,경상북도 안동시,,2026-08-31,unit,경북,안동시,92283,836,88761,2686,89597,2686,67989,317,66772,900,67089,900,2502,209,1994,299,2203,299,21124,262,19609,1253,19871,1253,668,48,386,234,434,234
47190,경상북도 구미시,47190,경상북도 구미시,,2026-08-31,unit,경북,구미시,236391,557,228578,7256,229135,7256,200247,204,197659,2384,197863,2384,5415,102,4496,817,4598,817,29487,228,25683,3576,25911,3576,1242,23,740,479,763,479
47210,경상북도 영주시,47210,경상북도 영주시,,2026-08-31,unit,경북,영주시,60300,376,58450,1474,58826,1474,42633,123,42055,455,42178,455,1672,75,1462,135,1537,135,15554,151,14671,732,14822,732,441,27,262,152,289,152
47230,경상북도 영천시,47230,경상북도 영천시,,2026-08-31,unit,경북,영천시,65682,400,62801,2481,63201,2481,45349,144,44861,344,45005,344,1941,80,1627,234,1707,234,17735,157,16047,1531,16204,1531,657,19,266,372,285,372
47250,경상북도 상주시,47250,경상북도 상주시,,2026-08-31,unit,경북,상주시,59068,432,56754,1882,57186,1882,38235,129,37734,372,37863,372,1850,79,1490,281,1569,281,18565,207,17303,1055,17510,1055,418,17,227,174,244,174
47280,경상북도 문경시,47280,경상북도 문경시,,2026-08-31,unit,경북,문경시,40314,291,39143,880,39434,880,27957,97,27495,365,27592,365,1286,53,1115,118,1168,118,10799,128,10371,300,10499,300,272,13,162,97,175,97
47290,경상북도 경산시,47290,경상북도 경산시,,2026-08-31,unit,경북,경산시,151264,392,146315,4557,146707,4557,122063,155,120993,915,121148,915,3270,91,2785,394,2876,394,25050,129,22071,2850,22200,2850,881,17,466,398,483,398
47730,경상북도 의성군,47730,경상북도 의성군,,2026-08-31,unit,경북,의성군,35247,309,33801,1137,34110,1137,20563,87,20391,85,20478,85,954,66,812,76,878,76,13494,145,12472,877,12617,877,236,11,126,99,137,99
47750,경상북도 청송군,47750,경상북도 청송군,,2026-08-31,unit,경북,청송군,18479,221,18042,216,18263,216,11296,60,11199,37,11259,37,587,60,482,45,542,45,6498,88,6290,120,6378,120,98,13,71,14,84,14
47760,경상북도 영양군,47760,경상북도 영양군,,2026-08-31,unit,경북,영양군,11485,178,11183,124,11361,124,6861,65,6760,36,6825,36,333,34,272,27,306,27,4233,71,4107,55,4178,55,58,8,44,6,52,6
47770,경상북도 영덕군,47770,경상북도 영덕군,,2026-08-31,unit,경북,영덕군,20799,268,20222,309,20490,309,13627,74,13466,87,13540,87,679,47,578,54,625,54,6356,127,6091,138,6218,138,137,20,87,30,107,30
47820,경상북도 청도군,47820,경상북도 청도군,,2026-08-31,unit,경북,청도군,28279,230,27036,1013,27266,1013,18551,80,18316,155,18396,155,686,42,592,52,634,52,8740,92,8018,630,8110,630,302,16,110,176,126,176
47830,경상북도 고령군,47830,경상북도 고령군,,2026-08-31,unit,경북,고령군,23077,186,22054,837,22240,837,14838,61,14742,35,14803,35,689,31,603,55,634,55,7388,76,6620,692,6696,692,162,18,89,55,107,55
47840,경상북도 성주군,47840,경상북도 성주군,,2026-08-31,unit,경북,성주군,34496,222,33035,1239,33257,1239,20812,76,20642,94,20718,94,833,41,757,35,798,35,12536,87,11479,970,11566,970,315,18,157,140,175,140
47850,경상북도 칠곡군,47850,경상북도 칠곡군,,2026-08-31,unit,경북,칠곡군,73647,294,70717,2636,71011,2636,56270,110,55864,296,55974,296,2059,59,1652,348,1711,348,14721,111,12921,1689,13032,1689,597,14,280,303,294,303
47900,경상북도 예천군,47900,경상북도 예천군,,2026-08-31,unit,경북,예천군,33903,300,33082,521,33382,521,23887,112,23601,174,23713,174,826,59,681,86,740,86,8991,109,8671,211,8780,211,199,20,129,50,149,50
47920,경상북도 봉화군,47920,경상북도 봉화군,,2026-08-31,unit,경북,봉화군,19506,255,19059,192,19314,192,11545,98,11401,46,11499,46,481,50,385,46,435,46,7387,89,7213,85,7302,85,93,18,60,15,78,15
47930,경상북도 울진군,47930,경상북도 울진군,,2026-08-31,unit,경북,울진군,30047,334,29351,362,29685,362,22154,134,21913,107,22047,107,734,55,591,88,646,88,6956,121,6710,125,6831,125,203,24,137,42,161,42
47940,경상북도 울릉군,47940,경상북도 울릉군,,2026-08-31,unit,경북,울릉군,6742,147,6097,498,6244,498,4761,57,4433,271,4490,271,459,20,243,196,263,196,1482,61,1394,27,1455,27,40,9,27,4,36,4
48121,경상남도 창원시 의창구,48121,경상남도 창원시 의창구,,2026-08-31,unit,경남,창원시 의창구,213237,573,149537,63127,150110,63127,191205,263,130047,60895,130310,60895,2552,162,2033,357,2195,357,18766,128,17115,1523,17243,1523,714,20,342,352,362,352
48123,경상남도 창원시 성산구,48123,경상남도 창원시 성산구,,2026-08-31,unit,경남,창원시 성산구,173584,624,151159,21801,151783,21801,158740,253,138680,19807,138933,19807,2886,215,1859,812,2074,812,11486,140,10364,982,10504,982,472,16,256,200,272,200
48125,경상남도 창원시 마산합포구,48125,경상남도 창원시 마산합포구,,2026-08-31,unit,경남,창원시 마산합포구,105380,368,102112,2900,102480,2900,91526,152,90107,1267,90259,1267,2197,64,1665,468,1729,468,11307,137,10158,1012,10295,1012,350,15,182,153,197,153
48127,경상남도 창원시 마산회원구,48127,경상남도 창원시 마산회원구,,2026-08-31,unit,경남,창원시 마산회원구,116868,159,108770,7939,108929,7939,102157,74,96324,5759,96398,5759,2081,28,1650,403,1678,403,12158,53,10552,1553,10605,1553,472,4,244,224,248,224
48129,경상남도 창원시 진해구,48129,경상남도 창원시 진해구,,2026-08-31,unit,경남,창원시 진해구,99610,235,97002,2373,97237,2373,88260,98,87429,733,87527,733,1838,37,1650,151,1687,151,8865,88,7608,1169,7696,1169,647,12,315,320,327,320
48170,경상남도 진주시,48170,경상남도 진주시,,2026-08-31,unit,경남,진주시,182326,707,175069,6550,175776,6550,148099,223,145271,2605,145494,2605,4154,164,2902,1088,3066,1088,29054,286,26350,2418,26636,2418,1019,34,546,439,580,439
48220,경상남도 통영시,48220,경상남도 통영시,,2026-08-31,unit,경남,통영시,55441,329,53750,1362,54079,1362,44282,100,43528,654,43628,654,1789,89,1447,253,1536,253,9088,125,8587,376,8712,376,282,15,188,79,203,79
48240,경상남도 사천시,48240,경상남도 사천시,,2026-08-31,unit,경남,사천시,64055,345,62201,1509,62546,1509,50893,108,50165,620,50273,620,1607,79,1347,181,1426,181,11207,140,10474,593,10614,593,348,18,215,115,233,115
48250,경상남도 김해시,48250,경상남도 김해시,,2026-08-31,unit,경남,김해시,310847,717,301810,8320,302527,8320,256880,275,254419,2186,254694,2186,6315,152,5537,626,5689,626,46134,247,41016,4871,41263,4871,1518,43,838,637,881,637
48270,경상남도 밀양시,48270,경상남도 밀양시,,2026-08-31,unit,경남,밀양시,63867,333,59628,3906,59961,3906,45167,113,44575,479,44688,479,1540,92,1241,207,1333,207,16313,111,13576,2626,13687,2626,847,17,236,594,253,594
48310,경상남도 거제시,48310,경상남도 거제시,,2026-08-31,unit,경남,거제시,114307,373,111809,2125,112182,2125,98140,132,97044,964,97176,964,2989,78,2457,454,2535,454,12635,148,11948,539,12096,539,543,15,360,168,375,168
48330,경상남도 양산시,48330,경상남도 양산시,,2026-08-31,unit,경남,양산시,197192,461,186361,10370,186822,10370,161011,187,159805,1019,159992,1019,4570,86,3738,746,3824,746,29436,159,22141,7136,22300,7136,2175,29,677,1469,706,1469
48720,경상남도 의령군,48720,경상남도 의령군,,2026-08-31,unit,경남,의령군,16691,228,15691,772,15919,772,10832,69,10720,43,10789,43,437,53,341,43,394,43,5215,93,4563,559,4656,559,207,13,67,127,80,127
48730,경상남도 함안군,48730,경상남도 함안군,,2026-08-31,unit,경남,함안군,74729,234,45142,29353,45376,29353,62323,88,33883,28352,33971,28352,1182,55,923,204,978,204,10796,84,10147,565,10231,565,428,7,189,232,196,232
48740,경상남도 창녕군,48740,경상남도 창녕군,,2026-08-31,unit,경남,창녕군,37772,248,36797,727,37045,727,25745,68,25485,192,25553,192,1095,73,906,116,979,116,10684,97,10244,343,10341,343,248,10,162,76,172,76
48820,경상남도 고성군,48820,경상남도 고성군,,2026-08-31,unit,경남,고성군,28861,232,28083,546,28315,546,20121,63,19885,173,19948,173,806,65,650,91,715,91,7703,93,7395,215,7488,215,231,11,153,67,164,67
48840,경상남도 남해군,48840,경상남도 남해군,,2026-08-31,unit,경남,남해군,23130,298,22409,423,22707,423,15742,98,15505,139,15603,139,671,54,514,103,568,103,6599,137,6310,152,6447,152,118,9,80,29,89,29
48850,경상남도 하동군,48850,경상남도 하동군,,2026-08-31,unit,경남,하동군,25556,265,24903,388,25168,388,16619,58,16478,83,16536,83,609,73,490,46,563,46,8121,117,7832,172,7949,172,207,17,103,87,120,87
48860,경상남도 산청군,48860,경상남도 산청군,,2026-08-31,unit,경남,산청군,23145,265,22156,724,22421,724,14377,94,14229,54,14323,54,561,60,447,54,507,54,7891,100,7326,465,7426,465,316,11,154,151,165,151
48870,경상남도 함양군,48870,경상남도 함양군,,2026-08-31,unit,경남,함양군,47573,246,24317,23010,24563,23010,39502,68,16781,22653,16849,22653,688,50,450,188,500,188,7245,110,6996,139,7106,139,138,18,90,30,108,30
48880,경상남도 거창군,48880,경상남도 거창군,,2026-08-31,unit,경남,거창군,36699,296,35613,790,35909,790,25669,107,25391,171,25498,171,1057,69,801,187,870,187,9683,104,9325,254,9429,254,290,16,96,178,112,178
48890,경상남도 합천군,48890,경상남도 합천군,,2026-08-31,unit,경남,합천군,26035,306,25048,681,25354,681,16401,89,16163,149,16252,149,659,57,532,70,589,70,8799,145,8258,396,8403,396,176,15,95,66,110,66
50110,제주특별자치도 제주시,50110,제주특별자치도 제주시,,2026-08-31,unit,제주,제주시,622437,1715,326114,294608,327829,294608,542186,622,257637,283927,258259,283927,13253,349,6489,6415,6838,6415,65198,703,60776,3719,61479,3719,1800,41,1212,547,1253,547
50130,제주특별자치도 서귀포시,50130,제주특별자치도 서귀포시,,2026-08-31,unit,제주,서귀포시,110017,772,107347,1898,108119,1898,78894,246,77725,923,77971,923,2891,132,2619,140,2751,140,27783,345,26747,691,27092,691,449,49,256,144,305,144
51110,강원특별자치도 춘천시,51110,강원특별자치도 춘천시,,2026-08-31,unit,강원,춘천시,152353,906,145312,6135,146218,6135,126364,348,123721,2295,124069,2295,3701,259,2826,616,3085,616,21288,266,18208,2814,18474,2814,1000,33,557,410,590,410
51130,강원특별자치도 원주시,51130,강원특별자치도 원주시,,2026-08-31,unit,강원,원주시,203753,658,197379,5716,198037,5716,169175,236,166404,2535,166640,2535,4516,158,3878,480,4036,480,28883,232,26311,2340,26543,2340,1179,32,786,361,818,361
51150,강원특별자치도 강릉시,51150,강원특별자치도 강릉시,,2026-08-31,unit,강원,강릉시,120598,628,115619,4351,116247,4351,97552,183,95262,2107,95445,2107,2882,135,2261,486,2396,486,19296,263,17659,1374,17922,1374,868,47,437,384,484,384
51170,강원특별자치도 동해시,51170,강원특별자치도 동해시,,2026-08-31,unit,강원,동해시,49982,346,48063,1573,48409,1573,40754,129,39917,708,40046,708,1325,81,1084,160,1165,160,7514,125,6869,520,6994,520,389,11,193,185,204,185
51190,강원특별자치도 태백시,51190,강원특별자치도 태백시,,2026-08-31,unit,강원,태백시,20941,269,20018,654,20287,654,16483,75,16066,342,16141,342,719,54,544,121,598,121,3551,122,3288,141,3410,141,188,18,120,50,138,50
51210,강원특별자치도 속초시,51210,강원특별자치도 속초시,,2026-08-31,unit,강원,속초시,42233,334,40568,1331,40902,1331,35171,118,34267,786,34385,786,1194,87,973,134,1060,134,5617,119,5173,325,5292,325,251,10,155,86,165,86
51230,강원특별자치도 삼척시,51230,강원특별자치도 삼척시,,2026-08-31,unit,강원,삼척시,35475,417,34236,822,34653,822,27281,123,26691,467,26814,467,918,96,703,119,799,119,7053,184,6679,190,6863,190,223,14,163,46,177,46
51720,강원특별자치도 홍천군,51720,강원특별자치도 홍천군,,2026-08-31,unit,강원,홍천군,43182,465,41636,1081,42101,1081,29165,141,28729,295,28870,295,1428,113,1049,266,1162,266,12312,184,11674,454,11858,454,277,27,184,66,211,66
51730,강원특별자치도 횡성군,51730,강원특별자치도 횡성군,,2026-08-31,unit,강원,횡성군,30818,293,29587,938,29880,938,20576,89,19966,521,20055,521,927,64,768,95,832,95,9102,127,8703,272,8830,272,213,13,150,50,163,50
51750,강원특별자치도 영월군,51750,강원특별자치도 영월군,,2026-08-31,unit,강원,영월군,22771,355,22014,402,22369,402,15405,134,15123,148,15257,148,698,80,561,57,641,57,6464,126,6200,138,6326,138,204,15,130,59,145,59
51760,강원특별자치도 평창군,51760,강원특별자치도 평창군,,2026-08-31,unit,강원,평창군,28182,336,27380,466,27716,466,18289,111,17969,209,18080,209,822,76,671,75,747,75,8890,123,8633,134,8756,134,181,26,107,48,133,48
51770,강원특별자치도 정선군,51770,강원특별자치도 정선군,,2026-08-31,unit,강원,정선군,23601,391,22722,488,23113,488,16205,117,15872,216,15989,216,669,100,491,78,591,78,6530,145,6226,159,6371,159,197,29,133,35,162,35
51780,강원특별자치도 철원군,51780,강원특별자치도 철원군,,2026-08-31,unit,강원,철원군,25829,289,25140,400,25429,400,17707,60,17460,187,17520,187,700,68,580,52,648,52,7280,142,6999,139,7141,139,142,19,101,22,120,22
51790,강원특별자치도 화천군,51790,강원특별자치도 화천군,,2026-08-31,unit,강원,화천군,14374,232,13986,156,14218,156,10473,60,10362,51,10422,51,351,61,256,34,317,34,3456,101,3308,47,3409,47,94,10,60,24,70,24
51800,강원특별자치도 양구군,51800,강원특별자치도 양구군,,2026-08-31,unit,강원,양구군,13240,237,12830,173,13067,173,9265,56,9145,64,9201,64,354,53,268,33,321,33,3538,117,3364,57,3481,57,83,11,53,19,64,19
51810,강원특별자치도 인제군,51810,강원특별자치도 인제군,,2026-08-31,unit,강원,인제군,20992,251,20455,286,20706,286,15084,58,14944,82,15002,82,515,52,406,57,458,57,5252,126,5009,117,5135,117,141,15,96,30,111,30
51820,강원특별자치도 고성군,51820,강원특별자치도 고성군,,2026-08-31,unit,강원,고성군,17408,212,16910,286,17122,286,12633,59,12461,113,12520,113,477,41,400,36,441,36,4192,106,3979,107,4085,107,106,6,70,30,76,30
51830,강원특별자치도 양양군,51830,강원특별자치도 양양군,,2026-08-31,unit,강원,양양군,17818,235,17270,313,17505,313,13006,48,12763,195,12811,195,430,36,367,27,403,27,4254,134,4051,69,4185,69,128,17,89,22,106,22
52111,전북특별자치도 전주시 완산구,52111,전북특별자치도 전주시 완산구,,2026-08-31,unit,전북,전주시 완산구,159393,797,154185,4411,154982,4411,138057,348,135701,2008,136049,2008,3456,219,2689,548,2908,548,17211,209,15401,1601,15610,1601,669,21,394,254,415,254
52113,전북특별자치도 전주시 덕진구,52113,전북특별자치도 전주시 덕진구,,2026-08-31,unit,전북,전주시 덕진구,178252,450,170866,6936,171316,6936,151735,190,148564,2981,148754,2981,4044,96,3033,915,3129,915,21447,151,18662,2634,18813,2634,1026,13,607,406,620,406
52130,전북특별자치도 군산시,52130,전북특별자치도 군산시,,2026-08-31,unit,전북,군산시,148702,569,141706,6427,142275,6427,121406,212,119307,1887,119519,1887,3287,122,2659,506,2781,506,22715,213,19181,3321,19394,3321,1294,22,559,713,581,713
52140,전북특별자치도 익산시,52140,전북특별자치도 익산시,,2026-08-31,unit,전북,익산시,152366,571,145943,5852,146514,5852,119937,207,117934,1796,118141,1796,4090,133,3476,481,3609,481,27385,213,24024,3148,24237,3148,954,18,509,427,527,427
52180,전북특별자치도 정읍시,52180,전북특별자치도 정읍시,,2026-08-31,unit,전북,정읍시,61551,390,59290,1871,59680,1871,43401,113,42660,628,42773,628,1751,105,1449,197,1554,197,15982,161,14900,921,15061,921,417,11,281,125,292,125
52190,전북특별자치도 남원시,52190,전북특별자치도 남원시,,2026-08-31,unit,전북,남원시,45251,455,43731,1065,44186,1065,30616,135,30108,373,30243,373,1318,108,1051,159,1159,159,13018,187,12373,458,12560,458,299,25,199,75,224,75
52210,전북특별자치도 김제시,52210,전북특별자치도 김제시,,2026-08-31,unit,전북,김제시,54479,348,52266,1865,52614,1865,37179,130,36556,493,36686,493,1607,60,1398,149,1458,149,15235,150,14018,1067,14168,1067,458,8,294,156,302,156
52710,전북특별자치도 완주군,52710,전북특별자치도 완주군,,2026-08-31,unit,전북,완주군,67181,493,63407,3281,63900,3281,49556,135,49198,223,49333,223,1980,110,1458,412,1568,412,15116,219,12478,2419,12697,2419,529,29,273,227,302,227
52720,전북특별자치도 진안군,52720,전북특별자치도 진안군,,2026-08-31,unit,전북,진안군,16530,297,15954,279,16251,279,10602,115,10418,69,10533,69,532,51,387,94,438,94,5294,113,5081,100,5194,100,102,18,68,16,86,16
52730,전북특별자치도 무주군,52730,전북특별자치도 무주군,,2026-08-31,unit,전북,무주군,15295,226,14679,390,14905,390,9819,73,9689,57,9762,57,526,39,437,50,476,50,4850,104,4501,245,4605,245,100,10,52,38,62,38
52740,전북특별자치도 장수군,52740,전북특별자치도 장수군,,2026-08-31,unit,전북,장수군,13907,239,13497,171,13736,171,8719,76,8611,32,8687,32,368,41,307,20,348,20,4733,115,4522,96,4637,96,87,7,57,23,64,23
52750,전북특별자치도 임실군,52750,전북특별자치도 임실군,,2026-08-31,unit,전북,임실군,16251,275,15559,417,15834,417,10298,83,10161,54,10244,54,505,60,380,65,440,65,5348,121,4952,275,5073,275,100,11,66,23,77,23
52770,전북특별자치도 순창군,52770,전북특별자치도 순창군,,2026-08-31,unit,전북,순창군,17840,242,17406,192,17648,192,11756,73,11598,85,11671,85,444,58,366,20,424,20,5558,101,5392,65,5493,65,82,10,50,22,60,22
52790,전북특별자치도 고창군,52790,전북특별자치도 고창군,,2026-08-31,unit,전북,고창군,33830,359,32848,623,33207,623,21082,123,20799,160,20922,160,1361,65,1203,93,1268,93,11179,156,10716,307,10872,307,208,15,130,63,145,63
52800,전북특별자치도 부안군,52800,전북특별자치도 부안군,,2026-08-31,unit,전북,부안군,29953,321,29031,601,29352,601,19691,101,19422,168,19523,168,907,63,730,114,793,114,9162,142,8754,266,8896,266,193,15,125,53,140,53
28110,인천광역시 중구,28110,인천광역시 중구,residual_legacy_code: vehicles still recorded under abolished 인천 중구(28110) after the 2026-07-01 split into 제물포구(28125)/영종구(28155); NOT a subtotal; no 1:1 successor,2026-08-31,residual,인천,중구,4874,79,3661,1134,3740,1134,2864,42,2503,319,2545,319,263,17,154,92,171,92,1642,17,974,651,991,651,105,3,30,72,33,72
28140,인천광역시 동구,28140,인천광역시 동구,residual_legacy_code: vehicles still recorded under abolished 인천 동구(28140) after the 2026-07-01 merger into 제물포구(28125); NOT a subtotal; no 1:1 successor,2026-08-31,residual,인천,동구,2661,13,1746,902,1759,902,1223,0,925,298,925,298,198,9,137,52,146,52,1119,4,668,447,672,447,121,0,16,105,16,105
28260,인천광역시 서구,28260,인천광역시 서구,residual_legacy_code: vehicles still recorded under abolished 인천 서구(28260) after the 2026-07-01 split into 서해구(28275)/검단구(28290); NOT a subtotal; no 1:1 successor,2026-08-31,residual,인천,서구,8016,51,6573,1392,6624,1392,4397,13,3564,820,3577,820,511,18,376,117,394,117,3050,15,2605,430,2620,430,58,5,28,25,33,25
41190,경기도 부천시,41190,경기도 부천시,residual_parent_si: vehicles recorded at 부천시 level without 일반구 (일반구 41192/41194/41196 since 2024-01-01); NOT the 시 total,2026-08-31,residual,경기,부천시,287,4,267,16,271,16,104,4,99,1,103,1,48,0,38,10,38,10,134,0,130,4,130,4,1,0,0,1,0,1
41590,경기도 화성시,41590,경기도 화성시,residual_parent_si: vehicles recorded at 화성시 level without 일반구 (일반구 41591/41593/41595/41597 since 2026-02-01); NOT the 시 total,2026-08-31,residual,경기,화성시,3928,10,3733,185,3743,185,1987,1,1901,85,1902,85,330,1,296,33,297,33,1584,7,1521,56,1528,56,27,1,15,11,16,11
43710,충청북도 청원군,43710,충청북도 청원군,"residual_legacy_code: 청원군(43710) abolished 2014-07-01 (merged into 청주시 43110, now 4 일반구); source still lists vehicles under it; NOT a subtotal",2026-08-31,residual,충북,청원군,19,1,18,0,19,0,9,1,8,0,9,0,2,0,2,0,2,0,8,0,8,0,8,0,0,0,0,0,0,0
47720,경상북도 군위군,47720,경상북도 군위군,residual_legacy_code: vehicles still recorded under 경북 군위군(47720) after the 2023-07-01 transfer to 대구 군위군(27720); geographically part of 27720; NOT a subtotal,2026-08-31,residual,경북,군위군,36,0,34,2,34,2,17,0,15,2,15,2,4,0,4,0,4,0,15,0,15,0,15,0,0,0,0,0,0,0
