sido_cd,sido_nm,sido_cd_ref,sido_nm_ref,map_note,year,src_code,src_sido,daily_km_all_total_total,daily_km_all_total_gasoline,daily_km_all_total_diesel,daily_km_all_total_lpg,daily_km_all_total_other,daily_km_all_passenger_car_total,daily_km_all_passenger_car_gasoline,daily_km_all_passenger_car_diesel,daily_km_all_passenger_car_lpg,daily_km_all_passenger_car_other,daily_km_all_van_bus_total,daily_km_all_van_bus_gasoline,daily_km_all_van_bus_diesel,daily_km_all_van_bus_lpg,daily_km_all_van_bus_other,daily_km_all_truck_total,daily_km_all_truck_gasoline,daily_km_all_truck_diesel,daily_km_all_truck_lpg,daily_km_all_truck_other,daily_km_all_special_total,daily_km_all_special_gasoline,daily_km_all_special_diesel,daily_km_all_special_lpg,daily_km_all_special_other,daily_km_nonbiz_total_total,daily_km_nonbiz_total_gasoline,daily_km_nonbiz_total_diesel,daily_km_nonbiz_total_lpg,daily_km_nonbiz_total_other,daily_km_nonbiz_passenger_car_total,daily_km_nonbiz_passenger_car_gasoline,daily_km_nonbiz_passenger_car_diesel,daily_km_nonbiz_passenger_car_lpg,daily_km_nonbiz_passenger_car_other,daily_km_nonbiz_van_bus_total,daily_km_nonbiz_van_bus_gasoline,daily_km_nonbiz_van_bus_diesel,daily_km_nonbiz_van_bus_lpg,daily_km_nonbiz_van_bus_other,daily_km_nonbiz_truck_total,daily_km_nonbiz_truck_gasoline,daily_km_nonbiz_truck_diesel,daily_km_nonbiz_truck_lpg,daily_km_nonbiz_truck_other,daily_km_nonbiz_special_total,daily_km_nonbiz_special_gasoline,daily_km_nonbiz_special_diesel,daily_km_nonbiz_special_lpg,daily_km_nonbiz_special_other,daily_km_biz_total_total,daily_km_biz_total_gasoline,daily_km_biz_total_diesel,daily_km_biz_total_lpg,daily_km_biz_total_other,daily_km_biz_passenger_car_total,daily_km_biz_passenger_car_gasoline,daily_km_biz_passenger_car_diesel,daily_km_biz_passenger_car_lpg,daily_km_biz_passenger_car_other,daily_km_biz_van_bus_total,daily_km_biz_van_bus_gasoline,daily_km_biz_van_bus_diesel,daily_km_biz_van_bus_lpg,daily_km_biz_van_bus_other,daily_km_biz_truck_total,daily_km_biz_truck_gasoline,daily_km_biz_truck_diesel,daily_km_biz_truck_lpg,daily_km_biz_truck_other,daily_km_biz_special_total,daily_km_biz_special_gasoline,daily_km_biz_special_diesel,daily_km_biz_special_lpg,daily_km_biz_special_other
11,서울특별시,11,서울특별시,,2025,11,서울특별시,35.4,23.9,40.1,68.1,50.7,30.8,23.9,30.5,72.0,40.9,56.3,36.6,38.9,42.4,182.8,55.6,26.9,55.7,54.0,62.1,51.0,23.6,51.6,31.0,29.7,27.2,23.2,31.9,27.5,32.3,25.9,23.2,30.0,27.0,32.3,29.9,36.6,29.6,30.9,35.1,36.1,26.9,36.7,27.9,32.9,23.2,23.6,23.1,26.9,17.6,111.8,55.8,111.0,131.7,113.0,103.6,55.8,59.4,134.0,87.9,171.3,36.3,144.2,153.0,187.7,112.5,36.8,116.1,106.9,73.3,80.8,,81.0,47.9,82.2
26,부산광역시,26,부산광역시,,2025,21,부산광역시,40.2,28.2,47.7,56.1,55.4,34.6,28.2,35.8,58.9,48.7,53.8,38.6,39.5,33.0,200.9,52.8,29.0,53.3,37.3,55.3,172.1,10.9,173.5,30.0,25.7,30.0,25.6,34.1,30.3,37.1,28.7,25.6,33.1,29.9,37.0,31.1,32.3,30.9,32.5,30.2,36.2,29.0,36.3,32.0,43.7,25.3,10.9,25.3,28.2,10.2,86.6,45.0,119.4,117.8,81.0,63.2,45.0,56.6,118.2,67.5,149.1,51.6,101.8,65.4,204.0,133.3,,138.2,102.9,64.7,214.4,,214.5,57.5,118.4
27,대구광역시,27,대구광역시,,2025,22,대구광역시,37.4,26.5,44.4,47.2,54.4,32.3,26.5,34.9,48.7,45.8,56.0,20.9,40.7,29.9,248.3,54.6,28.8,55.1,38.4,58.4,65.3,17.2,66.1,33.8,16.7,31.0,25.9,35.7,30.6,38.3,29.5,25.9,34.6,30.6,38.1,32.3,20.6,32.7,29.8,32.7,37.7,28.8,38.0,30.4,43.6,26.0,17.2,25.8,33.7,16.7,118.6,48.7,138.8,114.3,130.0,88.7,48.7,57.3,114.6,101.2,182.1,37.9,114.7,58.1,251.9,146.8,,152.7,110.7,72.8,107.4,,107.6,35.1,
28,인천광역시,28,인천광역시,,2025,23,인천광역시,39.8,31.0,43.9,54.2,55.7,36.4,31.0,36.9,56.0,50.2,52.8,34.8,38.6,32.6,216.4,51.7,29.5,51.7,48.9,65.1,95.7,18.7,96.8,34.6,19.6,30.5,26.2,34.2,30.2,38.0,29.4,26.2,33.4,29.9,38.0,31.0,31.7,31.0,31.1,31.8,36.2,29.5,36.4,31.6,40.3,24.7,18.7,24.6,31.3,19.6,71.5,48.7,98.3,98.5,73.9,59.4,48.7,62.0,97.9,64.1,138.0,48.6,84.7,65.4,219.6,122.7,,127.6,113.7,74.5,141.5,,141.5,98.7,
29,광주광역시,29,광주광역시,merged_2026-07-01: 광주광역시+전라남도 -> 전남광주통합특별시(12); no 1:1 successor at 시도 level,2025,24,광주광역시,37.7,26.5,45.1,44.9,49.4,32.6,26.5,34.9,45.7,42.1,48.2,36.3,38.5,31.3,189.5,56.3,29.5,57.1,39.2,55.3,84.6,13.3,85.9,29.7,67.6,31.1,26.2,35.3,31.7,37.4,29.9,26.2,34.7,31.7,37.3,31.2,36.1,31.2,30.7,24.8,37.2,29.5,37.4,31.9,42.3,25.3,13.3,25.1,29.6,67.6,127.6,54.2,143.0,117.2,119.7,103.0,54.2,59.1,117.8,101.4,152.5,49.6,117.3,63.1,191.0,144.5,,150.7,105.9,64.4,136.4,,136.6,32.4,
30,대전광역시,30,대전광역시,,2025,25,대전광역시,37.1,26.6,44.3,46.5,54.8,32.3,26.5,34.5,47.6,47.2,51.9,36.3,38.5,31.7,208.5,55.9,31.7,56.6,38.5,56.0,67.8,44.3,68.5,32.6,20.9,30.1,25.6,34.6,30.8,37.2,28.9,25.5,34.0,30.8,37.1,31.8,36.4,31.9,31.0,30.6,36.4,31.7,36.6,30.5,40.9,25.4,3.4,25.4,27.6,20.9,105.7,48.5,137.2,110.7,101.1,77.0,48.5,59.3,110.4,81.7,170.1,22.3,117.2,89.2,213.0,148.6,,154.8,125.2,70.8,110.5,126.1,110.5,111.5,
31,울산광역시,31,울산광역시,,2025,26,울산광역시,35.2,26.2,41.5,49.3,51.7,30.9,26.2,33.7,52.3,42.8,53.0,31.2,41.8,29.1,242.0,46.1,26.9,46.5,31.7,49.7,107.7,,108.7,29.0,17.0,29.5,26.1,32.6,30.4,36.7,29.0,26.1,33.6,30.6,36.7,31.1,31.6,31.4,29.0,31.4,31.6,26.9,31.6,29.1,38.9,24.3,,24.2,29.0,17.0,141.3,51.4,144.0,143.6,164.5,124.3,51.4,52.8,144.6,137.8,172.4,13.7,124.3,47.0,250.3,140.9,,145.1,95.8,61.1,156.0,,156.0,,
36,세종특별자치시,36,세종특별자치시,,2025,29,세종특별자치시,37.4,29.7,43.4,40.1,52.0,34.3,29.7,38.9,40.5,43.6,64.3,26.2,44.8,37.7,243.8,51.2,33.7,51.6,34.8,63.5,42.2,9.0,43.1,24.1,28.3,33.9,29.5,37.5,36.0,42.6,33.7,29.5,38.9,36.3,42.6,34.6,26.2,34.4,37.9,23.4,35.7,33.7,35.9,29.7,40.8,20.8,9.0,20.6,24.1,28.3,140.1,60.1,144.8,127.9,170.6,87.9,60.1,58.7,129.2,84.5,206.1,,152.4,24.4,246.7,146.5,,150.8,127.5,78.9,102.3,,102.3,,
41,경기도,41,경기도,,2025,31,경기도,37.7,27.3,45.1,46.9,51.6,31.8,27.2,35.0,46.9,41.1,61.2,33.2,49.4,33.3,229.7,55.9,31.0,56.0,55.1,66.8,60.0,21.3,60.8,31.3,31.4,31.6,27.0,35.8,32.0,37.9,30.3,27.0,34.8,31.8,37.9,33.5,33.0,33.6,32.9,31.3,38.0,31.0,38.2,33.7,39.9,25.2,17.8,25.1,29.8,24.9,123.9,52.4,129.8,121.0,138.2,91.8,52.5,57.9,121.0,87.8,179.3,44.2,147.8,66.8,232.5,130.0,42.5,133.3,123.2,80.2,102.8,50.2,102.9,53.3,131.3
43,충청북도,43,충청북도,,2025,33,충청북도,37.5,28.1,42.9,44.8,51.2,33.2,28.1,36.6,46.1,46.1,55.1,32.4,51.8,34.4,206.2,43.9,31.8,44.0,35.8,54.9,100.0,11.7,101.1,37.3,35.1,31.7,27.8,34.2,33.0,40.4,31.4,27.8,36.4,33.4,40.5,34.7,32.5,34.8,33.9,22.7,32.3,31.8,32.4,28.4,39.8,26.2,13.5,25.8,36.9,35.1,131.9,52.3,151.0,112.9,118.2,91.8,52.3,60.8,112.1,104.4,174.2,19.8,164.5,70.8,218.4,144.9,,149.9,142.6,74.7,172.6,8.1,172.9,43.3,
44,충청남도,44,충청남도,,2025,34,충청남도,36.9,28.5,41.6,44.1,47.0,33.3,28.5,37.1,45.3,43.1,55.0,33.7,53.5,35.3,192.2,42.0,31.0,42.1,36.4,53.1,70.7,27.3,71.6,29.8,32.1,32.0,28.4,34.1,33.8,40.5,32.0,28.4,37.0,34.2,40.6,34.9,33.6,34.9,34.9,33.6,31.7,31.0,31.7,29.4,39.8,24.9,27.3,24.7,29.6,21.4,133.0,48.7,145.9,119.1,116.9,95.2,48.7,55.4,119.1,97.2,177.7,40.0,174.7,60.0,203.0,145.2,10.8,148.9,124.7,75.8,123.2,26.5,123.2,40.4,160.4
46,전라남도,46,전라남도,merged_2026-07-01: 광주광역시+전라남도 -> 전남광주통합특별시(12); no 1:1 successor at 시도 level,2025,36,전라남도,41.8,35.1,43.3,49.1,57.4,41.1,35.1,43.6,51.3,55.5,52.6,33.1,49.9,33.4,201.8,38.9,31.1,39.0,31.0,50.1,115.6,11.8,116.9,32.7,19.1,31.7,28.8,32.6,33.7,40.9,32.8,28.8,37.8,34.4,40.9,34.3,32.8,34.5,33.2,29.9,29.2,31.1,29.2,27.7,42.0,22.8,11.8,22.6,32.9,9.8,72.8,50.5,101.7,93.4,67.7,59.8,50.5,63.0,93.4,64.5,119.2,36.4,107.7,41.2,224.5,163.5,,166.8,122.0,69.1,179.1,,179.5,26.2,24.9
47,경상북도,47,경상북도,,2025,37,경상북도,36.4,28.1,40.7,42.7,50.3,33.0,28.1,37.1,44.2,44.9,49.7,32.4,46.4,33.6,216.3,40.1,28.6,40.2,33.6,51.0,90.9,10.1,91.9,30.8,27.8,31.5,28.0,33.2,33.3,41.2,31.7,28.0,37.1,33.7,41.1,34.9,31.5,35.1,33.0,40.7,30.6,28.6,30.5,29.5,41.6,25.3,10.1,25.2,29.8,15.4,144.3,49.4,154.9,124.3,144.6,109.8,49.3,54.9,124.5,132.6,166.0,66.3,149.2,70.6,234.7,156.7,,161.1,131.6,74.3,146.1,,146.3,53.5,61.0
48,경상남도,48,경상남도,,2025,38,경상남도,38.0,29.7,43.0,45.6,52.9,34.6,29.7,38.1,47.8,47.3,55.2,37.6,48.8,33.0,243.2,43.9,29.8,44.1,33.2,58.1,99.6,29.9,100.6,29.1,36.3,32.1,28.2,35.0,33.2,40.6,31.5,28.1,36.6,33.7,40.5,34.7,34.4,34.9,32.7,41.3,33.6,29.8,33.7,29.7,43.6,26.3,27.9,26.2,28.3,25.8,87.5,47.4,120.3,120.1,75.8,61.5,47.4,58.0,120.6,61.2,179.3,60.9,153.8,59.6,249.2,143.5,,147.5,113.8,78.1,158.3,37.9,158.5,49.2,104.8
50,제주특별자치도,50,제주특별자치도,,2025,39,제주특별자치도,43.0,38.9,40.9,53.3,55.4,44.5,39.0,45.4,57.7,55.4,48.8,43.4,47.9,32.9,124.8,33.8,26.4,33.6,23.0,45.2,32.5,24.0,32.7,31.7,34.8,28.0,24.7,29.1,27.0,36.8,27.7,24.7,30.5,27.8,35.8,29.3,29.2,29.4,27.4,60.0,28.6,26.4,28.2,22.7,42.6,24.7,24.0,22.7,31.5,36.9,58.5,50.0,66.9,79.4,63.5,56.9,50.0,61.0,79.9,62.9,79.2,56.1,76.5,58.3,128.8,114.9,,123.9,60.6,58.8,46.8,,47.0,44.7,33.3
51,강원특별자치도,51,강원특별자치도,,2025,32,강원특별자치도,35.0,27.6,37.5,48.6,49.2,33.3,27.6,36.6,51.9,47.0,51.0,44.9,49.3,32.9,170.5,35.8,30.6,35.9,30.2,43.1,49.1,37.4,49.7,28.7,22.2,30.9,27.4,32.8,32.0,39.7,31.2,27.4,36.5,32.6,40.1,34.1,45.2,34.1,32.6,39.3,29.9,30.6,29.9,27.7,33.2,23.6,37.4,23.5,26.8,22.8,119.6,51.6,128.6,124.9,113.0,105.0,51.7,53.9,125.3,110.8,180.5,34.3,178.9,51.4,196.2,125.0,,130.1,120.7,64.7,90.2,,90.4,62.9,16.7
52,전북특별자치도,52,전북특별자치도,,2025,35,전북특별자치도,37.4,27.9,41.6,44.0,52.1,33.7,27.9,37.0,45.2,46.6,49.4,40.0,45.3,33.6,200.3,43.1,31.3,43.2,35.3,51.9,77.9,32.2,78.9,33.6,22.0,31.7,27.7,33.8,33.2,39.8,31.7,27.7,36.9,33.5,39.9,34.2,40.3,34.2,33.4,26.5,31.3,31.3,31.3,29.7,39.0,25.0,17.8,25.0,28.1,22.0,142.1,53.7,157.0,122.1,131.7,108.6,53.8,60.1,121.7,124.6,157.6,27.8,138.7,66.9,220.8,162.8,,169.3,137.7,67.8,136.6,119.0,136.7,103.7,
