sido_2025,sidonm,dong_secured,dong_short,ri_secured,ri_short,source
11,서울특별시,422,45,,,2025년 대중교통 현황조사 - 대중교통 시설 및 수단 <표 3-19><표 3-20>
26,부산광역시,155,32,57,5,같음
27,대구광역시,152,43,138,49,같음
28,인천광역시,112,24,67,55,같음
29,광주광역시,161,41,,,같음
30,대전광역시,144,33,,,같음
31,울산광역시,64,8,97,21,같음
36,세종특별자치시,20,3,100,17,같음
41,경기도,547,60,1026,372,같음
51,강원특별자치도,124,55,618,526,같음
43,충청북도,105,31,834,547,같음
44,충청남도,106,18,1445,526,같음
52,전북특별자치도,187,64,1039,425,같음
46,전라남도,122,70,1595,957,같음
47,경상북도,235,60,1752,940,같음
48,경상남도,247,103,1240,592,같음
50,제주특별자치도,59,3,117,5,같음
